timestamp,details-v1-b788479c5-bbg6t_cpu,productpage-v1-7fb564989f-6ghmt_cpu,productpage-v1-7fb564989f-hm9g2_cpu,ratings-v1-5b6b66f9b5-n4ddg_cpu,reviews-v1-7b76c4f45d-x9mxc_cpu,reviews-v3-5fd56449d8-tv4wp_cpu,reviews-v2-6ccf99c555-fqvhb_cpu,details-v1-b788479c5-bbg6t_memory,productpage-v1-7fb564989f-6ghmt_memory,productpage-v1-7fb564989f-hm9g2_memory,ratings-v1-5b6b66f9b5-n4ddg_memory,reviews-v1-7b76c4f45d-x9mxc_memory,reviews-v3-5fd56449d8-tv4wp_memory,reviews-v2-6ccf99c555-fqvhb_memory,reviews-v1-7b76c4f45d-x9mxc_network,details-v1-b788479c5-bbg6t_network,reviews-v2-6ccf99c555-fqvhb_network,ratings-v1-5b6b66f9b5-n4ddg_network,productpage-v1-7fb564989f-6ghmt_network,productpage-v1-7fb564989f-hm9g2_network,reviews-v3-5fd56449d8-tv4wp_network
2024-03-05 17:00:01,7.2637563333349435,-1.0,25.496406733327603,2.0325152999996967,2.5991765333330363,4.687409633333081,2.6320659333341228,18.464768,-1.0,53.751808,13.312,86.740992,227.569664,222.912512,66.1511111111111,133.78777777777776,148.83999999999997,60.839999999999996,-1.0,5888.004444444445,139.24
2024-03-05 17:00:06,7.2637563333349435,-1.0,25.496406733327603,2.0325152999996967,2.5991765333330363,4.687409633333081,2.6320659333341228,18.464768,-1.0,53.751808,13.312,86.740992,227.569664,222.912512,66.1511111111111,133.78777777777776,148.83999999999997,60.839999999999996,-1.0,5888.004444444445,139.24
2024-03-05 17:00:11,7.2637563333349435,-1.0,25.496406733327603,2.0325152999996967,2.5991765333330363,4.687409633333081,2.6320659333341228,18.464768,-1.0,53.751808,13.312,86.740992,227.569664,222.912512,66.1511111111111,133.78777777777776,148.83999999999997,60.839999999999996,-1.0,5888.004444444445,139.24
2024-03-05 17:00:16,4.282379233321384,-1.0,67.34103039999962,2.0325152999996967,2.5991765333330363,4.687409633333081,2.6320659333341228,18.464768,-1.0,53.751808,13.312,86.740992,227.569664,222.912512,66.1511111111111,59.29000000000003,148.83999999999997,60.839999999999996,-1.0,2563.734444444445,139.24
2024-03-05 17:00:21,4.282379233321384,-1.0,67.34103039999962,2.0325152999996967,2.5991765333330363,4.687409633333081,4.873708566665869,18.464768,-1.0,53.751808,13.312,86.740992,227.569664,222.928896,66.1511111111111,59.29000000000003,70.56,60.839999999999996,-1.0,2563.734444444445,139.24
2024-03-05 17:00:26,4.282379233321383,-1.0,67.3410303999996,1.87416263333328,1.4534213666668923,5.678825033333131,4.873708566665869,18.464768,-1.0,53.751808,12.3904,85.164032,223.68256,222.928896,48.534444444444446,59.290000000000006,70.56,29.521111111111114,-1.0,2563.7344444444443,141.61
2024-03-05 17:00:31,4.282379233321383,-1.0,67.3410303999996,1.87416263333328,1.4534213666668923,5.678825033333131,4.873708566665869,18.464768,-1.0,53.751808,12.3904,85.164032,223.68256,222.928896,48.534444444444446,59.290000000000006,70.56,29.521111111111114,-1.0,2563.7344444444443,141.61
2024-03-05 17:00:36,4.282379233321383,-1.0,67.3410303999996,1.87416263333328,1.4534213666668923,5.678825033333131,4.873708566665869,18.464768,-1.0,53.751808,12.3904,85.164032,223.68256,222.928896,48.534444444444446,59.290000000000006,70.56,29.521111111111114,-1.0,2563.7344444444443,141.61
2024-03-05 17:00:41,4.282379233321383,-1.0,67.3410303999996,1.87416263333328,1.4534213666668923,5.678825033333131,4.873708566665869,18.464768,-1.0,53.751808,12.3904,85.164032,223.68256,222.928896,48.534444444444446,59.290000000000006,70.56,29.521111111111114,-1.0,2563.7344444444443,141.61
2024-03-05 17:00:46,8.18526956666877,-1.0,36.11071966667321,1.87416263333328,1.4534213666668923,5.678825033333131,4.873708566665869,18.59584,-1.0,53.522432,12.3904,85.164032,223.68256,222.928896,48.534444444444446,167.2711111111112,70.56,29.521111111111114,-1.0,4937.404444444446,141.61
2024-03-05 17:00:51,8.18526956666877,-1.0,36.11071966667321,1.87416263333328,1.4534213666668923,5.678825033333131,4.951014833333526,18.59584,-1.0,53.522432,12.3904,85.164032,223.68256,222.928896,48.534444444444446,167.2711111111112,196.93444444444444,29.521111111111114,-1.0,4937.404444444446,141.61
2024-03-05 17:00:56,8.185269566668769,-1.0,36.110719666673205,1.3344512666667658,2.688926399999995,5.427077833333746,4.951014833333526,18.59584,-1.0,53.522432,12.648448,85.516288,225.251328,222.928896,9.20111111111111,167.2711111111111,196.93444444444444,63.467777777777776,-1.0,4937.404444444444,92.16
2024-03-05 17:01:01,8.185269566668769,-1.0,36.110719666673205,1.3344512666667658,2.688926399999995,5.427077833333746,4.951014833333526,18.59584,-1.0,53.522432,12.648448,85.516288,225.251328,222.928896,9.20111111111111,167.2711111111111,196.93444444444444,63.467777777777776,-1.0,4937.404444444444,92.16
2024-03-05 17:01:06,8.185269566668769,-1.0,36.110719666673205,1.3344512666667658,2.688926399999995,5.427077833333746,4.951014833333526,18.59584,-1.0,53.522432,12.648448,85.516288,225.251328,222.928896,9.20111111111111,167.2711111111111,196.93444444444444,63.467777777777776,-1.0,4937.404444444444,92.16
2024-03-05 17:01:11,8.185269566668769,-1.0,36.110719666673205,1.3344512666667658,2.688926399999995,5.427077833333746,4.951014833333526,18.59584,-1.0,53.522432,12.648448,85.516288,225.251328,222.928896,9.20111111111111,167.2711111111111,196.93444444444444,63.467777777777776,-1.0,4937.404444444444,92.16
2024-03-05 17:01:16,3.1526231666703106,-1.0,44.90603296665844,1.3344512666667658,2.688926399999995,5.427077833333746,4.951014833333526,18.518016,-1.0,53.641216,12.648448,85.516288,225.251328,222.928896,9.20111111111111,170.73777777777786,196.93444444444444,63.467777777777776,-1.0,1246.0900000000004,92.16
2024-03-05 17:01:21,3.1526231666703106,-1.0,44.90603296665844,1.3344512666667658,2.688926399999995,5.427077833333746,3.6992330000003903,18.518016,-1.0,53.641216,12.648448,85.516288,225.251328,222.928896,9.20111111111111,170.73777777777786,117.36111111111113,63.467777777777776,-1.0,1246.0900000000004,92.16
2024-03-05 17:01:26,3.1526231666703097,-1.0,44.90603296665843,1.687180933333347,2.494812466666474,4.4610336333335,3.6992330000003903,18.518016,-1.0,53.641216,11.784192,85.520384,225.325056,222.928896,98.01,170.73777777777778,117.36111111111113,100.66777777777777,-1.0,1246.0899999999997,95.3877777777778
2024-03-05 17:01:31,3.1526231666703097,-1.0,44.90603296665843,1.687180933333347,2.494812466666474,4.4610336333335,3.6992330000003903,18.518016,-1.0,53.641216,11.784192,85.520384,225.325056,222.928896,98.01,170.73777777777778,117.36111111111113,100.66777777777777,-1.0,1246.0899999999997,95.3877777777778
2024-03-05 17:01:36,3.1526231666703097,-1.0,44.90603296665843,1.687180933333347,2.494812466666474,4.4610336333335,3.6992330000003903,18.518016,-1.0,53.641216,11.784192,85.520384,225.325056,222.928896,98.01,170.73777777777778,117.36111111111113,100.66777777777777,-1.0,1246.0899999999997,95.3877777777778
2024-03-05 17:01:41,3.1526231666703097,-1.0,44.90603296665843,1.687180933333347,2.494812466666474,4.4610336333335,3.6992330000003903,18.518016,-1.0,53.641216,11.784192,85.520384,225.325056,222.928896,98.01,170.73777777777778,117.36111111111113,100.66777777777777,-1.0,1246.0899999999997,95.3877777777778
2024-03-05 17:01:46,5.836293266672026,-1.0,45.16315486666827,1.687180933333347,2.494812466666474,4.4610336333335,3.6992330000003903,18.550784,-1.0,53.641216,11.784192,85.520384,225.325056,222.928896,98.01,189.52111111111122,117.36111111111113,100.66777777777777,-1.0,4061.9377777777795,95.3877777777778
2024-03-05 17:01:51,5.836293266672026,-1.0,45.16315486666827,1.687180933333347,2.494812466666474,4.4610336333335,4.550502633333053,18.550784,-1.0,53.641216,11.784192,85.520384,225.325056,222.928896,98.01,189.52111111111122,104.7211111111111,100.66777777777777,-1.0,4061.9377777777795,95.3877777777778
2024-03-05 17:01:56,5.836293266672025,-1.0,45.163154866668265,2.02553243333341,1.8414371999999921,4.6951815333329705,4.550502633333053,18.550784,-1.0,53.641216,12.32896,85.520384,225.378304,222.928896,14.44,189.52111111111114,104.7211111111111,50.41,-1.0,4061.9377777777777,83.41777777777777
2024-03-05 17:02:01,5.836293266672025,-1.0,45.163154866668265,2.02553243333341,1.8414371999999921,4.6951815333329705,4.550502633333053,18.550784,-1.0,53.641216,12.32896,85.520384,225.378304,222.928896,14.44,189.52111111111114,104.7211111111111,50.41,-1.0,4061.9377777777777,83.41777777777777
2024-03-05 17:02:06,5.836293266672025,-1.0,45.163154866668265,2.02553243333341,1.8414371999999921,4.6951815333329705,4.550502633333053,18.550784,-1.0,53.641216,12.32896,85.520384,225.378304,222.928896,14.44,189.52111111111114,104.7211111111111,50.41,-1.0,4061.9377777777777,83.41777777777777
2024-03-05 17:02:11,5.836293266672025,-1.0,45.163154866668265,2.02553243333341,1.8414371999999921,4.6951815333329705,4.550502633333053,18.550784,-1.0,53.641216,12.32896,85.520384,225.378304,222.928896,14.44,189.52111111111114,104.7211111111111,50.41,-1.0,4061.9377777777777,83.41777777777777
2024-03-05 17:02:16,6.166057899993879,-1.0,36.49762736666465,2.02553243333341,1.8414371999999921,4.6951815333329705,4.550502633333053,18.55488,-1.0,53.673984,12.32896,85.520384,225.378304,222.928896,14.44,187.69000000000014,104.7211111111111,50.41,-1.0,3592.0044444444466,83.41777777777777
2024-03-05 17:02:21,6.166057899993879,-1.0,36.49762736666465,2.02553243333341,1.8414371999999921,4.6951815333329705,4.073936033333325,18.55488,-1.0,53.673984,12.32896,85.520384,225.378304,222.928896,14.44,187.69000000000014,138.45444444444448,50.41,-1.0,3592.0044444444466,83.41777777777777
2024-03-05 17:02:26,6.166057899993878,-1.0,36.497627366664645,1.9588923000000589,2.7466858000001557,5.550947133333277,4.073936033333325,18.55488,-1.0,53.673984,11.902976,85.520384,225.488896,222.928896,101.33777777777777,187.68999999999997,138.45444444444448,22.72111111111111,-1.0,3592.004444444444,122.4711111111111
2024-03-05 17:02:31,6.166057899993878,-1.0,36.497627366664645,1.9588923000000589,2.7466858000001557,5.550947133333277,4.073936033333325,18.55488,-1.0,53.673984,11.902976,85.520384,225.488896,222.928896,101.33777777777777,187.68999999999997,138.45444444444448,22.72111111111111,-1.0,3592.004444444444,122.4711111111111
2024-03-05 17:02:36,6.166057899993878,-1.0,36.497627366664645,1.9588923000000589,2.7466858000001557,5.550947133333277,4.073936033333325,18.55488,-1.0,53.673984,11.902976,85.520384,225.488896,222.928896,101.33777777777777,187.68999999999997,138.45444444444448,22.72111111111111,-1.0,3592.004444444444,122.4711111111111
2024-03-05 17:02:41,6.166057899993878,-1.0,36.497627366664645,1.9588923000000589,2.7466858000001557,5.550947133333277,4.073936033333325,18.55488,-1.0,53.673984,11.902976,85.520384,225.488896,222.928896,101.33777777777777,187.68999999999997,138.45444444444448,22.72111111111111,-1.0,3592.004444444444,122.4711111111111
2024-03-05 17:02:46,6.3350630000059045,-1.0,43.072423700004954,1.9588923000000589,2.7466858000001557,5.550947133333277,4.073936033333325,18.57536,-1.0,53.641216,11.902976,85.520384,225.488896,222.928896,101.33777777777777,132.25000000000003,138.45444444444448,22.72111111111111,-1.0,4186.090000000002,122.4711111111111
2024-03-05 17:02:51,6.3350630000059045,-1.0,43.072423700004954,1.9588923000000589,2.7466858000001557,5.550947133333277,3.735523499999734,18.57536,-1.0,53.641216,11.902976,85.520384,225.488896,222.928896,101.33777777777777,132.25000000000003,43.559999999999995,22.72111111111111,-1.0,4186.090000000002,122.4711111111111
2024-03-05 17:02:56,6.335063000005903,-1.0,43.07242370000495,1.8605751666664596,1.0764334000000986,5.64917840000021,3.735523499999734,18.57536,-1.0,53.641216,12.406784,85.520384,225.636352,222.928896,19.360000000000003,132.25,43.559999999999995,94.08999999999999,-1.0,4186.09,129.96
2024-03-05 17:03:01,6.335063000005903,-1.0,43.07242370000495,1.8605751666664596,1.0764334000000986,5.64917840000021,3.735523499999734,18.57536,-1.0,53.641216,12.406784,85.520384,225.636352,222.928896,19.360000000000003,132.25,43.559999999999995,94.08999999999999,-1.0,4186.09,129.96
2024-03-05 17:03:06,6.335063000005903,-1.0,43.07242370000495,1.8605751666664596,1.0764334000000986,5.64917840000021,3.735523499999734,18.57536,-1.0,53.641216,12.406784,85.520384,225.636352,222.928896,19.360000000000003,132.25,43.559999999999995,94.08999999999999,-1.0,4186.09,129.96
2024-03-05 17:03:11,6.335063000005903,-1.0,43.07242370000495,1.8605751666664596,1.0764334000000986,5.64917840000021,3.735523499999734,18.57536,-1.0,53.641216,12.406784,85.520384,225.636352,222.928896,19.360000000000003,132.25,43.559999999999995,94.08999999999999,-1.0,4186.09,129.96
2024-03-05 17:03:16,6.723996866655096,-1.0,49.26126543333946,1.8605751666664596,1.0764334000000986,5.64917840000021,3.735523499999734,18.57536,-1.0,53.526528,12.406784,85.520384,225.636352,222.928896,19.360000000000003,92.80111111111114,43.559999999999995,94.08999999999999,-1.0,1246.0900000000004,129.96
2024-03-05 17:03:21,6.723996866655096,-1.0,49.26126543333946,1.8605751666664596,1.0764334000000986,5.64917840000021,4.587562700000565,18.57536,-1.0,53.526528,12.406784,85.520384,225.636352,222.928896,19.360000000000003,92.80111111111114,133.01777777777778,94.08999999999999,-1.0,1246.0900000000004,129.96
2024-03-05 17:03:26,6.723996866655094,-1.0,49.26126543333945,2.1591120000001256,2.748761799999973,4.534947199999806,4.587562700000565,18.57536,-1.0,53.526528,12.181504,85.520384,225.841152,222.928896,55.751111111111115,92.8011111111111,133.01777777777778,55.751111111111115,-1.0,1246.0899999999997,37.61777777777778
2024-03-05 17:03:31,6.723996866655094,-1.0,49.26126543333945,2.1591120000001256,2.748761799999973,4.534947199999806,4.587562700000565,18.57536,-1.0,53.526528,12.181504,85.520384,225.841152,222.928896,55.751111111111115,92.8011111111111,133.01777777777778,55.751111111111115,-1.0,1246.0899999999997,37.61777777777778
2024-03-05 17:03:36,6.723996866655094,-1.0,49.26126543333945,2.1591120000001256,2.748761799999973,4.534947199999806,4.587562700000565,18.57536,-1.0,53.526528,12.181504,85.520384,225.841152,222.928896,55.751111111111115,92.8011111111111,133.01777777777778,55.751111111111115,-1.0,1246.0899999999997,37.61777777777778
2024-03-05 17:03:41,6.723996866655094,-1.0,49.26126543333945,2.1591120000001256,2.748761799999973,4.534947199999806,4.587562700000565,18.57536,-1.0,53.526528,12.181504,85.520384,225.841152,222.928896,55.751111111111115,92.8011111111111,133.01777777777778,55.751111111111115,-1.0,1246.0899999999997,37.61777777777778
2024-03-05 17:03:46,6.253021166670202,-1.0,42.29985166666666,2.1591120000001256,2.748761799999973,4.534947199999806,4.587562700000565,18.558976,-1.0,53.526528,12.181504,85.520384,225.841152,222.928896,55.751111111111115,241.28444444444455,133.01777777777778,55.751111111111115,-1.0,4655.787777777779,37.61777777777778
2024-03-05 17:03:51,6.253021166670202,-1.0,42.29985166666666,2.1591120000001256,2.748761799999973,4.534947199999806,4.883386533333578,18.558976,-1.0,53.526528,12.181504,85.520384,225.841152,222.928896,55.751111111111115,241.28444444444455,257.06777777777785,55.751111111111115,-1.0,4655.787777777779,37.61777777777778
2024-03-05 17:03:56,6.2530211666702,-1.0,42.299851666666655,1.6915447666666712,2.0234957333334096,4.679529966666488,4.883386533333578,18.558976,-1.0,53.526528,12.423168,85.520384,225.927168,222.928896,53.77777777777777,241.28444444444443,257.06777777777785,63.467777777777776,-1.0,4655.787777777778,158.76
2024-03-05 17:04:01,6.2530211666702,-1.0,42.299851666666655,1.6915447666666712,2.0234957333334096,4.679529966666488,4.883386533333578,18.558976,-1.0,53.526528,12.423168,85.520384,225.927168,222.928896,53.77777777777777,241.28444444444443,257.06777777777785,63.467777777777776,-1.0,4655.787777777778,158.76
2024-03-05 17:04:06,6.2530211666702,-1.0,42.299851666666655,1.6915447666666712,2.0234957333334096,4.679529966666488,4.883386533333578,18.558976,-1.0,53.526528,12.423168,85.520384,225.927168,222.928896,53.77777777777777,241.28444444444443,257.06777777777785,63.467777777777776,-1.0,4655.787777777778,158.76
2024-03-05 17:04:11,6.2530211666702,-1.0,42.299851666666655,1.6915447666666712,2.0234957333334096,4.679529966666488,4.883386533333578,18.558976,-1.0,53.526528,12.423168,85.520384,225.927168,222.928896,53.77777777777777,241.28444444444443,257.06777777777785,63.467777777777776,-1.0,4655.787777777778,158.76
2024-03-05 17:04:16,6.16243699999662,-1.0,52.0185398333221,1.6915447666666712,2.0234957333334096,4.679529966666488,4.883386533333578,18.558976,-1.0,53.641216,12.423168,85.520384,225.927168,222.928896,53.77777777777777,162.98777777777784,257.06777777777785,63.467777777777776,-1.0,3885.4444444444466,158.76
2024-03-05 17:04:21,6.16243699999662,-1.0,52.0185398333221,1.6915447666666712,2.0234957333334096,4.679529966666488,4.403614633332609,18.558976,-1.0,53.641216,12.423168,85.520384,225.927168,222.928896,53.77777777777777,162.98777777777784,84.63999999999999,63.467777777777776,-1.0,3885.4444444444466,158.76
2024-03-05 17:04:26,6.162436999996619,-1.0,52.01853983332209,0.7719305666668674,1.9159129666666295,5.494591400000104,4.403614633332609,18.558976,-1.0,53.641216,11.9808,86.54848,226.070528,222.928896,45.33777777777778,162.9877777777778,84.63999999999999,78.02777777777779,-1.0,3885.444444444445,138.45444444444448
2024-03-05 17:04:31,6.162436999996619,-1.0,52.01853983332209,0.7719305666668674,1.9159129666666295,5.494591400000104,4.403614633332609,18.558976,-1.0,53.641216,11.9808,86.54848,226.070528,222.928896,45.33777777777778,162.9877777777778,84.63999999999999,78.02777777777779,-1.0,3885.444444444445,138.45444444444448
2024-03-05 17:04:36,6.162436999996619,-1.0,52.01853983332209,0.7719305666668674,1.9159129666666295,5.494591400000104,4.403614633332609,18.558976,-1.0,53.641216,11.9808,86.54848,226.070528,222.928896,45.33777777777778,162.9877777777778,84.63999999999999,78.02777777777779,-1.0,3885.444444444445,138.45444444444448
2024-03-05 17:04:41,6.162436999996619,-1.0,52.01853983332209,0.7719305666668674,1.9159129666666295,5.494591400000104,4.403614633332609,18.558976,-1.0,53.641216,11.9808,86.54848,226.070528,222.928896,45.33777777777778,162.9877777777778,84.63999999999999,78.02777777777779,-1.0,3885.444444444445,138.45444444444448
2024-03-05 17:04:46,3.5785956666738166,-1.0,49.66797926667824,0.7719305666668674,1.9159129666666295,5.494591400000104,4.403614633332609,18.558976,-1.0,53.526528,11.9808,86.54848,226.070528,222.928896,45.33777777777778,125.44000000000003,84.63999999999999,78.02777777777779,-1.0,4890.6711111111135,138.45444444444448
2024-03-05 17:04:51,3.5785956666738166,-1.0,49.66797926667824,0.7719305666668674,1.9159129666666295,5.494591400000104,3.8644212333338146,18.558976,-1.0,53.526528,11.9808,86.54848,226.070528,222.928896,45.33777777777778,125.44000000000003,77.44000000000001,78.02777777777779,-1.0,4890.6711111111135,138.45444444444448
2024-03-05 17:04:56,3.5785956666738157,-1.0,49.66797926667823,2.3764214666665375,3.3694975333332877,3.986835866666638,3.8644212333338146,18.558976,-1.0,53.526528,11.69408,88.469504,226.156544,222.928896,19.360000000000003,125.43999999999998,77.44000000000001,57.25444444444444,-1.0,4890.671111111112,97.35111111111112
2024-03-05 17:05:01,3.5785956666738157,-1.0,49.66797926667823,2.3764214666665375,3.3694975333332877,3.986835866666638,3.8644212333338146,18.558976,-1.0,53.526528,11.69408,88.469504,226.156544,222.928896,19.360000000000003,125.43999999999998,77.44000000000001,57.25444444444444,-1.0,4890.671111111112,97.35111111111112
2024-03-05 17:05:06,3.5785956666738157,-1.0,49.66797926667823,2.3764214666665375,3.3694975333332877,3.986835866666638,3.8644212333338146,18.558976,-1.0,53.526528,11.69408,88.469504,226.156544,222.928896,19.360000000000003,125.43999999999998,77.44000000000001,57.25444444444444,-1.0,4890.671111111112,97.35111111111112
2024-03-05 17:05:11,3.5785956666738157,-1.0,49.66797926667823,2.3764214666665375,3.3694975333332877,3.986835866666638,3.8644212333338146,18.558976,-1.0,53.526528,11.69408,88.469504,226.156544,222.928896,19.360000000000003,125.43999999999998,77.44000000000001,57.25444444444444,-1.0,4890.671111111112,97.35111111111112
2024-03-05 17:05:16,5.689544066672171,-1.0,31.575124366660635,2.3764214666665375,3.3694975333332877,3.986835866666638,3.8644212333338146,18.558976,-1.0,53.6576,11.69408,88.469504,226.156544,222.928896,19.360000000000003,108.85444444444448,77.44000000000001,57.25444444444444,-1.0,2433.7777777777787,97.35111111111112
2024-03-05 17:05:21,5.689544066672171,-1.0,31.575124366660635,2.3764214666665375,3.3694975333332877,3.986835866666638,4.414881400000088,18.558976,-1.0,53.6576,11.69408,88.469504,226.156544,222.957568,19.360000000000003,108.85444444444448,231.04,57.25444444444444,-1.0,2433.7777777777787,97.35111111111112
2024-03-05 17:05:26,5.68954406667217,-1.0,31.575124366660628,1.8322162999998188,2.101707866666421,6.893956200000654,4.414881400000088,18.558976,-1.0,53.6576,12.136448,90.86976,226.328576,222.957568,61.88444444444444,108.85444444444445,231.04,54.26777777777777,-1.0,2433.777777777778,182.25
2024-03-05 17:05:31,5.68954406667217,-1.0,31.575124366660628,1.8322162999998188,2.101707866666421,6.893956200000654,4.414881400000088,18.558976,-1.0,53.6576,12.136448,90.86976,226.328576,222.957568,61.88444444444444,108.85444444444445,231.04,54.26777777777777,-1.0,2433.777777777778,182.25
2024-03-05 17:05:36,5.68954406667217,-1.0,31.575124366660628,1.8322162999998188,2.101707866666421,6.893956200000654,4.414881400000088,18.558976,-1.0,53.6576,12.136448,90.86976,226.328576,222.957568,61.88444444444444,108.85444444444445,231.04,54.26777777777777,-1.0,2433.777777777778,182.25
2024-03-05 17:05:41,5.68954406667217,-1.0,31.575124366660628,1.8322162999998188,2.101707866666421,6.893956200000654,4.414881400000088,18.558976,-1.0,53.6576,12.136448,90.86976,226.328576,222.957568,61.88444444444444,108.85444444444445,231.04,54.26777777777777,-1.0,2433.777777777778,182.25
2024-03-05 17:05:46,4.911382099999174,-1.0,42.72503403334062,1.8322162999998188,2.101707866666421,6.893956200000654,4.414881400000088,18.558976,-1.0,53.641216,12.136448,90.86976,226.328576,222.957568,61.88444444444444,215.1111111111112,231.04,54.26777777777777,-1.0,6099.6100000000015,182.25
2024-03-05 17:05:51,4.911382099999174,-1.0,42.72503403334062,1.8322162999998188,2.101707866666421,6.893956200000654,3.7216432666667743,18.558976,-1.0,53.641216,12.136448,90.86976,226.328576,222.957568,61.88444444444444,215.1111111111112,26.351111111111116,54.26777777777777,-1.0,6099.6100000000015,182.25
2024-03-05 17:05:56,4.911382099999173,-1.0,42.72503403334061,1.5189891000000937,2.319436966666899,3.172793233332527,3.7216432666667743,18.558976,-1.0,53.641216,12.271616,90.86976,226.312192,222.957568,42.684444444444445,215.1111111111111,26.351111111111116,52.80444444444444,-1.0,6099.609999999999,88.36000000000001
2024-03-05 17:06:01,4.911382099999173,-1.0,42.72503403334061,1.5189891000000937,2.319436966666899,3.172793233332527,3.7216432666667743,18.558976,-1.0,53.641216,12.271616,90.86976,226.312192,222.957568,42.684444444444445,215.1111111111111,26.351111111111116,52.80444444444444,-1.0,6099.609999999999,88.36000000000001
2024-03-05 17:06:06,4.911382099999173,-1.0,42.72503403334061,1.5189891000000937,2.319436966666899,3.172793233332527,3.7216432666667743,18.558976,-1.0,53.641216,12.271616,90.86976,226.312192,222.957568,42.684444444444445,215.1111111111111,26.351111111111116,52.80444444444444,-1.0,6099.609999999999,88.36000000000001
2024-03-05 17:06:11,4.911382099999173,-1.0,42.72503403334061,1.5189891000000937,2.319436966666899,3.172793233332527,3.7216432666667743,18.558976,-1.0,53.641216,12.271616,90.86976,226.312192,222.957568,42.684444444444445,215.1111111111111,26.351111111111116,52.80444444444444,-1.0,6099.609999999999,88.36000000000001
2024-03-05 17:06:16,6.516589666656123,-1.0,50.320835333332084,1.5189891000000937,2.319436966666899,3.172793233332527,3.7216432666667743,18.558976,-1.0,53.526528,12.271616,90.86976,226.312192,222.957568,42.684444444444445,61.88444444444448,26.351111111111116,52.80444444444444,-1.0,1456.6944444444448,88.36000000000001
2024-03-05 17:06:21,6.516589666656123,-1.0,50.320835333332084,1.5189891000000937,2.319436966666899,3.172793233332527,5.169987699999487,18.558976,-1.0,53.526528,12.271616,90.86976,226.312192,222.957568,42.684444444444445,61.88444444444448,248.5877777777778,52.80444444444444,-1.0,1456.6944444444448,88.36000000000001
2024-03-05 17:06:26,6.516589666656121,-1.0,50.32083533333207,2.5741015333333435,2.416893100000076,4.915392966666824,5.169987699999487,18.558976,-1.0,53.526528,12.288,90.873856,226.430976,222.957568,36.401111111111106,61.88444444444444,248.5877777777778,76.85444444444445,-1.0,1456.6944444444443,110.9511111111111
2024-03-05 17:06:31,6.516589666656121,-1.0,50.32083533333207,2.5741015333333435,2.416893100000076,4.915392966666824,5.169987699999487,18.558976,-1.0,53.526528,12.288,90.873856,226.430976,222.957568,36.401111111111106,61.88444444444444,248.5877777777778,76.85444444444445,-1.0,1456.6944444444443,110.9511111111111
2024-03-05 17:06:36,6.516589666656121,-1.0,50.32083533333207,2.5741015333333435,2.416893100000076,4.915392966666824,5.169987699999487,18.558976,-1.0,53.526528,12.288,90.873856,226.430976,222.957568,36.401111111111106,61.88444444444444,248.5877777777778,76.85444444444445,-1.0,1456.6944444444443,110.9511111111111
2024-03-05 17:06:41,6.516589666656121,-1.0,50.32083533333207,2.5741015333333435,2.416893100000076,4.915392966666824,5.169987699999487,18.558976,-1.0,53.526528,12.288,90.873856,226.430976,222.957568,36.401111111111106,61.88444444444444,248.5877777777778,76.85444444444445,-1.0,1456.6944444444443,110.9511111111111
2024-03-05 17:06:46,8.692035600006422,-1.0,976.222924833322,2.5741015333333435,2.416893100000076,4.915392966666824,5.169987699999487,18.558976,-1.0,56.659968,12.288,90.873856,226.430976,222.957568,36.401111111111106,287.867777777778,248.5877777777778,76.85444444444445,-1.0,4610.410000000003,110.9511111111111
2024-03-05 17:06:51,8.692035600006422,-1.0,976.222924833322,2.5741015333333435,2.416893100000076,4.915392966666824,4.263650266667204,18.558976,-1.0,56.659968,12.288,90.873856,226.430976,222.957568,36.401111111111106,287.867777777778,162.9877777777778,76.85444444444445,-1.0,4610.410000000003,110.9511111111111
2024-03-05 17:06:56,8.69203560000642,-1.0,976.2229248333217,1.7350097999999055,2.1488770999998983,5.999945000000176,4.263650266667204,18.558976,-1.0,56.659968,12.750848,90.873856,226.578432,222.957568,68.89000000000001,287.86777777777775,162.9877777777778,88.98777777777778,-1.0,4610.410000000001,49.467777777777776
2024-03-05 17:07:01,8.69203560000642,-1.0,976.2229248333217,1.7350097999999055,2.1488770999998983,5.999945000000176,4.263650266667204,18.558976,-1.0,56.659968,12.750848,90.873856,226.578432,222.957568,68.89000000000001,287.86777777777775,162.9877777777778,88.98777777777778,-1.0,4610.410000000001,49.467777777777776
2024-03-05 17:07:06,8.69203560000642,-1.0,976.2229248333217,1.7350097999999055,2.1488770999998983,5.999945000000176,4.263650266667204,18.558976,-1.0,56.659968,12.750848,90.873856,226.578432,222.957568,68.89000000000001,287.86777777777775,162.9877777777778,88.98777777777778,-1.0,4610.410000000001,49.467777777777776
2024-03-05 17:07:11,8.69203560000642,-1.0,976.2229248333217,1.7350097999999055,2.1488770999998983,5.999945000000176,4.263650266667204,18.558976,-1.0,56.659968,12.750848,90.873856,226.578432,222.957568,68.89000000000001,287.86777777777775,162.9877777777778,88.98777777777778,-1.0,4610.410000000001,49.467777777777776
2024-03-05 17:07:16,6.410088733324909,0.0,599.9685135000013,1.7350097999999055,2.1488770999998983,5.999945000000176,4.263650266667204,18.558976,0.0,56.659968,12.750848,90.873856,226.578432,222.957568,68.89000000000001,168.13444444444454,162.9877777777778,88.98777777777778,0.0,4233.671111111113,49.467777777777776
2024-03-05 17:07:21,6.410088733324909,0.0,599.9685135000013,1.7350097999999055,2.1488770999998983,5.999945000000176,4.857733366666632,18.558976,0.0,56.659968,12.750848,90.873856,226.578432,223.019008,68.89000000000001,168.13444444444454,118.81,88.98777777777778,0.0,4233.671111111113,49.467777777777776
2024-03-05 17:07:26,6.4100887333249075,0.0,599.9685135000011,1.343411400000131,1.4733534333331022,4.993552766667146,4.857733366666632,18.558976,0.561152,56.659968,11.636736,90.873856,226.091008,223.019008,73.38777777777777,168.13444444444445,118.81,69.44444444444446,0.0,4233.671111111111,244.4011111111111
2024-03-05 17:07:31,6.4100887333249075,0.0,599.9685135000011,1.343411400000131,1.4733534333331022,4.993552766667146,4.857733366666632,18.558976,0.561152,56.659968,11.636736,90.873856,226.091008,223.019008,73.38777777777777,168.13444444444445,118.81,69.44444444444446,0.0,4233.671111111111,244.4011111111111
2024-03-05 17:07:36,6.4100887333249075,0.0,599.9685135000011,1.343411400000131,1.4733534333331022,4.993552766667146,4.857733366666632,18.558976,0.561152,56.659968,11.636736,90.873856,226.091008,223.019008,73.38777777777777,168.13444444444445,118.81,69.44444444444446,0.0,4233.671111111111,244.4011111111111
2024-03-05 17:07:41,6.4100887333249075,0.0,599.9685135000011,1.343411400000131,1.4733534333331022,4.993552766667146,4.857733366666632,18.558976,0.561152,56.659968,11.636736,90.873856,226.091008,223.019008,73.38777777777777,168.13444444444445,118.81,69.44444444444446,0.0,4233.671111111111,244.4011111111111
2024-03-05 17:07:46,5.2242639333447505,0.0,1279.9471554333347,1.343411400000131,1.4733534333331022,4.993552766667146,4.857733366666632,18.558976,0.561152,56.758272,11.636736,90.873856,226.091008,223.019008,73.38777777777777,49.00000000000003,118.81,69.44444444444446,0.0,1361.6100000000004,244.4011111111111
2024-03-05 17:07:51,5.2242639333447505,0.0,1279.9471554333347,1.343411400000131,1.4733534333331022,4.993552766667146,1.6579557999998922,18.558976,0.561152,56.758272,11.636736,90.873856,226.091008,223.019008,73.38777777777777,49.00000000000003,80.4011111111111,69.44444444444446,0.0,1361.6100000000004,244.4011111111111
2024-03-05 17:07:56,5.22426393334475,19.98375446677667,1279.9471554333345,2.04416356666665,2.3213111000004005,3.912337033332847,1.6579557999998922,18.558976,62.005248,56.758272,12.193792,89.12896,225.992704,223.019008,30.617777777777775,49.0,80.4011111111111,57.76,0.0,1361.61,91.52111111111111
2024-03-05 17:08:01,5.22426393334475,22.863993616776664,1279.9471554333345,2.04416356666665,2.3213111000004005,3.912337033332847,1.6579557999998922,18.558976,62.005248,56.758272,12.193792,89.12896,225.992704,223.019008,30.617777777777775,49.0,80.4011111111111,57.76,0.0,1361.61,91.52111111111111
2024-03-05 17:08:06,5.22426393334475,25.744232766776665,1279.9471554333345,2.04416356666665,2.3213111000004005,3.912337033332847,1.6579557999998922,18.558976,62.005248,56.758272,12.193792,89.12896,225.992704,223.019008,30.617777777777775,49.0,80.4011111111111,57.76,0.0,1361.61,91.52111111111111
2024-03-05 17:08:11,5.22426393334475,28.624471916776663,1279.9471554333345,2.04416356666665,2.3213111000004005,3.912337033332847,1.6579557999998922,18.558976,62.005248,56.758272,12.193792,89.12896,225.992704,223.019008,30.617777777777775,49.0,80.4011111111111,57.76,0.0,1361.61,91.52111111111111
2024-03-05 17:08:16,4.448089499995453,31.504711066776665,1221.958237966677,2.04416356666665,2.3213111000004005,3.912337033332847,1.6579557999998922,18.558976,62.005248,56.774656,12.193792,89.12896,225.992704,223.019008,30.617777777777775,248.58777777777792,80.4011111111111,57.76,0.0,1371.467777777778,91.52111111111111
2024-03-05 17:08:21,4.448089499995453,34.384950216776666,1221.958237966677,2.04416356666665,2.3213111000004005,3.912337033332847,5.367593733332872,18.558976,62.005248,56.774656,12.193792,89.12896,225.992704,223.035392,30.617777777777775,248.58777777777792,83.41777777777777,57.76,0.0,1371.467777777778,91.52111111111111
2024-03-05 17:08:26,4.448089499995452,44.89843156288722,1221.9582379666767,1.351748033333422,2.7077455666666124,4.085906033333231,5.367593733332872,18.558976,61.411328,56.774656,12.255232,88.625152,226.586624,223.035392,41.38777777777778,248.5877777777778,83.41777777777777,69.44444444444446,333.6711111111111,1371.4677777777777,104.7211111111111
2024-03-05 17:08:31,4.448089499995452,48.066261366666666,1221.9582379666767,1.351748033333422,2.7077455666666124,4.085906033333231,5.367593733332872,18.558976,61.411328,56.774656,12.255232,88.625152,226.586624,223.035392,41.38777777777778,248.5877777777778,83.41777777777777,69.44444444444446,333.6711111111111,1371.4677777777777,104.7211111111111
2024-03-05 17:08:36,4.448089499995452,48.066261366666666,1221.9582379666767,1.351748033333422,2.7077455666666124,4.085906033333231,5.367593733332872,18.558976,61.411328,56.774656,12.255232,88.625152,226.586624,223.035392,41.38777777777778,248.5877777777778,83.41777777777777,69.44444444444446,333.6711111111111,1371.4677777777777,104.7211111111111
2024-03-05 17:08:41,4.448089499995452,48.066261366666666,1221.9582379666767,1.351748033333422,2.7077455666666124,4.085906033333231,5.367593733332872,18.558976,61.411328,56.774656,12.255232,88.625152,226.586624,223.035392,41.38777777777778,248.5877777777778,83.41777777777777,69.44444444444446,333.6711111111111,1371.4677777777777,104.7211111111111
2024-03-05 17:08:46,9.929893700003355,48.066261366666666,1038.0268066999938,1.351748033333422,2.7077455666666124,4.085906033333231,5.367593733332872,18.57536,61.411328,56.774656,12.255232,88.625152,226.586624,223.035392,41.38777777777778,111.65444444444448,83.41777777777777,69.44444444444446,333.6711111111111,263.5211111111113,104.7211111111111
2024-03-05 17:08:51,9.929893700003355,48.066261366666666,1038.0268066999938,1.351748033333422,2.7077455666666124,4.085906033333231,5.176295600000458,18.57536,61.411328,56.774656,12.255232,88.625152,226.586624,223.043584,41.38777777777778,111.65444444444448,107.46777777777778,69.44444444444446,333.6711111111111,263.5211111111113,104.7211111111111
2024-03-05 17:08:56,9.929893700003353,35.78137653333333,1038.0268066999936,2.395754299999927,2.206687199999635,5.899365999999873,5.176295600000458,18.57536,61.222912,56.774656,12.120064,88.49408,227.868672,223.043584,47.61000000000001,111.65444444444444,107.46777777777778,57.25444444444444,954.81,263.52111111111117,77.44000000000001
2024-03-05 17:09:01,9.929893700003353,35.78137653333333,1038.0268066999936,2.395754299999927,2.206687199999635,5.899365999999873,5.176295600000458,18.57536,61.222912,56.774656,12.120064,88.49408,227.868672,223.043584,47.61000000000001,111.65444444444444,107.46777777777778,57.25444444444444,954.81,263.52111111111117,77.44000000000001
2024-03-05 17:09:06,9.929893700003353,35.78137653333333,1038.0268066999936,2.395754299999927,2.206687199999635,5.899365999999873,5.176295600000458,18.57536,61.222912,56.774656,12.120064,88.49408,227.868672,223.043584,47.61000000000001,111.65444444444444,107.46777777777778,57.25444444444444,954.81,263.52111111111117,77.44000000000001
2024-03-05 17:09:11,9.929893700003353,35.78137653333333,1038.0268066999936,2.395754299999927,2.206687199999635,5.899365999999873,5.176295600000458,18.57536,61.222912,56.774656,12.120064,88.49408,227.868672,223.043584,47.61000000000001,111.65444444444444,107.46777777777778,57.25444444444444,954.81,263.52111111111117,77.44000000000001
2024-03-05 17:09:16,6.2169713333332774,35.78137653333333,596.6871535333364,2.395754299999927,2.206687199999635,5.899365999999873,5.176295600000458,18.57536,61.222912,56.659968,12.120064,88.49408,227.868672,223.043584,47.61000000000001,100.00000000000004,107.46777777777778,57.25444444444444,954.81,2381.4400000000005,77.44000000000001
2024-03-05 17:09:21,6.2169713333332774,35.78137653333333,596.6871535333364,2.395754299999927,2.206687199999635,5.899365999999873,3.82455913333312,18.57536,61.222912,56.659968,12.120064,88.49408,227.868672,223.051776,47.61000000000001,100.00000000000004,190.44000000000003,57.25444444444444,954.81,2381.4400000000005,77.44000000000001
2024-03-05 17:09:26,6.216971333333277,15.882115633333349,596.6871535333363,1.3804937999997455,2.0289675666669877,5.797963366667129,3.82455913333312,18.57536,61.222912,56.659968,12.312576,88.49408,228.057088,223.051776,40.53444444444444,100.0,190.44000000000003,79.80444444444444,1332.25,2381.4399999999996,134.56
2024-03-05 17:09:31,6.216971333333277,15.882115633333349,596.6871535333363,1.3804937999997455,2.0289675666669877,5.797963366667129,3.82455913333312,18.57536,61.222912,56.659968,12.312576,88.49408,228.057088,223.051776,40.53444444444444,100.0,190.44000000000003,79.80444444444444,1332.25,2381.4399999999996,134.56
2024-03-05 17:09:36,6.216971333333277,15.882115633333349,596.6871535333363,1.3804937999997455,2.0289675666669877,5.797963366667129,3.82455913333312,18.57536,61.222912,56.659968,12.312576,88.49408,228.057088,223.051776,40.53444444444444,100.0,190.44000000000003,79.80444444444444,1332.25,2381.4399999999996,134.56
2024-03-05 17:09:41,6.216971333333277,15.882115633333349,596.6871535333363,1.3804937999997455,2.0289675666669877,5.797963366667129,3.82455913333312,18.57536,61.222912,56.659968,12.312576,88.49408,228.057088,223.051776,40.53444444444444,100.0,190.44000000000003,79.80444444444444,1332.25,2381.4399999999996,134.56
2024-03-05 17:09:46,5.878154966664322,15.882115633333349,284.2870617333271,1.3804937999997455,2.0289675666669877,5.797963366667129,3.82455913333312,18.57536,61.222912,53.526528,12.312576,88.49408,228.057088,223.051776,40.53444444444444,166.4100000000001,190.44000000000003,79.80444444444444,1332.25,808.4544444444449,134.56
2024-03-05 17:09:51,5.878154966664322,15.882115633333349,284.2870617333271,1.3804937999997455,2.0289675666669877,5.797963366667129,4.030400266666827,18.57536,61.222912,53.526528,12.312576,88.49408,228.057088,223.059968,40.53444444444444,166.4100000000001,133.78777777777776,79.80444444444444,1332.25,808.4544444444449,134.56
2024-03-05 17:09:56,5.8781549666643205,47.030697833333335,284.28706173332705,1.3155348000002696,1.7176842666666896,2.4514577000000295,4.030400266666827,18.57536,61.00992,53.526528,12.263424,88.297472,228.220928,223.059968,53.77777777777777,166.41,133.78777777777776,14.44,296.9877777777778,808.4544444444444,104.7211111111111
2024-03-05 17:10:01,5.8781549666643205,47.030697833333335,284.28706173332705,1.3155348000002696,1.7176842666666896,2.4514577000000295,4.030400266666827,18.57536,61.00992,53.526528,12.263424,88.297472,228.220928,223.059968,53.77777777777777,166.41,133.78777777777776,14.44,296.9877777777778,808.4544444444444,104.7211111111111
2024-03-05 17:10:06,5.8781549666643205,47.030697833333335,284.28706173332705,1.3155348000002696,1.7176842666666896,2.4514577000000295,4.030400266666827,18.57536,61.00992,53.526528,12.263424,88.297472,228.220928,223.059968,53.77777777777777,166.41,133.78777777777776,14.44,296.9877777777778,808.4544444444444,104.7211111111111
2024-03-05 17:10:11,5.8781549666643205,47.030697833333335,284.28706173332705,1.3155348000002696,1.7176842666666896,2.4514577000000295,4.030400266666827,18.57536,61.00992,53.526528,12.263424,88.297472,228.220928,223.059968,53.77777777777777,166.41,133.78777777777776,14.44,296.9877777777778,808.4544444444444,104.7211111111111
2024-03-05 17:10:16,5.2981886333327575,47.030697833333335,34.73818403334312,1.3155348000002696,1.7176842666666896,2.4514577000000295,4.030400266666827,18.57536,61.00992,53.641216,12.263424,88.297472,228.220928,223.059968,53.77777777777777,209.28444444444455,133.78777777777776,14.44,296.9877777777778,791.4844444444448,104.7211111111111
2024-03-05 17:10:21,5.2981886333327575,47.030697833333335,34.73818403334312,1.3155348000002696,1.7176842666666896,2.4514577000000295,3.4097307333335416,18.57536,61.00992,53.641216,12.263424,88.297472,228.220928,223.059968,53.77777777777777,209.28444444444455,117.36111111111113,14.44,296.9877777777778,791.4844444444448,104.7211111111111
2024-03-05 17:10:26,5.298188633332757,-1.0,34.7381840333431,2.1348950999997856,2.4830707666666285,6.920965566666837,3.4097307333335416,18.57536,-1.0,53.641216,11.907072,89.3952,227.950592,223.059968,29.521111111111114,209.28444444444446,117.36111111111113,91.52111111111111,-1.0,791.4844444444444,128.44444444444446
2024-03-05 17:10:31,5.298188633332757,-1.0,34.7381840333431,2.1348950999997856,2.4830707666666285,6.920965566666837,3.4097307333335416,18.57536,-1.0,53.641216,11.907072,89.3952,227.950592,223.059968,29.521111111111114,209.28444444444446,117.36111111111113,91.52111111111111,-1.0,791.4844444444444,128.44444444444446
2024-03-05 17:10:36,5.298188633332757,-1.0,34.7381840333431,2.1348950999997856,2.4830707666666285,6.920965566666837,3.4097307333335416,18.57536,-1.0,53.641216,11.907072,89.3952,227.950592,223.059968,29.521111111111114,209.28444444444446,117.36111111111113,91.52111111111111,-1.0,791.4844444444444,128.44444444444446
2024-03-05 17:10:41,5.298188633332757,-1.0,34.7381840333431,2.1348950999997856,2.4830707666666285,6.920965566666837,3.4097307333335416,18.57536,-1.0,53.641216,11.907072,89.3952,227.950592,223.059968,29.521111111111114,209.28444444444446,117.36111111111113,91.52111111111111,-1.0,791.4844444444444,128.44444444444446
2024-03-05 17:10:46,5.422682899992046,-1.0,39.84048859999045,2.1348950999997856,2.4830707666666285,6.920965566666837,3.4097307333335416,18.65728,-1.0,53.624832,11.907072,89.3952,227.950592,223.059968,29.521111111111114,113.0677777777778,117.36111111111113,91.52111111111111,-1.0,2830.2400000000016,128.44444444444446
2024-03-05 17:10:51,5.422682899992046,-1.0,39.84048859999045,2.1348950999997856,2.4830707666666285,6.920965566666837,5.421469199999743,18.65728,-1.0,53.624832,11.907072,89.3952,227.950592,223.064064,29.521111111111114,113.0677777777778,138.45444444444448,91.52111111111111,-1.0,2830.2400000000016,128.44444444444446
2024-03-05 17:10:56,5.422682899992045,-1.0,39.840488599990444,1.7925905000003202,2.4111260333332516,1.8299815333326326,5.421469199999743,18.65728,-1.0,53.624832,12.365824,89.3952,228.020224,223.064064,70.00111111111111,113.06777777777776,138.45444444444448,96.04000000000002,-1.0,2830.2400000000002,43.559999999999995
2024-03-05 17:11:01,5.422682899992045,-1.0,39.840488599990444,1.7925905000003202,2.4111260333332516,1.8299815333326326,5.421469199999743,18.65728,-1.0,53.624832,12.365824,89.3952,228.020224,223.064064,70.00111111111111,113.06777777777776,138.45444444444448,96.04000000000002,-1.0,2830.2400000000002,43.559999999999995
2024-03-05 17:11:06,5.422682899992045,-1.0,39.840488599990444,1.7925905000003202,2.4111260333332516,1.8299815333326326,5.421469199999743,18.65728,-1.0,53.624832,12.365824,89.3952,228.020224,223.064064,70.00111111111111,113.06777777777776,138.45444444444448,96.04000000000002,-1.0,2830.2400000000002,43.559999999999995
2024-03-05 17:11:11,5.422682899992045,-1.0,39.840488599990444,1.7925905000003202,2.4111260333332516,1.8299815333326326,5.421469199999743,18.65728,-1.0,53.624832,12.365824,89.3952,228.020224,223.064064,70.00111111111111,113.06777777777776,138.45444444444448,96.04000000000002,-1.0,2830.2400000000002,43.559999999999995
2024-03-05 17:11:16,6.1361395193897605,-1.0,45.20681038563087,1.7925905000003202,2.4111260333332516,1.8299815333326326,5.421469199999743,18.558976,-1.0,53.526528,12.365824,89.3952,228.020224,223.064064,70.00111111111111,115.8979303660586,138.45444444444448,96.04000000000002,-1.0,3851.5007724416164,43.559999999999995
2024-03-05 17:11:21,6.1361395193897605,-1.0,45.20681038563087,1.7925905000003202,2.4111260333332516,1.8299815333326326,2.8584280333329084,18.558976,-1.0,53.526528,12.365824,89.3952,228.020224,223.064064,70.00111111111111,115.8979303660586,124.69444444444443,96.04000000000002,-1.0,3851.5007724416164,43.559999999999995
2024-03-05 17:11:26,6.13613951938976,-1.0,45.20681038563086,1.5512005666664663,1.528196700000232,7.362883100000772,2.8584280333329084,18.558976,-1.0,53.526528,12.742656,91.021312,228.18816,223.064064,26.009999999999998,115.89793036605856,124.69444444444443,62.410000000000004,-1.0,3851.5007724416155,111.65444444444444
2024-03-05 17:11:31,6.13613951938976,-1.0,45.20681038563086,1.5512005666664663,1.528196700000232,7.362883100000772,2.8584280333329084,18.558976,-1.0,53.526528,12.742656,91.021312,228.18816,223.064064,26.009999999999998,115.89793036605856,124.69444444444443,62.410000000000004,-1.0,3851.5007724416155,111.65444444444444
2024-03-05 17:11:36,6.13613951938976,-1.0,45.20681038563086,1.5512005666664663,1.528196700000232,7.362883100000772,2.8584280333329084,18.558976,-1.0,53.526528,12.742656,91.021312,228.18816,223.064064,26.009999999999998,115.89793036605856,124.69444444444443,62.410000000000004,-1.0,3851.5007724416155,111.65444444444444
2024-03-05 17:11:41,6.13613951938976,-1.0,45.20681038563086,1.5512005666664663,1.528196700000232,7.362883100000772,2.8584280333329084,18.558976,-1.0,53.526528,12.742656,91.021312,228.18816,223.064064,26.009999999999998,115.89793036605856,124.69444444444443,62.410000000000004,-1.0,3851.5007724416155,111.65444444444444
2024-03-05 17:11:46,5.269838417169272,-1.0,37.4970355035545,1.5512005666664663,1.528196700000232,7.362883100000772,2.8584280333329084,18.558976,-1.0,53.641216,12.742656,91.021312,228.18816,223.064064,26.009999999999998,105.42552849588837,124.69444444444443,62.410000000000004,-1.0,4020.3640326028817,111.65444444444444
2024-03-05 17:11:51,5.269838417169272,-1.0,37.4970355035545,1.5512005666664663,1.528196700000232,7.362883100000772,5.057321133333895,18.558976,-1.0,53.641216,12.742656,91.021312,228.18816,223.064064,26.009999999999998,105.42552849588837,117.36111111111113,62.410000000000004,-1.0,4020.3640326028817,111.65444444444444
2024-03-05 17:11:56,5.26983841716927,-1.0,37.49703550355448,2.0180757333335464,2.1616147333332947,4.083957033333263,5.057321133333895,18.558976,-1.0,53.641216,12.181504,91.533312,227.893248,223.064064,79.21000000000001,105.42552849588833,117.36111111111113,20.55111111111111,-1.0,4020.36403260288,96.04000000000002
2024-03-05 17:12:01,5.26983841716927,-1.0,37.49703550355448,2.0180757333335464,2.1616147333332947,4.083957033333263,5.057321133333895,18.558976,-1.0,53.641216,12.181504,91.533312,227.893248,223.064064,79.21000000000001,105.42552849588833,117.36111111111113,20.55111111111111,-1.0,4020.36403260288,96.04000000000002
2024-03-05 17:12:06,5.26983841716927,-1.0,37.49703550355448,2.0180757333335464,2.1616147333332947,4.083957033333263,5.057321133333895,18.558976,-1.0,53.641216,12.181504,91.533312,227.893248,223.064064,79.21000000000001,105.42552849588833,117.36111111111113,20.55111111111111,-1.0,4020.36403260288,96.04000000000002
2024-03-05 17:12:11,5.26983841716927,-1.0,37.49703550355448,2.0180757333335464,2.1616147333332947,4.083957033333263,5.057321133333895,18.558976,-1.0,53.641216,12.181504,91.533312,227.893248,223.064064,79.21000000000001,105.42552849588833,117.36111111111113,20.55111111111111,-1.0,4020.36403260288,96.04000000000002
2024-03-05 17:12:16,5.445216866670915,-1.0,45.087753766665635,2.0180757333335464,2.1616147333332947,4.083957033333263,5.057321133333895,18.558976,-1.0,53.755904,12.181504,91.533312,227.893248,223.064064,79.21000000000001,189.52111111111122,117.36111111111113,20.55111111111111,-1.0,4272.801111111114,96.04000000000002
2024-03-05 17:12:21,5.445216866670915,-1.0,45.087753766665635,2.0180757333335464,2.1616147333332947,4.083957033333263,5.445076800000001,18.558976,-1.0,53.755904,12.181504,91.533312,227.893248,223.064064,79.21000000000001,189.52111111111122,38.440000000000005,20.55111111111111,-1.0,4272.801111111114,96.04000000000002
2024-03-05 17:12:26,5.445216866670914,-1.0,45.08775376666563,1.3852934666663448,3.0822356666665955,6.494012766665946,5.445076800000001,18.558976,-1.0,53.755904,12.496896,93.229056,228.59776,223.064064,102.68444444444444,189.52111111111114,38.440000000000005,107.46777777777778,-1.0,4272.80111111111,118.08444444444446
2024-03-05 17:12:31,5.445216866670914,-1.0,45.08775376666563,1.3852934666663448,3.0822356666665955,6.494012766665946,5.445076800000001,18.558976,-1.0,53.755904,12.496896,93.229056,228.59776,223.064064,102.68444444444444,189.52111111111114,38.440000000000005,107.46777777777778,-1.0,4272.80111111111,118.08444444444446
2024-03-05 17:12:36,5.445216866670914,-1.0,45.08775376666563,1.3852934666663448,3.0822356666665955,6.494012766665946,5.445076800000001,18.558976,-1.0,53.755904,12.496896,93.229056,228.59776,223.064064,102.68444444444444,189.52111111111114,38.440000000000005,107.46777777777778,-1.0,4272.80111111111,118.08444444444446
2024-03-05 17:12:41,5.445216866670914,-1.0,45.08775376666563,1.3852934666663448,3.0822356666665955,6.494012766665946,5.445076800000001,18.558976,-1.0,53.755904,12.496896,93.229056,228.59776,223.064064,102.68444444444444,189.52111111111114,38.440000000000005,107.46777777777778,-1.0,4272.80111111111,118.08444444444446
2024-03-05 17:12:46,7.27701656501309,-1.0,38.58641272539605,1.3852934666663448,3.0822356666665955,6.494012766665946,5.445076800000001,18.558976,-1.0,53.641216,12.496896,93.229056,228.59776,223.064064,102.68444444444444,190.4019177124384,38.440000000000005,107.46777777777778,-1.0,3704.0102720166055,118.08444444444446
2024-03-05 17:12:51,7.27701656501309,-1.0,38.58641272539605,1.3852934666663448,3.0822356666665955,6.494012766665946,3.4761326999993494,18.558976,-1.0,53.641216,12.496896,93.229056,228.59776,223.064064,102.68444444444444,190.4019177124384,137.6711111111111,107.46777777777778,-1.0,3704.0102720166055,118.08444444444446
2024-03-05 17:12:56,7.277016565013089,-1.0,38.586412725396045,1.7559796999999358,2.4795167333332793,2.9003853000006075,3.4761326999993494,18.558976,-1.0,53.641216,11.685888,93.229056,228.646912,223.064064,36.80444444444444,190.40191771243835,137.6711111111111,62.410000000000004,-1.0,3704.0102720166055,140.8177777777778
2024-03-05 17:13:01,7.277016565013089,-1.0,38.586412725396045,1.7559796999999358,2.4795167333332793,2.9003853000006075,3.4761326999993494,18.558976,-1.0,53.641216,11.685888,93.229056,228.646912,223.064064,36.80444444444444,190.40191771243835,137.6711111111111,62.410000000000004,-1.0,3704.0102720166055,140.8177777777778
2024-03-05 17:13:06,7.277016565013089,-1.0,38.586412725396045,1.7559796999999358,2.4795167333332793,2.9003853000006075,3.4761326999993494,18.558976,-1.0,53.641216,11.685888,93.229056,228.646912,223.064064,36.80444444444444,190.40191771243835,137.6711111111111,62.410000000000004,-1.0,3704.0102720166055,140.8177777777778
2024-03-05 17:13:11,7.277016565013089,-1.0,38.586412725396045,1.7559796999999358,2.4795167333332793,2.9003853000006075,3.4761326999993494,18.558976,-1.0,53.641216,11.685888,93.229056,228.646912,223.064064,36.80444444444444,190.40191771243835,137.6711111111111,62.410000000000004,-1.0,3704.0102720166055,140.8177777777778
2024-03-05 17:13:16,5.551739473937474,-1.0,57.54151608494024,1.7559796999999358,2.4795167333332793,2.9003853000006075,3.4761326999993494,18.558976,-1.0,53.526528,11.685888,93.229056,228.646912,223.064064,36.80444444444444,196.97383724215456,137.6711111111111,62.410000000000004,-1.0,2165.78424630253,140.8177777777778
2024-03-05 17:13:21,5.551739473937474,-1.0,57.54151608494024,1.7559796999999358,2.4795167333332793,2.9003853000006075,4.286184300000665,18.558976,-1.0,53.526528,11.685888,93.229056,228.646912,223.072256,36.80444444444444,196.97383724215456,171.60999999999999,62.410000000000004,-1.0,2165.78424630253,140.8177777777778
2024-03-05 17:13:26,5.551739473937472,-1.0,57.54151608494023,1.3991449666666729,2.2418867999997856,6.648234833333314,4.286184300000665,18.558976,-1.0,53.526528,11.79648,95.227904,229.052416,223.072256,94.08999999999999,196.9738372421545,171.60999999999999,56.25,-1.0,2165.7842463025286,154.58777777777777
2024-03-05 17:13:31,5.551739473937472,-1.0,57.54151608494023,1.3991449666666729,2.2418867999997856,6.648234833333314,4.286184300000665,18.558976,-1.0,53.526528,11.79648,95.227904,229.052416,223.072256,94.08999999999999,196.9738372421545,171.60999999999999,56.25,-1.0,2165.7842463025286,154.58777777777777
2024-03-05 17:13:36,5.551739473937472,-1.0,57.54151608494023,1.3991449666666729,2.2418867999997856,6.648234833333314,4.286184300000665,18.558976,-1.0,53.526528,11.79648,95.227904,229.052416,223.072256,94.08999999999999,196.9738372421545,171.60999999999999,56.25,-1.0,2165.7842463025286,154.58777777777777
2024-03-05 17:13:41,5.551739473937472,-1.0,57.54151608494023,1.3991449666666729,2.2418867999997856,6.648234833333314,4.286184300000665,18.558976,-1.0,53.526528,11.79648,95.227904,229.052416,223.072256,94.08999999999999,196.9738372421545,171.60999999999999,56.25,-1.0,2165.7842463025286,154.58777777777777
2024-03-05 17:13:46,3.1512315666683826,-1.0,24.500858466656915,1.3991449666666729,2.2418867999997856,6.648234833333314,4.286184300000665,18.558976,-1.0,53.608448,11.79648,95.227904,229.052416,223.072256,94.08999999999999,129.96000000000004,171.60999999999999,56.25,-1.0,4351.601111111113,154.58777777777777
2024-03-05 17:13:51,3.1512315666683826,-1.0,24.500858466656915,1.3991449666666729,2.2418867999997856,6.648234833333314,5.046208066666698,18.558976,-1.0,53.608448,11.79648,95.227904,229.052416,223.072256,94.08999999999999,129.96000000000004,102.00999999999999,56.25,-1.0,4351.601111111113,154.58777777777777
2024-03-05 17:13:56,3.1512315666683817,-1.0,24.50085846665691,1.9564136666668712,2.3090383000000734,3.068117566666236,5.046208066666698,18.558976,-1.0,53.608448,12.365824,94.531584,229.126144,223.072256,67.24,129.96,102.00999999999999,64.53444444444445,-1.0,4351.601111111111,107.46777777777778
2024-03-05 17:14:01,3.1512315666683817,-1.0,24.50085846665691,1.9564136666668712,2.3090383000000734,3.068117566666236,5.046208066666698,18.558976,-1.0,53.608448,12.365824,94.531584,229.126144,223.072256,67.24,129.96,102.00999999999999,64.53444444444445,-1.0,4351.601111111111,107.46777777777778
2024-03-05 17:14:06,3.1512315666683817,-1.0,24.50085846665691,1.9564136666668712,2.3090383000000734,3.068117566666236,5.046208066666698,18.558976,-1.0,53.608448,12.365824,94.531584,229.126144,223.072256,67.24,129.96,102.00999999999999,64.53444444444445,-1.0,4351.601111111111,107.46777777777778
2024-03-05 17:14:11,3.1512315666683817,-1.0,24.50085846665691,1.9564136666668712,2.3090383000000734,3.068117566666236,5.046208066666698,18.558976,-1.0,53.608448,12.365824,94.531584,229.126144,223.072256,67.24,129.96,102.00999999999999,64.53444444444445,-1.0,4351.601111111111,107.46777777777778
2024-03-05 17:14:16,7.361040933331729,-1.0,48.00940823333804,1.9564136666668712,2.3090383000000734,3.068117566666236,5.046208066666698,18.57536,-1.0,53.641216,12.365824,94.531584,229.126144,223.072256,67.24,210.2500000000001,102.00999999999999,64.53444444444445,-1.0,3624.0400000000022,107.46777777777778
2024-03-05 17:14:21,7.361040933331729,-1.0,48.00940823333804,1.9564136666668712,2.3090383000000734,3.068117566666236,3.10667130000013,18.57536,-1.0,53.641216,12.365824,94.531584,229.126144,223.072256,67.24,210.2500000000001,131.48444444444445,64.53444444444445,-1.0,3624.0400000000022,107.46777777777778
2024-03-05 17:14:26,7.3610409333317275,-1.0,48.009408233338036,1.8135484666667405,1.8089551666667112,5.202534866666989,3.10667130000013,18.57536,-1.0,53.641216,11.808768,95.8464,229.2736,223.072256,50.88444444444445,210.25,131.48444444444445,92.16,-1.0,3624.0400000000004,43.559999999999995
2024-03-05 17:14:31,7.3610409333317275,-1.0,48.009408233338036,1.8135484666667405,1.8089551666667112,5.202534866666989,3.10667130000013,18.57536,-1.0,53.641216,11.808768,95.8464,229.2736,223.072256,50.88444444444445,210.25,131.48444444444445,92.16,-1.0,3624.0400000000004,43.559999999999995
2024-03-05 17:14:36,7.3610409333317275,-1.0,48.009408233338036,1.8135484666667405,1.8089551666667112,5.202534866666989,3.10667130000013,18.57536,-1.0,53.641216,11.808768,95.8464,229.2736,223.072256,50.88444444444445,210.25,131.48444444444445,92.16,-1.0,3624.0400000000004,43.559999999999995
2024-03-05 17:14:41,7.3610409333317275,-1.0,48.009408233338036,1.8135484666667405,1.8089551666667112,5.202534866666989,3.10667130000013,18.57536,-1.0,53.641216,11.808768,95.8464,229.2736,223.072256,50.88444444444445,210.25,131.48444444444445,92.16,-1.0,3624.0400000000004,43.559999999999995
2024-03-05 17:14:46,6.005287266680171,-1.0,43.29437083333688,1.8135484666667405,1.8089551666667112,5.202534866666989,3.10667130000013,18.558976,-1.0,53.526528,11.808768,95.8464,229.2736,223.072256,50.88444444444445,35.204444444444455,131.48444444444445,92.16,-1.0,2704.0000000000014,43.559999999999995
2024-03-05 17:14:51,6.005287266680171,-1.0,43.29437083333688,1.8135484666667405,1.8089551666667112,5.202534866666989,4.041190766666129,18.558976,-1.0,53.526528,11.808768,95.8464,229.2736,223.072256,50.88444444444445,35.204444444444455,104.7211111111111,92.16,-1.0,2704.0000000000014,43.559999999999995
2024-03-05 17:14:56,6.00528726668017,-1.0,43.29437083333687,2.2360040999998887,2.6922487333332397,5.524343666666217,4.041190766666129,18.558976,-1.0,53.526528,12.619776,95.383552,229.376,223.072256,59.80444444444444,35.20444444444445,104.7211111111111,49.0,-1.0,2704.0,174.23999999999998
2024-03-05 17:15:01,6.00528726668017,-1.0,43.29437083333687,2.2360040999998887,2.6922487333332397,5.524343666666217,4.041190766666129,18.558976,-1.0,53.526528,12.619776,95.383552,229.376,223.072256,59.80444444444444,35.20444444444445,104.7211111111111,49.0,-1.0,2704.0,174.23999999999998
