timestamp,productpage-v1_details-v1&p50,unknown_details-v1&p50,istio-ingressgateway_productpage-v1&p50,reviews-v2_ratings-v1&p50,reviews-v3_ratings-v1&p50,productpage-v1_reviews-v1&p50,productpage-v1_reviews-v2&p50,productpage-v1_reviews-v3&p50,productpage-v1_details-v1&p90,unknown_details-v1&p90,istio-ingressgateway_productpage-v1&p90,reviews-v2_ratings-v1&p90,reviews-v3_ratings-v1&p90,productpage-v1_reviews-v1&p90,productpage-v1_reviews-v2&p90,productpage-v1_reviews-v3&p90,productpage-v1_details-v1&p99,unknown_details-v1&p99,istio-ingressgateway_productpage-v1&p99,reviews-v2_ratings-v1&p99,reviews-v3_ratings-v1&p99,productpage-v1_reviews-v1&p99,productpage-v1_reviews-v2&p99,productpage-v1_reviews-v3&p99
2024-03-07 06:14:01,2.867924528301887,,21.161417322834644,0.4125,1.1212121212121215,1.2777777777777777,3.03125,137.50000000000037,38.57954545454546,,471.8749999999998,3.9846153846153847,4.224242424242425,4.255555555555556,4.65625,857.8947368421055,48.85795454545455,,947.5000000000002,4.898461538461538,4.922424242424243,4.925555555555555,6.750000000000013,1540.0000000000152
2024-03-07 06:14:06,3.2095238095238097,,22.16071428571429,0.4476744186046511,0.45625000000000004,1.4878048780487805,3.026315789473684,21.250000000000004,41.20967741935484,,262.4999999999997,4.094117647058825,4.115151515151516,4.297560975609757,4.647368421052632,855.5555555555561,49.12096774193549,,990.9999999999997,4.909411764705883,4.911515151515152,4.9297560975609755,6.150000000000011,1960.000000000005
2024-03-07 06:14:11,2.6421052631578945,,22.16071428571429,0.4476744186046511,0.49375,1.4878048780487805,3.026315789473684,9.722222222222221,40.17241379310345,,262.4999999999997,4.094117647058825,4.189743589743591,4.297560975609757,4.647368421052632,734.6153846153848,49.01724137931035,,990.9999999999997,4.909411764705883,4.918974358974358,4.9297560975609755,6.150000000000011,1315.0000000000023
2024-03-07 06:14:16,2.6421052631578945,,22.16071428571429,0.4476744186046511,0.49375,1.2499999999999998,3.026315789473684,9.722222222222221,40.17241379310345,,262.4999999999997,4.094117647058825,4.189743589743591,4.25,4.647368421052632,734.6153846153848,49.01724137931035,,990.9999999999997,4.909411764705883,4.918974358974358,4.925000000000001,6.150000000000011,1315.0000000000023
2024-03-07 06:14:21,2.480769230769231,,19.886363636363637,0.4318181818181818,1.1025641025641022,1.2499999999999998,3.0270270270270268,7.403846153846153,38.17708333333333,,80.9433962264151,4.05,4.22051282051282,4.25,4.648648648648649,115.0000000000003,48.81770833333333,,420.0000000000019,4.905,4.9220512820512825,4.925000000000001,6.25,922.0000000000003
2024-03-07 06:14:26,2.889908256880734,,19.886363636363637,0.4318181818181818,0.5,1.2499999999999998,3.0270270270270268,7.1499999999999995,39.956140350877206,,80.9433962264151,4.05,4.2,4.25,4.648648648648649,37.5,48.99561403508772,,420.0000000000019,4.905,4.92,4.925000000000001,6.25,925.0000000000005
2024-03-07 06:14:31,2.889908256880734,,19.886363636363637,0.4318181818181818,0.5,1.380952380952381,3.0270270270270268,7.1499999999999995,39.956140350877206,,80.9433962264151,4.05,4.2,4.276190476190476,4.648648648648649,37.5,48.99561403508772,,420.0000000000019,4.905,4.92,4.927619047619048,6.25,925.0000000000005
2024-03-07 06:14:36,2.9279279279279278,,20.555555555555554,0.48124999999999996,0.4871794871794871,1.4545454545454546,3.0,8.161764705882353,40.1271186440678,,93.55555555555554,4.167567567567568,4.178378378378378,4.290909090909091,4.6000000000000005,659.0909090909091,49.01271186440678,,886.0000000000005,4.916756756756757,4.917837837837839,4.929090909090908,4.960000000000001,965.909090909091
2024-03-07 06:14:41,2.7678571428571423,,20.555555555555554,0.48124999999999996,1.0499999999999998,1.4545454545454546,3.0,7.1875,38.99038461538462,,93.55555555555554,4.167567567567568,4.210000000000001,4.290909090909091,4.6000000000000005,459.9999999999997,48.89903846153846,,886.0000000000005,4.916756756756757,4.920999999999999,4.929090909090908,4.960000000000001,944.2857142857147
2024-03-07 06:14:46,2.7678571428571423,,20.555555555555554,0.48124999999999996,1.0499999999999998,1.4186046511627906,3.0,7.1875,38.99038461538462,,93.55555555555554,4.167567567567568,4.210000000000001,4.283720930232558,4.6000000000000005,459.9999999999997,48.89903846153846,,886.0000000000005,4.916756756756757,4.920999999999999,4.928372093023256,4.960000000000001,944.2857142857147
2024-03-07 06:14:51,2.735849056603774,,21.020408163265305,0.4671052631578947,1.3000000000000003,1.3000000000000003,3.0281690140845074,6.857142857142857,39.117647058823536,,96.17021276595747,4.139393939393939,4.26,4.26,4.650704225352113,283.333333333333,48.911764705882355,,1420.0000000000048,4.913939393939394,4.926,4.926,6.400000000000032,924.0000000000003
2024-03-07 06:14:56,2.607476635514019,,21.020408163265305,0.4671052631578947,1.1212121212121207,1.3000000000000003,3.0281690140845074,9.193548387096774,37.380952380952394,,96.17021276595747,4.139393939393939,4.515151515151514,4.26,4.650704225352113,825.0000000000003,48.73809523809524,,1420.0000000000048,4.913939393939394,8.833333333333325,4.926,6.400000000000032,2140.0
2024-03-07 06:15:01,2.607476635514019,,21.020408163265305,0.4671052631578947,1.1212121212121207,1.5853658536585362,3.0281690140845074,9.193548387096774,37.380952380952394,,96.17021276595747,4.139393939393939,4.515151515151514,4.317073170731707,4.650704225352113,825.0000000000003,48.73809523809524,,1420.0000000000048,4.913939393939394,8.833333333333325,4.931707317073171,6.400000000000032,2140.0
2024-03-07 06:15:06,2.486238532110092,,21.793893129770993,0.40853658536585363,1.1212121212121207,1.5853658536585362,3.0,184.3750000000001,35.21428571428573,,675.0000000000003,3.9692307692307702,4.515151515151514,4.317073170731707,4.6000000000000005,972.4999999999998,48.52142857142857,,1882.0000000000005,4.896923076923076,8.833333333333325,4.931707317073171,4.959999999999999,2322.499999999999
2024-03-07 06:15:11,2.8899082568807337,,21.793893129770993,0.40853658536585363,0.49264705882352944,1.5853658536585362,3.0,233.33333333333337,38.75000000000001,,675.0000000000003,3.9692307692307702,4.187878787878788,4.317073170731707,4.6000000000000005,960.8695652173913,48.875,,1882.0000000000005,4.896923076923076,4.918787878787878,4.931707317073171,4.959999999999999,2295.999999999998
2024-03-07 06:15:16,2.8899082568807337,,21.793893129770993,0.40853658536585363,0.49264705882352944,1.6666666666666663,3.0,233.33333333333337,38.75000000000001,,675.0000000000003,3.9692307692307702,4.187878787878788,4.333333333333333,4.6000000000000005,960.8695652173913,48.875,,1882.0000000000005,4.896923076923076,4.918787878787878,4.933333333333334,4.959999999999999,2295.999999999998
2024-03-07 06:15:21,3.2291666666666665,,24.330357142857142,1.0000000000000007,0.47297297297297297,1.6341463414634143,3.0,237.50000000000003,41.62698412698413,,653.5714285714284,4.200000000000001,4.151515151515151,4.326829268292682,4.6000000000000005,936.9565217391303,49.16269841269842,,997.4999999999998,4.92,4.915151515151514,4.932682926829267,4.96,2241.2499999999973
2024-03-07 06:15:26,3.3200000000000003,,24.330357142857142,1.0000000000000007,0.4864864864864865,1.6341463414634143,3.0,281.25000000000006,41.911764705882355,,653.5714285714284,4.200000000000001,4.177142857142858,4.326829268292682,4.6000000000000005,889.1304347826087,49.19117647058823,,997.4999999999998,4.92,4.917714285714286,4.932682926829267,4.96,1967.5000000000005
2024-03-07 06:15:31,3.3200000000000003,,24.330357142857142,1.0000000000000007,0.4864864864864865,1.307692307692308,3.0,281.25000000000006,41.911764705882355,,653.5714285714284,4.200000000000001,4.177142857142858,4.261538461538462,4.6000000000000005,889.1304347826087,49.19117647058823,,997.4999999999998,4.92,4.917714285714286,4.926153846153846,4.96,1967.5000000000005
2024-03-07 06:15:36,3.201834862385321,,23.78048780487805,0.4476744186046511,0.49324324324324326,1.4,3.0810810810810807,187.50000000000014,41.111111111111114,,508.69565217391323,4.094117647058825,4.18888888888889,4.359999999999999,4.745945945945946,826.1904761904764,49.111111111111114,,950.8695652173915,4.909411764705883,4.918888888888889,6.2999999999999945,8.71666666666667,982.6190476190476
2024-03-07 06:15:41,2.6938775510204085,,23.78048780487805,0.4476744186046511,1.1499999999999995,1.4,3.0810810810810807,146.87499999999997,39.86363636363637,,508.69565217391323,4.094117647058825,4.23,4.359999999999999,4.745945945945946,825.0000000000001,48.986363636363635,,950.8695652173915,4.909411764705883,4.923,6.2999999999999945,8.71666666666667,982.5000000000001
2024-03-07 06:15:46,2.6938775510204085,,23.78048780487805,0.4476744186046511,1.1499999999999995,1.6511627906976745,3.0810810810810807,146.87499999999997,39.86363636363637,,508.69565217391323,4.094117647058825,4.23,4.404651162790698,4.745945945945946,825.0000000000001,48.986363636363635,,950.8695652173915,4.909411764705883,4.923,6.2999999999999945,8.71666666666667,982.5000000000001
2024-03-07 06:15:51,2.4705882352941178,,20.263157894736842,0.4473684210526316,1.35,1.6046511627906979,3.0,93.75000000000003,37.5,,341.6666666666665,4.093333333333334,4.2700000000000005,4.3209302325581405,4.6,826.1904761904764,48.75000000000001,,938.8235294117644,4.909333333333333,4.927,4.932093023255814,4.959999999999999,982.6190476190476
2024-03-07 06:15:56,2.5495495495495506,,20.263157894736842,0.4473684210526316,1.1142857142857139,1.6046511627906979,3.0,9.444444444444443,35.00000000000003,,341.6666666666665,4.093333333333334,4.222857142857142,4.3209302325581405,4.6,757.1428571428571,48.499999999999986,,938.8235294117644,4.909333333333333,4.922285714285714,4.932093023255814,4.959999999999999,975.7142857142856
2024-03-07 06:16:01,2.5495495495495506,,20.263157894736842,0.4473684210526316,1.1142857142857139,1.3157894736842102,3.0,9.444444444444443,35.00000000000003,,341.6666666666665,4.093333333333334,4.222857142857142,4.263157894736842,4.6,757.1428571428571,48.499999999999986,,938.8235294117644,4.909333333333333,4.922285714285714,4.9263157894736835,4.959999999999999,975.7142857142856
2024-03-07 06:16:06,2.518518518518519,,19.009146341463413,0.4473684210526315,1.0588235294117645,1.1176470588235297,3.0,7.0,34.84848484848485,,70.15151515151516,4.093333333333334,4.211764705882354,4.223529411764706,4.6,190.0000000000004,48.48484848484849,,97.0151515151515,4.909333333333333,4.921176470588234,4.92235294117647,4.96,931.9999999999994
2024-03-07 06:16:11,2.62,,19.009146341463413,0.4473684210526315,0.5,1.1176470588235297,3.0,7.180851063829787,37.5625,,70.15151515151516,4.093333333333334,4.2,4.223529411764706,4.6,65.0000000000004,48.756249999999994,,97.0151515151515,4.909333333333333,4.919999999999999,4.92235294117647,4.96,2248.7499999999977
2024-03-07 06:16:16,2.62,,19.009146341463413,0.4473684210526315,0.5,1.4444444444444444,3.0,7.180851063829787,37.5625,,70.15151515151516,4.093333333333334,4.2,4.288888888888889,4.6,65.0000000000004,48.756249999999994,,97.0151515151515,4.909333333333333,4.919999999999999,4.928888888888889,4.96,2248.7499999999977
2024-03-07 06:16:21,2.7872340425531914,,22.5,0.43589743589743585,0.5,1.564102564102564,3.0,10.937500000000009,39.693877551020414,,715.9090909090913,4.062068965517241,4.2,4.3128205128205135,4.6000000000000005,1281.2500000000023,48.96938775510205,,2115.625000000001,4.906206896551724,4.92,4.93128205128205,4.959999999999999,2378.125000000001
2024-03-07 06:16:26,2.7425742574257423,,22.5,0.43589743589743585,1.1111111111111114,1.564102564102564,3.0,75.00000000000006,39.06249999999999,,715.9090909090913,4.062068965517241,4.222222222222222,4.3128205128205135,4.6000000000000005,932.5000000000001,48.90625,,2115.625000000001,4.906206896551724,4.9222222222222225,4.93128205128205,4.959999999999999,2248.7499999999977
2024-03-07 06:16:31,2.7425742574257423,,22.5,0.43589743589743585,1.1111111111111114,1.4499999999999997,3.0,75.00000000000006,39.06249999999999,,715.9090909090913,4.062068965517241,4.222222222222222,4.289999999999999,4.6000000000000005,932.5000000000001,48.90625,,2115.625000000001,4.906206896551724,4.9222222222222225,4.929,4.959999999999999,2248.7499999999977
2024-03-07 06:16:36,2.6952380952380954,,22.19465648854962,0.4605263157894737,0.5,1.4102564102564097,3.0,124.99999999999989,38.27777777777778,,573.9999999999999,4.125,4.199999999999999,4.282051282051281,4.6,862.0,48.82777777777778,,957.4000000000001,4.9125,4.92,4.9282051282051285,4.96,986.1999999999999
2024-03-07 06:16:41,2.655913978494623,,22.19465648854962,0.4605263157894737,1.1111111111111114,1.4102564102564097,3.0,175.0,39.550000000000004,,573.9999999999999,4.125,4.311111111111114,4.282051282051281,4.6,858.0,48.955,,957.4000000000001,4.9125,6.400000000000032,4.9282051282051285,4.96,985.8
2024-03-07 06:16:46,2.655913978494623,,22.19465648854962,0.4605263157894737,1.1111111111111114,1.3684210526315783,3.0,175.0,39.550000000000004,,573.9999999999999,4.125,4.311111111111114,4.273684210526316,4.6,858.0,48.955,,957.4000000000001,4.9125,6.400000000000032,4.9273684210526305,4.96,985.8
2024-03-07 06:16:51,2.7142857142857144,,22.145522388059703,0.3977272727272727,1.055555555555556,1.4878048780487805,3.028571428571429,212.5000000000001,39.61538461538462,,638.3333333333333,3.9230769230769225,4.300000000000002,4.297560975609757,4.651428571428571,853.8461538461538,48.96153846153847,,963.833333333333,4.892307692307692,6.350000000000038,4.9297560975609755,6.450000000000026,985.3846153846155
2024-03-07 06:16:56,2.346153846153846,,22.145522388059703,0.3977272727272727,0.4722222222222222,1.4878048780487805,3.028571428571429,193.74999999999994,35.67567567567568,,638.3333333333333,3.9230769230769225,4.15,4.297560975609757,4.651428571428571,858.0,48.567567567567565,,963.833333333333,4.892307692307692,4.914999999999999,4.9297560975609755,6.450000000000026,985.8
2024-03-07 06:17:01,2.346153846153846,,22.145522388059703,0.3977272727272727,0.4722222222222222,1.4878048780487805,3.028571428571429,193.74999999999994,35.67567567567568,,638.3333333333333,3.9230769230769225,4.15,4.297560975609757,4.651428571428571,858.0,48.567567567567565,,963.833333333333,4.892307692307692,4.914999999999999,4.9297560975609755,6.450000000000026,985.8
2024-03-07 06:17:06,2.1743119266055047,,19.353448275862068,0.4404761904761905,0.4662162162162162,1.4102564102564101,3.0,9.772727272727273,30.192307692307708,,75.44117647058823,4.075000000000001,4.137499999999999,4.282051282051282,4.6,742.3076923076925,48.01923076923076,,638.3333333333329,4.907500000000001,4.913749999999999,4.9282051282051285,4.96,974.230769230769
2024-03-07 06:17:11,2.697478991596639,,19.353448275862068,0.4404761904761905,1.0526315789473681,1.4102564102564101,3.0,6.346153846153847,35.98684210526316,,75.44117647058823,4.075000000000001,4.2105263157894735,4.282051282051282,4.6,12.62500000000006,48.59868421052632,,638.3333333333329,4.907500000000001,4.921052631578948,4.9282051282051285,4.96,817.5000000000007
2024-03-07 06:17:16,2.697478991596639,,19.353448275862068,0.4404761904761905,1.0526315789473681,1.8888888888888888,3.0,6.346153846153847,35.98684210526316,,75.44117647058823,4.075000000000001,4.2105263157894735,4.377777777777778,4.6,12.62500000000006,48.59868421052632,,638.3333333333329,4.907500000000001,4.921052631578948,4.937777777777777,4.96,817.5000000000007
2024-03-07 06:17:21,2.9056603773584904,,21.277372262773724,0.45394736842105254,1.2631578947368418,1.9130434782608696,3.0,6.590909090909092,39.55882352941176,,97.34693877551022,4.109677419354838,4.252631578947367,4.3826086956521735,4.6,152.50000000000105,48.95588235294118,,926.428571428571,4.910967741935483,4.925263157894737,4.938260869565218,4.96,939.1666666666667
2024-03-07 06:17:26,2.825242718446602,,21.277372262773724,0.45394736842105254,1.0588235294117645,1.9130434782608696,3.0,10.937499999999996,39.61538461538462,,97.34693877551022,4.109677419354838,4.211764705882354,4.3826086956521735,4.6,808.3333333333333,48.96153846153847,,926.428571428571,4.910967741935483,4.921176470588234,4.938260869565218,4.96,980.8333333333333
2024-03-07 06:17:31,2.825242718446602,,21.277372262773724,0.45394736842105254,1.0588235294117645,1.6363636363636365,3.0,10.937499999999996,39.61538461538462,,97.34693877551022,4.109677419354838,4.211764705882354,4.327272727272728,4.6,808.3333333333333,48.96153846153847,,926.428571428571,4.910967741935483,4.921176470588234,4.9327272727272735,4.96,980.8333333333333
2024-03-07 06:17:36,2.754385964912281,,22.443181818181817,0.48026315789473684,0.4797297297297297,1.6666666666666665,3.0,225.00000000000006,38.191489361702125,,742.5925925925926,4.165714285714286,4.164705882352941,4.333333333333334,4.6000000000000005,940.3846153846152,48.819148936170215,,2089.3749999999973,4.916571428571428,4.916470588235294,4.933333333333334,4.96,2233.749999999999
2024-03-07 06:17:41,2.4128440366972477,,22.443181818181817,0.48026315789473684,0.49324324324324326,1.6666666666666665,3.0,437.5000000000002,35.20833333333333,,742.5925925925926,4.165714285714286,4.18888888888889,4.333333333333334,4.6000000000000005,1131.2500000000005,48.52083333333334,,2089.3749999999973,4.916571428571428,4.918888888888889,4.933333333333334,4.96,2363.125
2024-03-07 06:17:46,2.4128440366972477,,22.443181818181817,0.48026315789473684,0.49324324324324326,1.619047619047619,3.0,437.5000000000002,35.20833333333333,,742.5925925925926,4.165714285714286,4.18888888888889,4.3238095238095235,4.6000000000000005,1131.2500000000005,48.52083333333334,,2089.3749999999973,4.916571428571428,4.918888888888889,4.932380952380952,4.96,2363.125
2024-03-07 06:17:51,2.2380952380952377,,21.061151079136692,0.4473684210526316,1.166666666666666,1.473684210526316,3.029850746268657,374.99999999999994,32.053571428571416,,620.3703703703704,4.093333333333334,4.233333333333333,4.294736842105264,4.653731343283582,941.9999999999998,48.20535714285714,,962.037037037037,4.909333333333333,4.923333333333333,4.929473684210526,6.599999999999962,2241.2499999999973
2024-03-07 06:17:56,2.295238095238095,,21.061151079136692,0.4473684210526316,1.166666666666666,1.473684210526316,3.029850746268657,337.5,34.85714285714286,,620.3703703703704,4.093333333333334,4.233333333333333,4.294736842105264,4.653731343283582,876.7857142857142,48.48571428571428,,962.037037037037,4.909333333333333,4.923333333333333,4.929473684210526,6.599999999999962,987.6785714285713
2024-03-07 06:18:01,2.295238095238095,,21.061151079136692,0.4473684210526316,1.166666666666666,0.5,3.029850746268657,337.5,34.85714285714286,,620.3703703703704,4.093333333333334,4.233333333333333,4.199999999999999,4.653731343283582,876.7857142857142,48.48571428571428,,962.037037037037,4.909333333333333,4.923333333333333,4.92,6.599999999999962,987.6785714285713
2024-03-07 06:18:06,2.415929203539823,,21.300675675675677,0.44047619047619047,1.2105263157894737,1.2105263157894737,3.1142857142857143,261.3636363636365,35.64102564102565,,515.2173913043484,4.075,4.242105263157896,4.326315789473684,4.805714285714286,859.6153846153848,48.56410256410257,,951.5217391304348,4.907500000000001,4.92421052631579,6.2999999999999945,9.075000000000003,985.9615384615386
2024-03-07 06:18:11,2.2982456140350878,,21.300675675675677,0.44047619047619047,1.1621621621621623,1.2105263157894737,3.1142857142857143,153.57142857142856,31.724137931034498,,515.2173913043484,4.075,4.232432432432432,4.326315789473684,4.805714285714286,822.4999999999998,48.172413793103445,,951.5217391304348,4.907500000000001,4.923243243243244,6.2999999999999945,9.075000000000003,982.25
2024-03-07 06:18:16,2.2982456140350878,,21.300675675675677,0.44047619047619047,1.1621621621621623,1.6829268292682928,3.1142857142857143,153.57142857142856,31.724137931034498,,515.2173913043484,4.075,4.232432432432432,4.414634146341465,4.805714285714286,822.4999999999998,48.172413793103445,,951.5217391304348,4.907500000000001,4.923243243243244,6.5000000000000195,9.075000000000003,982.25
2024-03-07 06:18:21,2.213675213675214,,20.92857142857143,0.43749999999999994,1.0000000000000007,1.5999999999999999,3.0,156.25000000000006,27.282608695652183,,514.2857142857146,4.066666666666666,4.200000000000001,4.32,4.6,830.0,47.72826086956522,,951.4285714285718,4.906666666666666,4.92,4.9319999999999995,4.96,982.9999999999999
2024-03-07 06:18:26,2.1327433628318584,,20.92857142857143,0.43749999999999994,1.0540540540540546,1.5999999999999999,3.0,24.60526315789474,28.12499999999999,,514.2857142857146,4.066666666666666,4.210810810810811,4.32,4.6,822.4999999999998,47.81249999999999,,951.4285714285718,4.906666666666666,4.9210810810810806,4.9319999999999995,4.96,982.25
2024-03-07 06:18:31,2.1327433628318584,,20.92857142857143,0.43749999999999994,1.0540540540540546,1.5,3.0,24.60526315789474,28.12499999999999,,514.2857142857146,4.066666666666666,4.210810810810811,4.3,4.6,822.4999999999998,47.81249999999999,,951.4285714285718,4.906666666666666,4.9210810810810806,4.93,4.96,982.25
2024-03-07 06:18:36,2.1650485436893208,,19.642857142857146,0.4662162162162162,0.5,1.5,3.0895522388059704,9.204545454545453,32.833333333333336,,82.19512195121953,4.137499999999999,4.200000000000001,4.3,4.7611940298507465,663.6363636363637,48.283333333333324,,730.0000000000006,4.913749999999999,4.92,4.93,8.833333333333329,966.3636363636365
2024-03-07 06:18:41,2.627450980392157,,19.642857142857146,0.4662162162162162,0.4722222222222222,1.5,3.0895522388059704,7.875,37.965116279069775,,82.19512195121953,4.137499999999999,4.15,4.3,4.7611940298507465,17.874999999999986,48.79651162790698,,730.0000000000006,4.913749999999999,4.914999999999999,4.93,8.833333333333329,827.4999999999984
2024-03-07 06:18:46,2.627450980392157,,19.642857142857146,0.4662162162162162,0.4722222222222222,1.4210526315789473,3.0895522388059704,7.875,37.965116279069775,,82.19512195121953,4.137499999999999,4.15,4.28421052631579,4.7611940298507465,17.874999999999986,48.79651162790698,,730.0000000000006,4.913749999999999,4.914999999999999,4.928421052631578,8.833333333333329,827.4999999999984
2024-03-07 06:18:51,2.583333333333333,,20.0531914893617,0.4632352941176471,1.0624999999999998,1.3333333333333335,3.032258064516129,8.1,38.0952380952381,,254.16666666666728,4.13103448275862,4.2125,4.2666666666666675,4.658064516129032,316.66666666666606,48.80952380952381,,927.3076923076925,4.913103448275862,4.921250000000001,4.926666666666666,6.850000000000003,922.5
2024-03-07 06:18:56,2.08,,20.0531914893617,0.4632352941176471,1.2285714285714284,1.3333333333333335,3.032258064516129,11.875000000000018,31.481481481481488,,254.16666666666728,4.13103448275862,4.2457142857142856,4.2666666666666675,4.658064516129032,783.3333333333335,48.14814814814815,,927.3076923076925,4.913103448275862,4.9245714285714275,4.926666666666666,6.850000000000003,978.3333333333335
2024-03-07 06:19:01,2.08,,20.0531914893617,0.4632352941176471,1.2285714285714284,1.166666666666666,3.032258064516129,11.875000000000018,31.481481481481488,,254.16666666666728,4.13103448275862,4.2457142857142856,4.233333333333333,4.658064516129032,783.3333333333335,48.14814814814815,,927.3076923076925,4.913103448275862,4.9245714285714275,4.923333333333333,6.850000000000003,978.3333333333335
2024-03-07 06:19:06,2.1071428571428577,,20.56818181818182,0.4625,1.0555555555555554,1.2222222222222214,3.0,42.50000000000002,27.391304347826086,,470.83333333333314,4.129411764705883,4.21111111111111,4.333333333333332,4.6,841.3043478260871,47.739130434782595,,948.333333333333,4.912941176470588,4.921111111111111,6.499999999999973,4.96,984.1304347826087
2024-03-07 06:19:11,2.333333333333333,,20.56818181818182,0.4625,1.1578947368421053,1.2222222222222214,3.0,9.807692307692307,28.59999999999998,,470.83333333333314,4.129411764705883,4.231578947368422,4.333333333333332,4.6,779.4117647058824,47.86,,948.333333333333,4.912941176470588,4.923157894736843,6.499999999999973,4.96,977.9411764705883
2024-03-07 06:19:16,2.333333333333333,,20.56818181818182,0.4625,1.1578947368421053,1.5128205128205123,3.0,9.807692307692307,28.59999999999998,,470.83333333333314,4.129411764705883,4.231578947368422,4.384615384615384,4.6,779.4117647058824,47.86,,948.333333333333,4.912941176470588,4.923157894736843,6.499999999999973,4.96,977.9411764705883
2024-03-07 06:19:21,2.274193548387096,,18.324175824175825,0.425,1.2162162162162162,1.4999999999999996,3.0,7.966101694915254,4.9967741935483865,,24.983516483516485,4.0285714285714285,4.243243243243243,4.3,4.6,250.0,47.48809523809524,,94.95000000000002,4.902857142857142,4.924324324324324,4.93,4.959999999999999,929.9999999999997
2024-03-07 06:19:26,2.356521739130434,,18.324175824175825,0.425,0.4848484848484849,1.4999999999999996,3.0,7.758620689655173,29.166666666666657,,24.983516483516485,4.0285714285714285,4.174193548387096,4.3,4.6,9.96551724137931,47.91666666666667,,94.95000000000002,4.902857142857142,4.91741935483871,4.93,4.959999999999999,840.0000000000015
2024-03-07 06:19:31,2.356521739130434,,18.324175824175825,0.425,0.4848484848484849,1.3783783783783785,3.0,7.758620689655173,29.166666666666657,,24.983516483516485,4.0285714285714285,4.174193548387096,4.275675675675677,4.6,9.96551724137931,47.91666666666667,,94.95000000000002,4.902857142857142,4.91741935483871,4.927567567567567,4.959999999999999,840.0000000000015
2024-03-07 06:19:36,2.513513513513514,,20.96938775510204,0.4539473684210526,0.45945945945945943,1.5,3.0,9.652777777777779,34.852941176470594,,406.2499999999983,4.109677419354838,4.122580645161291,4.3,4.6,695.4545454545457,48.485294117647044,,946.2500000000002,4.910967741935483,4.912258064516129,4.93,4.96,969.5454545454543
2024-03-07 06:19:41,2.261261261261261,,20.96938775510204,0.4539473684210526,0.5,1.5,3.0,14.038461538461547,33.484848484848484,,406.2499999999983,4.109677419354838,4.2,4.3,4.6,771.8750000000002,48.348484848484844,,946.2500000000002,4.910967741935483,4.92,4.93,4.96,977.1875
2024-03-07 06:19:46,2.261261261261261,,20.96938775510204,0.4539473684210526,0.5,1.0540540540540546,3.0,14.038461538461547,33.484848484848484,,406.2499999999983,4.109677419354838,4.2,4.210810810810811,4.6,771.8750000000002,48.348484848484844,,946.2500000000002,4.910967741935483,4.92,4.9210810810810806,4.96,977.1875
2024-03-07 06:19:51,2.1272727272727274,,18.360655737704917,0.44230769230769224,1.1621621621621623,0.47916666666666663,3.0,8.181818181818182,28.999999999999986,,40.000000000001066,4.08,4.232432432432432,4.163636363636364,4.6,500.0,47.89999999999999,,94.89999999999998,4.9079999999999995,4.923243243243244,4.916363636363636,4.96,949.9999999999998
2024-03-07 06:19:56,2.3220338983050848,,18.360655737704917,0.44230769230769224,1.1111111111111107,0.47916666666666663,3.0,7.827868852459016,10.0,,40.000000000001066,4.08,4.222222222222221,4.163636363636364,4.6,18.249999999999964,47.50000000000001,,94.89999999999998,4.9079999999999995,4.9222222222222225,4.916363636363636,4.96,2292.999999999998
2024-03-07 06:20:01,2.3220338983050848,,18.360655737704917,0.44230769230769224,1.1111111111111107,1.2777777777777777,3.0,7.827868852459016,10.0,,40.000000000001066,4.08,4.222222222222221,4.255555555555556,4.6,18.249999999999964,47.50000000000001,,94.89999999999998,4.9079999999999995,4.9222222222222225,4.925555555555555,4.96,2292.999999999998
2024-03-07 06:20:06,2.3600000000000003,,20.982142857142858,0.43124999999999997,1.1621621621621623,1.3684210526315783,3.0,9.930555555555555,25.35714285714291,,869.4444444444448,4.048275862068966,4.232432432432432,4.273684210526316,4.6,1680.76923076923,47.53571428571429,,2305.9375,4.9048275862068955,4.923243243243244,4.9273684210526305,4.959999999999999,2418.076923076923
2024-03-07 06:20:11,2.2695652173913046,,20.982142857142858,0.43124999999999997,0.49264705882352944,1.3684210526315783,3.0,437.5000000000002,29.903846153846175,,869.4444444444448,4.048275862068966,4.187878787878788,4.273684210526316,4.6,1586.3636363636372,47.99038461538462,,2305.9375,4.9048275862068955,4.918787878787878,4.9273684210526305,4.959999999999999,2408.636363636363
2024-03-07 06:20:16,2.2695652173913046,,20.982142857142858,0.43124999999999997,0.49264705882352944,1.3684210526315783,3.0,437.5000000000002,29.903846153846175,,869.4444444444448,4.048275862068966,4.187878787878788,4.273684210526316,4.6,1586.3636363636372,47.99038461538462,,2305.9375,4.9048275862068955,4.918787878787878,4.9273684210526305,4.959999999999999,2408.636363636363
2024-03-07 06:20:21,2.1730769230769234,,21.27952755905512,1.1764705882352942,0.5,1.2777777777777777,3.0634920634920637,437.5,30.300000000000026,,632.6923076923078,4.23529411764706,4.199999999999999,4.255555555555556,4.714285714285715,938.8888888888889,48.02999999999999,,963.269230769231,4.923529411764706,4.92,4.925555555555555,41.875000000000085,2185.000000000002
2024-03-07 06:20:26,2.7478991596638656,,21.27952755905512,1.1764705882352942,1.0625000000000007,1.2777777777777777,3.0634920634920637,225.00000000000009,35.14705882352943,,632.6923076923078,4.23529411764706,4.312500000000002,4.255555555555556,4.714285714285715,866.6666666666667,48.51470588235295,,963.269230769231,4.923529411764706,6.750000000000057,4.925555555555555,41.875000000000085,986.6666666666667
2024-03-07 06:20:31,2.7478991596638656,,21.27952755905512,1.1764705882352942,1.0625000000000007,1.324324324324324,3.0634920634920637,225.00000000000009,35.14705882352943,,632.6923076923078,4.23529411764706,4.312500000000002,4.264864864864865,4.714285714285715,866.6666666666667,48.51470588235295,,963.269230769231,4.923529411764706,6.750000000000057,4.9264864864864855,41.875000000000085,986.6666666666667
2024-03-07 06:20:36,2.9685039370078736,,24.6875,0.47560975609756095,0.4736842105263159,1.5238095238095237,4.714285714285715,225.00000000000009,38.13829787234043,,698.2758620689655,4.156756756756757,4.248484848484851,4.3047619047619055,51.25000000000003,912.0000000000001,48.81382978723404,,1912.5000000000018,4.915675675675675,6.400000000000032,4.93047619047619,95.12499999999996,2130.000000000001
2024-03-07 06:20:41,3.0137931034482763,,24.6875,0.47560975609756095,1.1025641025641029,1.5238095238095237,4.714285714285715,400.0000000000001,35.769230769230774,,698.2758620689655,4.156756756756757,4.302564102564104,4.3047619047619055,51.25000000000003,966.6666666666667,48.57692307692308,,1912.5000000000018,4.915675675675675,6.100000000000001,4.93047619047619,95.12499999999996,2299.999999999999
2024-03-07 06:20:46,3.0137931034482763,,24.6875,0.47560975609756095,1.1025641025641029,1.3000000000000003,4.714285714285715,400.0000000000001,35.769230769230774,,698.2758620689655,4.156756756756757,4.302564102564104,4.26,51.25000000000003,966.6666666666667,48.57692307692308,,1912.5000000000018,4.915675675675675,6.100000000000001,4.926,95.12499999999996,2299.999999999999
2024-03-07 06:20:51,2.9275362318840576,,31.770833333333325,1.1176470588235297,1.3684210526315792,1.1142857142857139,12.499999999999998,343.7500000000001,34.16666666666667,,585.4166666666663,4.223529411764706,4.3578947368421055,4.314285714285713,69.09090909090911,925.0000000000005,48.41666666666667,,958.5416666666665,4.92235294117647,6.450000000000026,6.499999999999973,96.90909090909088,2140.000000000002
2024-03-07 06:20:56,3.1925925925925918,,31.770833333333325,1.1176470588235297,0.4921875,1.1142857142857139,12.499999999999998,175.00000000000023,36.9736842105263,,585.4166666666663,4.223529411764706,4.293333333333335,4.314285714285713,69.09090909090911,854.5454545454546,48.69736842105263,,958.5416666666665,4.92235294117647,6.850000000000045,6.499999999999973,96.90909090909088,985.4545454545455
2024-03-07 06:21:01,3.1925925925925918,,31.770833333333325,1.1176470588235297,0.4921875,1.4000000000000004,12.499999999999998,175.00000000000023,36.9736842105263,,585.4166666666663,4.223529411764706,4.293333333333335,4.371428571428572,69.09090909090911,854.5454545454546,48.69736842105263,,958.5416666666665,4.92235294117647,6.850000000000045,6.750000000000013,96.90909090909088,985.4545454545455
2024-03-07 06:21:06,3.2079999999999997,,24.921875,0.49218749999999994,0.4921875,1.2424242424242427,8.333333333333336,200.00000000000017,36.94444444444444,,618.0000000000002,4.187096774193549,4.293333333333335,4.24848484848485,47.857142857142875,859.0909090909092,48.69444444444444,,961.8000000000002,4.918709677419355,6.850000000000045,4.924848484848486,93.80000000000003,985.909090909091
2024-03-07 06:21:11,3.0153846153846153,,24.921875,0.49218749999999994,1.0666666666666673,1.2424242424242427,8.333333333333336,75.00000000000017,33.53448275862069,,618.0000000000002,4.187096774193549,4.533333333333336,4.24848484848485,47.857142857142875,860.8695652173913,48.35344827586208,,961.8000000000002,4.918709677419355,8.91666666666668,4.924848484848486,93.80000000000003,986.0869565217392
2024-03-07 06:21:16,3.0153846153846153,,24.921875,0.49218749999999994,1.0666666666666673,1.5,8.333333333333336,75.00000000000017,33.53448275862069,,618.0000000000002,4.187096774193549,4.533333333333336,4.3,47.857142857142875,860.8695652173913,48.35344827586208,,961.8000000000002,4.918709677419355,8.91666666666668,4.93,93.80000000000003,986.0869565217392
2024-03-07 06:21:21,3.0,,45.192307692307686,0.5,1.756756756756757,1.594594594594595,20.000000000000014,75.00000000000011,33.750000000000014,,439.28571428571433,4.296969696969697,4.610810810810811,4.405405405405406,76.42857142857144,837.5000000000001,48.374999999999986,,945.2777777777775,6.599999999999962,8.899999999999988,6.750000000000057,97.64285714285711,983.7500000000001
2024-03-07 06:21:26,3.016,,45.192307692307686,0.5,1.736842105263158,1.594594594594595,20.000000000000014,158.33333333333343,36.38888888888889,,439.28571428571433,4.296969696969697,4.51578947368421,4.405405405405406,76.42857142857144,852.2727272727275,48.638888888888886,,945.2777777777775,6.599999999999962,8.349999999999977,6.750000000000057,97.64285714285711,985.2272727272729
2024-03-07 06:21:31,3.016,,45.192307692307686,0.5,1.736842105263158,1.2352941176470587,20.000000000000014,158.33333333333343,36.38888888888889,,439.28571428571433,4.296969696969697,4.51578947368421,4.341176470588235,76.42857142857144,852.2727272727275,48.638888888888886,,945.2777777777775,6.599999999999962,8.349999999999977,6.699999999999952,97.64285714285711,985.2272727272729
2024-03-07 06:21:36,2.9703703703703708,,34.99999999999999,0.4921875,0.49264705882352944,1.2941176470588232,16.750000000000007,62.499999999999915,34.621212121212125,,275.00000000000045,4.187096774193549,4.393548387096774,4.447058823529412,63.88888888888894,835.7142857142857,48.46212121212121,,932.0000000000002,4.918709677419355,8.324999999999978,33.24999999999979,96.38888888888891,983.5714285714284
2024-03-07 06:21:41,2.898550724637681,,34.99999999999999,0.4921875,0.47058823529411764,1.2941176470588232,16.750000000000007,18.181818181818187,33.671875,,275.00000000000045,4.187096774193549,4.1466666666666665,4.447058823529412,63.88888888888894,633.3333333333337,48.3671875,,932.0000000000002,4.918709677419355,4.914666666666667,33.24999999999979,96.38888888888891,963.333333333333
2024-03-07 06:21:46,2.898550724637681,,34.99999999999999,0.4921875,0.47058823529411764,1.7222222222222223,16.750000000000007,18.181818181818187,33.671875,,275.00000000000045,4.187096774193549,4.1466666666666665,4.522222222222223,63.88888888888894,633.3333333333337,48.3671875,,932.0000000000002,4.918709677419355,4.914666666666667,34.250000000000014,96.38888888888891,963.333333333333
2024-03-07 06:21:51,3.0,,24.7029702970297,1.0769230769230766,1.4516129032258065,1.1481481481481481,17.075471698113212,7.105263157894737,37.243589743589745,,83.50877192982455,4.2153846153846155,4.290322580645162,4.229629629629629,45.0,9.947368421052632,48.72435897435897,,99.14035087719299,4.9215384615384625,4.929032258064517,4.922962962962963,100.0,730.0000000000006
2024-03-07 06:21:56,3.163934426229508,,24.7029702970297,1.0769230769230766,1.1538461538461537,1.1481481481481481,17.075471698113212,6.640625,38.63636363636365,,83.50877192982455,4.2153846153846155,4.23076923076923,4.229629629629629,45.0,9.703125000000002,48.86363636363637,,99.14035087719299,4.9215384615384625,4.923076923076923,4.922962962962963,100.0,877.4999999999998
2024-03-07 06:22:01,3.163934426229508,,24.7029702970297,1.0769230769230766,1.1538461538461537,1.2307692307692304,17.075471698113212,6.640625,38.63636363636365,,83.50877192982455,4.2153846153846155,4.23076923076923,4.246153846153846,45.0,9.703125000000002,48.86363636363637,,99.14035087719299,4.9215384615384625,4.923076923076923,4.924615384615384,100.0,877.4999999999998
2024-03-07 06:22:06,3.101449275362319,,31.666666666666664,0.5,0.4903846153846154,1.4666666666666663,18.194444444444446,7.211538461538462,37.012195121951216,,92.50000000000003,4.2,4.184000000000001,4.293333333333334,46.875000000000014,575.0000000000006,48.701219512195124,,867.4999999999995,4.92,4.918399999999999,4.929333333333333,93.43749999999999,957.4999999999998
2024-03-07 06:22:11,2.8904109589041096,,31.666666666666664,0.5,1.1481481481481481,1.4666666666666663,18.194444444444446,8.13953488372093,31.724137931034498,,92.50000000000003,4.2,4.348148148148149,4.293333333333334,46.875000000000014,550.0,48.172413793103445,,867.4999999999995,4.92,7.300000000000006,4.929333333333333,93.43749999999999,955.0
2024-03-07 06:22:16,2.8904109589041096,,31.666666666666664,0.5,1.1481481481481481,1.8823529411764706,18.194444444444446,8.13953488372093,31.724137931034498,,92.50000000000003,4.2,4.348148148148149,4.376470588235295,46.875000000000014,550.0,48.172413793103445,,867.4999999999995,4.92,7.300000000000006,4.937647058823529,93.43749999999999,955.0
2024-03-07 06:22:21,2.8666666666666663,,24.137168141592923,1.0784313725490198,1.0740740740740744,1.8823529411764706,16.20689655172414,7.692307692307692,29.423076923076927,,75.79545454545455,4.403921568627451,4.333333333333334,4.376470588235295,37.352941176470594,9.846153846153847,47.942307692307686,,97.57954545454547,8.23333333333333,7.2500000000000115,4.937647058823529,73.5,860.0000000000005
2024-03-07 06:22:26,2.916083916083916,,24.137168141592923,1.0784313725490198,0.4907407407407407,1.8823529411764706,16.20689655172414,7.6499999999999995,31.982758620689665,,75.79545454545455,4.403921568627451,4.184615384615386,4.376470588235295,37.352941176470594,9.77,48.19827586206897,,97.57954545454547,8.23333333333333,4.918461538461538,4.937647058823529,73.5,734.9999999999983
2024-03-07 06:22:31,2.916083916083916,,24.137168141592923,1.0784313725490198,0.4907407407407407,1.6875,16.20689655172414,7.6499999999999995,31.982758620689665,,75.79545454545455,4.403921568627451,4.184615384615386,4.3375,37.352941176470594,9.77,48.19827586206897,,97.57954545454547,8.23333333333333,4.918461538461538,4.93375,73.5,734.9999999999983
2024-03-07 06:22:36,2.855072463768116,,28.958333333333336,0.4772727272727273,1.2962962962962963,1.6000000000000005,16.807692307692307,9.083333333333332,30.76923076923077,,306.2500000000007,4.224489795918367,4.2592592592592595,4.32,36.60714285714285,693.75,48.07692307692308,,940.8823529411764,4.995918367346938,4.925925925925926,4.9319999999999995,82.49999999999994,969.375
2024-03-07 06:22:41,3.0,,28.958333333333336,0.4772727272727273,1.3076923076923077,1.6000000000000005,16.807692307692307,125.00000000000023,35.34722222222223,,306.2500000000007,4.224489795918367,4.384615384615385,4.32,36.60714285714285,858.3333333333334,48.53472222222223,,940.8823529411764,4.995918367346938,7.500000000000017,4.9319999999999995,82.49999999999994,985.8333333333333
2024-03-07 06:22:46,3.0,,28.958333333333336,0.4772727272727273,1.3076923076923077,0.4907407407407407,16.807692307692307,125.00000000000023,35.34722222222223,,306.2500000000007,4.224489795918367,4.384615384615385,4.184615384615386,36.60714285714285,858.3333333333334,48.53472222222223,,940.8823529411764,4.995918367346938,7.500000000000017,4.918461538461538,82.49999999999994,985.8333333333333
2024-03-07 06:22:51,3.1726618705035974,,31.976744186046517,1.0740740740740744,0.48214285714285715,1.1379310344827587,17.75,22.18750000000001,38.38541666666667,,97.37704918032787,4.2740740740740755,4.296000000000001,4.227586206896552,45.88235294117648,838.2352941176471,48.838541666666664,,876.6666666666672,4.994074074074074,7.300000000000006,4.922758620689655,93.25,983.8235294117646
2024-03-07 06:22:56,3.169014084507043,,31.976744186046517,1.0740740740740744,0.4910714285714286,1.1379310344827587,17.75,8.618421052631579,36.66666666666667,,97.37704918032787,4.2740740740740755,4.307692307692308,4.227586206896552,45.88235294117648,607.1428571428572,48.66666666666666,,876.6666666666672,4.994074074074074,7.2500000000000115,4.922758620689655,93.25,960.7142857142858
2024-03-07 06:23:01,3.169014084507043,,31.976744186046517,1.0740740740740744,0.4910714285714286,1.5333333333333337,17.75,8.618421052631579,36.66666666666667,,97.37704918032787,4.2740740740740755,4.307692307692308,4.306666666666667,45.88235294117648,607.1428571428572,48.66666666666666,,876.6666666666672,4.994074074074074,7.2500000000000115,4.930666666666667,93.25,960.7142857142858
2024-03-07 06:23:06,3.1221374045801524,,26.85185185185185,1.2962962962962963,1.2222222222222219,1.3200000000000003,15.892857142857142,7.76595744680851,36.2142857142857,,80.19607843137257,4.318518518518518,4.362962962962963,4.3919999999999995,40.45454545454546,9.97872340425532,48.62142857142856,,98.01960784313727,4.998518518518519,7.349999999999983,7.599999999999989,91.50000000000003,739.9999999999977
2024-03-07 06:23:11,3.1333333333333333,,26.85185185185185,1.2962962962962963,1.2307692307692304,1.3200000000000003,15.892857142857142,7.954545454545454,37.38095238095239,,80.19607843137257,4.318518518518518,4.492307692307692,4.3919999999999995,40.45454545454546,20.499999999999993,48.738095238095234,,98.01960784313727,4.998518518518519,17.049999999999947,7.599999999999989,91.50000000000003,869.9999999999993
2024-03-07 06:23:16,3.1333333333333333,,26.85185185185185,1.2962962962962963,1.2307692307692304,1.5517241379310347,15.892857142857142,7.954545454545454,37.38095238095239,,80.19607843137257,4.318518518518518,4.492307692307692,4.4206896551724135,40.45454545454546,20.499999999999993,48.738095238095234,,98.01960784313727,4.998518518518519,17.049999999999947,7.399999999999977,91.50000000000003,869.9999999999993
2024-03-07 06:23:21,3.1768707482993195,,32.4468085106383,0.49999999999999994,1.16,1.7428571428571429,15.625,14.375000000000004,36.42857142857143,,444.4444444444446,4.450980392156863,4.616,4.348571428571429,37.70833333333333,750.0,48.64285714285715,,945.0,8.625,16.90000000000002,4.934857142857144,89.1,975.0
2024-03-07 06:23:26,2.9008264462809916,,32.4468085106383,0.49999999999999994,0.5,1.7428571428571429,15.625,231.25000000000006,36.964285714285715,,444.4444444444446,4.450980392156863,4.6173913043478265,4.348571428571429,37.70833333333333,873.8095238095239,48.69642857142856,,945.0,8.625,17.199999999999932,4.934857142857144,89.1,987.3809523809523
2024-03-07 06:23:31,2.9008264462809916,,32.4468085106383,0.49999999999999994,0.5,1.666666666666667,15.625,231.25000000000006,36.964285714285715,,444.4444444444446,4.450980392156863,4.6173913043478265,4.333333333333334,37.70833333333333,873.8095238095239,48.69642857142856,,945.0,8.625,17.199999999999932,4.933333333333334,89.1,987.3809523809523
2024-03-07 06:23:36,2.8016528925619832,,20.97315436241611,1.0363636363636362,0.5,1.5333333333333337,10.669642857142856,25.0,36.6875,,91.11111111111116,4.207272727272727,4.466666666666667,4.306666666666667,22.348214285714285,863.1578947368421,48.66875,,909.1666666666667,4.920727272727273,17.199999999999932,4.930666666666667,24.975892857142856,986.3157894736842
2024-03-07 06:23:41,2.155172413793103,,20.97315436241611,1.0363636363636362,1.2068965517241381,1.5333333333333337,10.669642857142856,7.613636363636365,28.49999999999999,,91.11111111111116,4.207272727272727,4.241379310344827,4.306666666666667,22.348214285714285,694.4444444444447,47.85000000000001,,909.1666666666667,4.920727272727273,4.924137931034483,4.930666666666667,24.975892857142856,969.4444444444446
2024-03-07 06:23:46,2.155172413793103,,20.97315436241611,1.0363636363636362,1.2068965517241381,1.5806451612903227,10.669642857142856,7.613636363636365,28.49999999999999,,91.11111111111116,4.207272727272727,4.241379310344827,4.316129032258065,22.348214285714285,694.4444444444447,47.85000000000001,,909.1666666666667,4.920727272727273,4.924137931034483,4.9316129032258065,24.975892857142856,969.4444444444446
2024-03-07 06:23:51,2.125,,20.0609756097561,0.4912280701754386,0.5,1.7272727272727275,5.0,6.666666666666666,4.875,,56.25000000000003,4.1854545454545455,4.200000000000001,4.442424242424243,22.21818181818182,9.777777777777779,46.94444444444445,,97.5,4.918545454545455,4.92,16.599999999999994,24.96727272727273,860.0000000000005
2024-03-07 06:23:56,2.421875,,20.0609756097561,0.4912280701754386,1.068965517241379,1.7272727272727275,5.0,7.5625,31.25,,56.25000000000003,4.1854545454545455,4.2137931034482765,4.442424242424243,22.21818181818182,122.4999999999996,48.125,,97.5,4.918545454545455,4.921379310344828,16.599999999999994,24.96727272727273,928.7500000000003
2024-03-07 06:24:01,2.421875,,20.0609756097561,0.4912280701754386,1.068965517241379,1.8000000000000003,5.0,7.5625,31.25,,56.25000000000003,4.1854545454545455,4.2137931034482765,4.451428571428572,22.21818181818182,122.4999999999996,48.125,,97.5,4.918545454545455,4.921379310344828,16.299999999999986,24.96727272727273,928.7500000000003
2024-03-07 06:24:06,2.43801652892562,,21.90217391304348,0.4910714285714286,1.1379310344827587,1.6875000000000004,5.0,17.50000000000001,33.25757575757577,,562.0000000000006,4.185185185185185,4.227586206896552,4.4375,22.22222222222222,816.6666666666666,48.32575757575757,,956.1999999999998,4.9185185185185185,4.922758620689655,7.2500000000000115,24.97222222222222,981.6666666666667
2024-03-07 06:24:11,2.11304347826087,,21.90217391304348,0.4910714285714286,1.0714285714285716,1.6875000000000004,5.0,321.42857142857144,29.629629629629637,,562.0000000000006,4.185185185185185,4.214285714285714,4.4375,22.22222222222222,877.2727272727273,47.96296296296296,,956.1999999999998,4.9185185185185185,4.921428571428572,7.2500000000000115,24.97222222222222,987.7272727272727
2024-03-07 06:24:16,2.11304347826087,,21.90217391304348,0.4910714285714286,1.0714285714285716,1.4137931034482758,5.0,321.42857142857144,29.629629629629637,,562.0000000000006,4.185185185185185,4.214285714285714,4.393103448275863,22.22222222222222,877.2727272727273,47.96296296296296,,956.1999999999998,4.9185185185185185,4.921428571428572,7.300000000000006,24.97222222222222,987.7272727272727
2024-03-07 06:24:21,2.1570247933884295,,21.0551948051948,0.4776785714285714,0.5,1.5454545454545452,4.7894736842105265,319.4444444444444,29.07407407407409,,527.0833333333331,4.1607843137254905,4.200000000000001,4.309090909090909,21.826923076923077,870.4545454545455,47.90740740740742,,952.7083333333333,4.916078431372549,4.92,4.930909090909092,24.682692307692307,987.0454545454546
2024-03-07 06:24:26,2.3277310924369745,,21.0551948051948,0.4776785714285714,0.4910714285714286,1.5454545454545452,4.7894736842105265,235.00000000000006,29.711538461538456,,527.0833333333331,4.1607843137254905,4.185185185185185,4.309090909090909,21.826923076923077,875.0,47.971153846153854,,952.7083333333333,4.916078431372549,4.9185185185185185,4.930909090909092,24.682692307692307,987.5
2024-03-07 06:24:31,2.3277310924369745,,21.0551948051948,0.4776785714285714,0.4910714285714286,1.6285714285714286,4.7894736842105265,235.00000000000006,29.711538461538456,,527.0833333333331,4.1607843137254905,4.185185185185185,4.325714285714286,21.826923076923077,875.0,47.971153846153854,,952.7083333333333,4.916078431372549,4.9185185185185185,4.932571428571428,24.682692307692307,987.5
2024-03-07 06:24:36,2.333333333333333,,22.33471074380165,1.5818181818181816,0.44852941176470584,1.7368421052631575,3.83076923076923,196.4285714285715,34.99999999999999,,502.4999999999997,4.316363636363636,4.0962962962962965,4.347368421052632,19.964285714285708,865.909090909091,48.5,,950.2499999999998,4.931636363636363,4.909629629629629,4.934736842105263,24.49642857142857,986.590909090909
2024-03-07 06:24:41,2.6999999999999997,,22.33471074380165,1.5818181818181816,1.0588235294117645,1.7368421052631575,3.83076923076923,62.49999999999996,38.882978723404264,,502.4999999999997,4.316363636363636,4.305882352941176,4.347368421052632,19.964285714285708,808.3333333333333,48.88829787234043,,950.2499999999998,4.931636363636363,6.549999999999968,4.934736842105263,24.49642857142857,980.8333333333333
2024-03-07 06:24:46,2.6999999999999997,,22.33471074380165,1.5818181818181816,1.0588235294117645,1.1176470588235297,3.83076923076923,62.49999999999996,38.882978723404264,,502.4999999999997,4.316363636363636,4.305882352941176,4.223529411764706,19.964285714285708,808.3333333333333,48.88829787234043,,950.2499999999998,4.931636363636363,6.549999999999968,4.92235294117647,24.49642857142857,980.8333333333333
2024-03-07 06:24:51,2.6893203883495143,,19.342105263157894,1.5714285714285712,0.5,1.2702702702702702,3.6956521739130435,8.46590909090909,38.53260869565217,,73.375,4.314285714285715,4.294117647058824,4.254054054054054,19.062500000000004,507.14285714285637,48.85326086956522,,97.3375,4.9314285714285715,6.5000000000000195,4.925405405405405,24.40625,950.7142857142853
2024-03-07 06:24:56,2.6146788990825685,,19.342105263157894,1.5714285714285712,0.5,1.2702702702702702,3.6956521739130435,7.300000000000001,37.261904761904766,,73.375,4.314285714285715,4.294117647058824,4.254054054054054,19.062500000000004,11.000000000000018,48.726190476190474,,97.3375,4.9314285714285715,6.5000000000000195,4.925405405405405,24.40625,829.9999999999982
2024-03-07 06:25:01,2.6146788990825685,,19.342105263157894,1.5714285714285712,0.5,1.0000000000000007,3.6956521739130435,7.300000000000001,37.261904761904766,,73.375,4.314285714285715,4.294117647058824,4.200000000000001,19.062500000000004,11.000000000000018,48.726190476190474,,97.3375,4.9314285714285715,6.5000000000000195,4.92,24.40625,829.9999999999982
2024-03-07 06:25:06,2.6491228070175437,,22.16535433070866,0.4551282051282051,1.1764705882352942,1.0540540540540546,3.027777777777778,8.828125,37.2093023255814,,543.4782608695656,4.112499999999999,4.329411764705883,4.210810810810811,4.65,726.9230769230767,48.72093023255814,,954.3478260869564,4.91125,6.649999999999958,4.9210810810810806,6.350000000000038,972.6923076923076
2024-03-07 06:25:11,2.589285714285714,,22.16535433070866,0.4551282051282051,1.1176470588235297,1.0540540540540546,3.027777777777778,74.99999999999991,36.56249999999999,,543.4782608695656,4.112499999999999,4.223529411764706,4.210810810810811,4.65,847.8260869565216,48.65625000000001,,954.3478260869564,4.91125,4.92235294117647,4.9210810810810806,6.350000000000038,984.782608695652
2024-03-07 06:25:16,2.589285714285714,,22.16535433070866,0.4551282051282051,1.1176470588235297,1.4,3.027777777777778,74.99999999999991,36.56249999999999,,543.4782608695656,4.112499999999999,4.223529411764706,4.280000000000001,4.65,847.8260869565216,48.65625000000001,,954.3478260869564,4.91125,4.92235294117647,4.928,6.350000000000038,984.782608695652
2024-03-07 06:25:21,2.5596330275229358,,19.57831325301205,0.4473684210526316,0.4736842105263158,1.358974358974359,3.0294117647058822,9.852941176470587,36.47435897435898,,82.63157894736844,4.093333333333334,4.1529411764705895,4.271794871794871,4.652941176470588,766.6666666666664,48.6474358974359,,787.9999999999986,4.909333333333333,4.915294117647059,4.927179487179487,6.549999999999968,976.6666666666665
2024-03-07 06:25:26,2.5887850467289724,,19.57831325301205,0.4473684210526316,0.493421052631579,1.358974358974359,3.0294117647058822,6.944444444444445,36.04166666666667,,82.63157894736844,4.093333333333334,4.1891891891891895,4.271794871794871,4.652941176470588,16.37500000000005,48.60416666666666,,787.9999999999986,4.909333333333333,4.918918918918919,4.927179487179487,6.549999999999968,878.3333333333335
2024-03-07 06:25:31,2.5887850467289724,,19.57831325301205,0.4473684210526316,0.493421052631579,1.564102564102564,3.0294117647058822,6.944444444444445,36.04166666666667,,82.63157894736844,4.093333333333334,4.1891891891891895,4.3128205128205135,4.652941176470588,16.37500000000005,48.60416666666666,,787.9999999999986,4.909333333333333,4.918918918918919,4.93128205128205,6.549999999999968,878.3333333333335
2024-03-07 06:25:36,2.4851485148514856,,20.456204379562045,0.39285714285714285,1.324324324324324,1.4444444444444444,3.0,7.071428571428571,35.07812500000001,,157.00000000000082,3.9000000000000004,4.264864864864865,4.288888888888889,4.6,197.5000000000006,48.50781250000001,,920.4166666666672,4.889999999999999,4.9264864864864855,4.928888888888889,4.960000000000001,916.2499999999992
2024-03-07 06:25:41,2.1157894736842104,,20.456204379562045,0.39285714285714285,0.5,1.4444444444444444,3.0,20.312499999999993,32.76785714285714,,157.00000000000082,3.9000000000000004,4.200000000000001,4.288888888888889,4.6,722.7272727272725,48.2767857142857,,920.4166666666672,4.889999999999999,4.92,4.928888888888889,4.960000000000001,972.2727272727273
2024-03-07 06:25:46,2.1157894736842104,,20.456204379562045,0.39285714285714285,0.5,1.285714285714286,3.0,20.312499999999993,32.76785714285714,,157.00000000000082,3.9000000000000004,4.200000000000001,4.257142857142858,4.6,722.7272727272725,48.2767857142857,,920.4166666666672,4.889999999999999,4.92,4.925714285714286,4.960000000000001,972.2727272727273
2024-03-07 06:25:51,2.1666666666666665,,20.64189189189189,0.4312499999999999,0.4714285714285714,1.4210526315789473,3.0,100.0,29.69999999999999,,437.49999999999955,4.048275862068966,4.148387096774194,4.28421052631579,4.6,800.0,47.97,,944.7368421052629,4.9048275862068955,4.914838709677419,4.928421052631578,4.959999999999999,979.9999999999998
2024-03-07 06:25:56,2.0608695652173914,,20.64189189189189,0.4312499999999999,0.5,1.4210526315789473,3.0,75.0,28.75000000000002,,437.49999999999955,4.048275862068966,4.199999999999999,4.28421052631579,4.6,822.4999999999998,47.87499999999999,,944.7368421052629,4.9048275862068955,4.92,4.928421052631578,4.959999999999999,982.25
2024-03-07 06:26:01,2.0608695652173914,,20.64189189189189,0.4312499999999999,0.5,1.2105263157894743,3.0,75.0,28.75000000000002,,437.49999999999955,4.048275862068966,4.199999999999999,4.242105263157896,4.6,822.4999999999998,47.87499999999999,,944.7368421052629,4.9048275862068955,4.92,4.92421052631579,4.959999999999999,982.25
2024-03-07 06:26:06,2.096774193548387,,19.281767955801104,0.45625000000000004,0.49324324324324326,1.3000000000000003,3.0,15.5,26.25,,87.14285714285717,4.115151515151516,4.18888888888889,4.26,4.6,763.3333333333333,47.625000000000014,,875.5555555555559,4.911515151515152,4.918888888888889,4.926,4.96,976.3333333333333
2024-03-07 06:26:11,2.2800000000000002,,19.281767955801104,0.45625000000000004,1.0526315789473681,1.3000000000000003,3.0,8.472222222222223,26.52173913043479,,87.14285714285717,4.115151515151516,4.2105263157894735,4.26,4.6,468.7500000000001,47.65217391304347,,875.5555555555559,4.911515151515152,4.921052631578948,4.926,4.96,946.4285714285716
2024-03-07 06:26:16,2.2800000000000002,,19.281767955801104,0.45625000000000004,1.0526315789473681,1.205128205128205,3.0,8.472222222222223,26.52173913043479,,87.14285714285717,4.115151515151516,4.2105263157894735,4.241025641025642,4.6,468.7500000000001,47.65217391304347,,875.5555555555559,4.911515151515152,4.921052631578948,4.924102564102564,4.96,946.4285714285716
2024-03-07 06:26:21,2.2869565217391306,,19.92088607594937,0.4329268292682927,1.1621621621621623,1.1578947368421053,3.028985507246377,8.258928571428571,29.807692307692292,,107.5000000000011,4.053333333333333,4.232432432432432,4.231578947368422,4.6521739130434785,481.2500000000004,47.980769230769226,,912.9166666666669,4.905333333333333,4.923243243243244,4.923157894736843,6.5000000000000195,947.8571428571429
2024-03-07 06:26:26,2.3859649122807016,,19.92088607594937,0.4329268292682927,1.1142857142857139,1.1578947368421053,3.028985507246377,9.423076923076923,32.82258064516129,,107.5000000000011,4.053333333333333,4.314285714285713,4.231578947368422,4.6521739130434785,746.4285714285713,48.282258064516135,,912.9166666666669,4.905333333333333,6.499999999999973,4.923157894736843,6.5000000000000195,974.6428571428571
2024-03-07 06:26:31,2.3859649122807016,,19.92088607594937,0.4329268292682927,1.1142857142857139,1.3684210526315792,3.028985507246377,9.423076923076923,32.82258064516129,,107.5000000000011,4.053333333333333,4.314285714285713,4.3578947368421055,4.6521739130434785,746.4285714285713,48.282258064516135,,912.9166666666669,4.905333333333333,6.499999999999973,6.450000000000026,6.5000000000000195,974.6428571428571
2024-03-07 06:26:36,2.339130434782609,,19.13793103448276,0.46052631578947373,0.49324324324324326,1.2941176470588232,3.0,9.011627906976745,31.810344827586214,,79.6,4.125,4.28,4.541176470588234,4.6,726.9230769230767,48.181034482758626,,823.3333333333321,4.9125,6.349999999999989,14.649999999999904,4.96,972.6923076923076
2024-03-07 06:26:41,2.105263157894737,,19.13793103448276,0.46052631578947373,0.4797297297297297,1.2941176470588232,3.0,7.228260869565217,25.357142857142883,,79.6,4.125,4.164705882352941,4.541176470588234,4.6,115.0000000000002,47.53571428571429,,823.3333333333321,4.9125,4.916470588235294,14.649999999999904,4.96,913.7499999999991
2024-03-07 06:26:46,2.105263157894737,,19.13793103448276,0.46052631578947373,0.4797297297297297,1.8780487804878048,3.0,7.228260869565217,25.357142857142883,,79.6,4.125,4.164705882352941,4.53170731707317,4.6,115.0000000000002,47.53571428571429,,823.3333333333321,4.9125,4.916470588235294,14.799999999999887,4.96,913.7499999999991
2024-03-07 06:26:51,1.981132075471698,,19.62837837837838,0.43918918918918926,1.2352941176470589,1.7500000000000002,3.031746031746032,7.720588235294119,4.939622641509434,,350.00000000000216,4.071428571428572,4.247058823529412,4.350000000000001,4.657142857142858,535.7142857142865,47.27777777777778,,940.625,4.907142857142858,4.924705882352942,4.9350000000000005,6.8000000000000504,953.5714285714289
2024-03-07 06:26:56,2.0961538461538467,,19.62837837837838,0.43918918918918926,1.1249999999999996,1.7500000000000002,3.031746031746032,19.750000000000007,4.973076923076924,,350.00000000000216,4.071428571428572,4.225,4.350000000000001,4.657142857142858,834.2105263157896,47.402777777777786,,940.625,4.907142857142858,4.9225,4.9350000000000005,6.8000000000000504,983.421052631579
2024-03-07 06:27:01,2.0961538461538467,,19.62837837837838,0.43918918918918926,1.1249999999999996,1.2941176470588236,3.031746031746032,19.750000000000007,4.973076923076924,,350.00000000000216,4.071428571428572,4.225,4.258823529411766,4.657142857142858,834.2105263157896,47.402777777777786,,940.625,4.907142857142858,4.9225,4.925882352941176,6.8000000000000504,983.421052631579
2024-03-07 06:27:06,2.230769230769231,,19.40828402366864,0.4146341463414634,0.48571428571428565,1.5128205128205128,3.0,21.666666666666668,4.993162393162394,,314.2857142857148,3.992592592592593,4.175757575757576,4.302564102564103,4.6,838.0952380952382,47.47500000000001,,933.7499999999998,4.899259259259258,4.917575757575757,4.93025641025641,4.96,983.8095238095236
2024-03-07 06:27:11,2.3023255813953485,,19.40828402366864,0.4146341463414634,1.0555555555555554,1.5128205128205128,3.0,8.944444444444445,25.227272727272734,,314.2857142857148,3.992592592592593,4.21111111111111,4.302564102564103,4.6,726.9230769230767,47.52272727272727,,933.7499999999998,4.899259259259258,4.921111111111111,4.93025641025641,4.96,972.6923076923076
2024-03-07 06:27:16,2.3023255813953485,,19.40828402366864,0.4146341463414634,1.0555555555555554,1.7999999999999998,3.0,8.944444444444445,25.227272727272734,,314.2857142857148,3.992592592592593,4.21111111111111,4.360000000000001,4.6,726.9230769230767,47.52272727272727,,933.7499999999998,4.899259259259258,4.921111111111111,4.936,4.96,972.6923076923076
2024-03-07 06:27:21,2.3383458646616546,,19.175977653631286,0.46341463414634143,0.4802631578947369,1.851063829787234,3.0,8.060344827586206,25.760869565217423,,82.88461538461544,4.131428571428572,4.165714285714286,4.370212765957447,4.6,491.6666666666654,47.576086956521735,,863.1249999999998,4.913142857142858,4.916571428571428,4.937021276595745,4.96,949.285714285714
2024-03-07 06:27:26,2.4330708661417324,,19.175977653631286,0.46341463414634143,0.5,1.851063829787234,3.0,8.936170212765958,30.948275862068975,,82.88461538461544,4.131428571428572,4.286486486486486,4.370212765957447,4.6,663.6363636363637,48.09482758620689,,863.1249999999998,4.913142857142858,6.2000000000000055,4.937021276595745,4.96,966.3636363636365
2024-03-07 06:27:31,2.4330708661417324,,19.175977653631286,0.46341463414634143,0.5,1.6046511627906979,3.0,8.936170212765958,30.948275862068975,,82.88461538461544,4.131428571428572,4.286486486486486,4.3209302325581405,4.6,663.6363636363637,48.09482758620689,,863.1249999999998,4.913142857142858,6.2000000000000055,4.932093023255814,4.96,966.3636363636365
2024-03-07 06:27:36,2.5327102803738315,,22.283464566929133,0.4487179487179486,1.4102564102564101,1.5,3.0,24.062500000000004,36.75000000000001,,450.0,4.096774193548386,4.364102564102565,4.3,4.6,805.2631578947369,48.675,,947.4999999999998,4.909677419354838,6.399999999999984,4.93,4.96,980.5263157894738
2024-03-07 06:27:41,2.8415841584158414,,22.283464566929133,0.4487179487179486,1.1176470588235297,1.5,3.0,21.25,39.076086956521735,,450.0,4.096774193548386,4.223529411764706,4.3,4.6,800.0,48.90760869565217,,947.4999999999998,4.909677419354838,4.92235294117647,4.93,4.96,979.9999999999998
2024-03-07 06:27:46,2.8415841584158414,,22.283464566929133,0.4487179487179486,1.1176470588235297,1.222222222222222,3.0,21.25,39.076086956521735,,450.0,4.096774193548386,4.223529411764706,4.244444444444445,4.6,800.0,48.90760869565217,,947.4999999999998,4.909677419354838,4.92235294117647,4.924444444444443,4.96,979.9999999999998
2024-03-07 06:27:51,2.6875,,19.288079470198674,0.46212121212121204,0.5,0.4921875,3.0,8.214285714285715,37.884615384615394,,74.0277777777778,4.128571428571428,4.199999999999999,4.187096774193549,4.6,234.99999999999997,48.78846153846155,,97.40277777777779,4.912857142857143,4.92,4.918709677419355,4.96,947.5000000000002
2024-03-07 06:27:56,2.213483146067416,,19.288079470198674,0.46212121212121204,1.1176470588235297,0.4921875,3.0,7.901785714285714,36.84210526315789,,74.0277777777778,4.128571428571428,4.223529411764706,4.187096774193549,4.6,22.500000000000043,48.684210526315795,,97.40277777777779,4.912857142857143,4.92235294117647,4.918709677419355,4.96,891.6666666666677
2024-03-07 06:28:01,2.213483146067416,,19.288079470198674,0.46212121212121204,1.1176470588235297,1.0588235294117645,3.0,7.901785714285714,36.84210526315789,,74.0277777777778,4.128571428571428,4.223529411764706,4.211764705882354,4.6,22.500000000000043,48.684210526315795,,97.40277777777779,4.912857142857143,4.92235294117647,4.921176470588234,4.96,891.6666666666677
2024-03-07 06:28:06,2.5047619047619047,,21.763698630136986,0.45833333333333326,0.49285714285714277,1.4651162790697672,3.026315789473684,14.687499999999996,38.03191489361702,,502.173913043478,4.120000000000001,4.188235294117646,4.293023255813953,4.647368421052632,742.8571428571429,48.8031914893617,,950.2173913043478,4.912000000000001,4.918823529411764,4.9293023255813955,307.5000000000005,974.2857142857142
2024-03-07 06:28:11,2.6226415094339615,,21.763698630136986,0.45833333333333326,0.47857142857142854,1.4651162790697672,3.026315789473684,81.24999999999997,38.29787234042553,,502.173913043478,4.120000000000001,4.1625000000000005,4.293023255813953,4.647368421052632,843.1818181818181,48.829787234042556,,950.2173913043478,4.912000000000001,4.91625,4.9293023255813955,307.5000000000005,984.3181818181818
2024-03-07 06:28:16,2.6226415094339615,,21.763698630136986,0.45833333333333326,0.47857142857142854,1.681818181818182,3.026315789473684,81.24999999999997,38.29787234042553,,502.173913043478,4.120000000000001,4.1625000000000005,4.336363636363637,4.647368421052632,843.1818181818181,48.829787234042556,,950.2173913043478,4.912000000000001,4.91625,4.933636363636364,307.5000000000005,984.3181818181818
2024-03-07 06:28:21,2.3863636363636362,,22.52173913043478,0.43749999999999994,1.1212121212121209,1.4324324324324327,3.0666666666666664,240.62499999999991,37.81250000000001,,813.636363636364,4.066666666666666,4.224242424242425,4.286486486486487,4.72,952.272727272727,48.78124999999999,,2238.181818181818,4.906666666666667,4.922424242424243,4.9286486486486485,8.45,2271.25
2024-03-07 06:28:26,2.642105263157895,,22.52173913043478,0.43749999999999994,1.324324324324324,1.4324324324324327,3.0666666666666664,375.0,37.22222222222223,,813.636363636364,4.066666666666666,4.264864864864865,4.286486486486487,4.72,1480.0000000000002,48.722222222222214,,2238.181818181818,4.906666666666667,4.9264864864864855,4.9286486486486485,8.45,2397.999999999999
2024-03-07 06:28:31,2.642105263157895,,22.52173913043478,0.43749999999999994,1.324324324324324,1.457142857142857,3.0666666666666664,375.0,37.22222222222223,,813.636363636364,4.066666666666666,4.264864864864865,4.382857142857143,4.72,1480.0000000000002,48.722222222222214,,2238.181818181818,4.906666666666667,4.9264864864864855,6.800000000000008,8.45,2397.999999999999
2024-03-07 06:28:36,2.757575757575758,,23.043478260869566,0.44230769230769224,1.166666666666666,1.5294117647058827,3.0,216.66666666666657,38.23170731707317,,611.1111111111113,4.08,4.233333333333333,4.588235294117648,4.6,1187.4999999999993,48.82317073170731,,2000.0000000000023,4.9079999999999995,4.923333333333333,8.916666666666675,4.96,2368.7499999999995
2024-03-07 06:28:41,2.443298969072165,,23.043478260869566,0.44230769230769224,0.5,1.5294117647058827,3.0,240.62500000000003,37.43902439024391,,611.1111111111113,4.08,4.2,4.588235294117648,4.6,991.6666666666669,48.74390243902438,,2000.0000000000023,4.9079999999999995,4.919999999999999,8.916666666666675,4.96,2342.500000000001
2024-03-07 06:28:46,2.443298969072165,,23.043478260869566,0.44230769230769224,0.5,0.5,3.0,240.62500000000003,37.43902439024391,,611.1111111111113,4.08,4.2,4.3999999999999995,4.6,991.6666666666669,48.74390243902438,,2000.0000000000023,4.9079999999999995,4.919999999999999,8.299999999999981,4.96,2342.500000000001
2024-03-07 06:28:51,2.3269230769230775,,21.8359375,0.3977272727272727,0.48571428571428565,1.0588235294117645,3.0294117647058822,388.888888888889,34.46969696969697,,770.0000000000005,3.9230769230769225,4.175757575757576,4.305882352941176,4.652941176470588,1627.2727272727284,48.446969696969695,,2224.5454545454554,4.892307692307692,4.917575757575757,146.49999999999903,6.549999999999968,2412.7272727272734
2024-03-07 06:28:56,2.475728155339806,,21.8359375,0.3977272727272727,0.49285714285714277,1.0588235294117645,3.0294117647058822,343.7499999999999,35.972222222222236,,770.0000000000005,3.9230769230769225,4.188235294117646,4.305882352941176,4.652941176470588,1449.9999999999989,48.59722222222223,,2224.5454545454554,4.892307692307692,4.918823529411764,146.49999999999903,6.549999999999968,2394.999999999999
2024-03-07 06:29:01,2.475728155339806,,21.8359375,0.3977272727272727,0.49285714285714277,1.342857142857143,3.0294117647058822,343.7499999999999,35.972222222222236,,770.0000000000005,3.9230769230769225,4.188235294117646,4.359999999999999,4.652941176470588,1449.9999999999989,48.59722222222223,,2224.5454545454554,4.892307692307692,4.918823529411764,150.99999999999858,6.549999999999968,2394.999999999999
