timestamp,details-v1-b788479c5-bbg6t_cpu,productpage-v1-7fb564989f-lvdk6_cpu,ratings-v1-5b6b66f9b5-7bln6_cpu,reviews-v1-7b76c4f45d-96n5g_cpu,reviews-v1-7b76c4f45d-s5dnq_cpu,reviews-v3-5fd56449d8-tv4wp_cpu,reviews-v2-6ccf99c555-fqvhb_cpu,details-v1-b788479c5-bbg6t_memory,productpage-v1-7fb564989f-lvdk6_memory,ratings-v1-5b6b66f9b5-7bln6_memory,reviews-v1-7b76c4f45d-96n5g_memory,reviews-v1-7b76c4f45d-s5dnq_memory,reviews-v3-5fd56449d8-tv4wp_memory,reviews-v2-6ccf99c555-fqvhb_memory,reviews-v1-7b76c4f45d-s5dnq_network,productpage-v1-7fb564989f-lvdk6_network,reviews-v1-7b76c4f45d-96n5g_network,ratings-v1-5b6b66f9b5-7bln6_network,reviews-v2-6ccf99c555-fqvhb_network,details-v1-b788479c5-bbg6t_network,reviews-v3-5fd56449d8-tv4wp_network
2024-03-06 17:22:01,3.6995832333407934,29.502362966665412,0.8342713999998826,-1.0,1.1340864666666541,5.7052310000017314,3.2710796333352237,24.686592,56.594432,9.928704,-1.0,81.408,531.030016,491.429888,43.121111111111105,3039.6844444444446,-1.0,72.81777777777778,194.13777777777779,184.05444444444444,164.69444444444446
2024-03-06 17:22:06,3.6995832333407934,29.502362966665412,0.8342713999998826,-1.0,1.1340864666666541,5.7052310000017314,3.2710796333352237,24.686592,56.594432,9.928704,-1.0,81.408,531.030016,491.429888,43.121111111111105,3039.6844444444446,-1.0,72.81777777777778,194.13777777777779,184.05444444444444,164.69444444444446
2024-03-06 17:22:11,3.6995832333407934,29.502362966665412,0.8342713999998826,-1.0,1.1340864666666541,5.7052310000017314,3.2710796333352237,24.686592,56.594432,9.928704,-1.0,81.408,531.030016,491.429888,43.121111111111105,3039.6844444444446,-1.0,72.81777777777778,194.13777777777779,184.05444444444444,164.69444444444446
2024-03-06 17:22:16,6.780529399990581,39.41708863333892,1.9141475333337141,-1.0,1.1340864666666541,5.7052310000017314,3.2710796333352237,24.686592,56.479744,9.691136,-1.0,81.408,531.030016,491.429888,43.121111111111105,4066.1877777777795,-1.0,79.21000000000004,194.13777777777779,234.09000000000012,164.69444444444446
2024-03-06 17:22:21,6.780529399990581,39.41708863333892,1.9141475333337141,-1.0,1.1340864666666541,5.7052310000017314,5.778807333331315,24.686592,56.479744,9.691136,-1.0,81.408,531.030016,491.687936,43.121111111111105,4066.1877777777795,-1.0,79.21000000000004,98.01,234.09000000000012,164.69444444444446
2024-03-06 17:22:26,6.780529399990579,39.41708863333891,1.9141475333337135,-1.0,3.296550333333433,4.791581766664876,5.778807333331315,24.686592,56.479744,9.691136,-1.0,81.485824,532.80768,491.687936,51.361111111111114,4066.1877777777777,-1.0,79.21000000000001,98.01,234.09000000000003,116.64000000000001
2024-03-06 17:22:31,6.780529399990579,39.41708863333891,1.9141475333337135,-1.0,3.296550333333433,4.791581766664876,5.778807333331315,24.686592,56.479744,9.691136,-1.0,81.485824,532.80768,491.687936,51.361111111111114,4066.1877777777777,-1.0,79.21000000000001,98.01,234.09000000000003,116.64000000000001
2024-03-06 17:22:36,6.780529399990579,39.41708863333891,1.9141475333337135,-1.0,3.296550333333433,4.791581766664876,5.778807333331315,24.686592,56.479744,9.691136,-1.0,81.485824,532.80768,491.687936,51.361111111111114,4066.1877777777777,-1.0,79.21000000000001,98.01,234.09000000000003,116.64000000000001
2024-03-06 17:22:41,6.780529399990579,39.41708863333891,1.9141475333337135,-1.0,3.296550333333433,4.791581766664876,5.778807333331315,24.686592,56.479744,9.691136,-1.0,81.485824,532.80768,491.687936,51.361111111111114,4066.1877777777777,-1.0,79.21000000000001,98.01,234.09000000000003,116.64000000000001
2024-03-06 17:22:46,5.0245857333417625,49.53691923333282,1.3590090333309492,-1.0,3.296550333333433,4.791581766664876,5.778807333331315,24.702976,56.594432,10.072064,-1.0,81.485824,532.80768,491.687936,51.361111111111114,2763.254444444446,-1.0,37.617777777777796,98.01,79.80444444444448,116.64000000000001
2024-03-06 17:22:51,5.0245857333417625,49.53691923333282,1.3590090333309492,-1.0,3.296550333333433,4.791581766664876,4.9711903333331975,24.702976,56.594432,10.072064,-1.0,81.485824,532.80768,491.814912,51.361111111111114,2763.254444444446,-1.0,37.617777777777796,310.9344444444444,79.80444444444448,116.64000000000001
2024-03-06 17:22:56,5.024585733341762,49.53691923333281,1.359009033330949,-1.0,2.136158833333231,5.623845433334887,4.9711903333331975,24.702976,56.594432,10.072064,-1.0,82.604032,532.80768,491.814912,15.209999999999999,2763.2544444444447,-1.0,37.61777777777778,310.9344444444444,79.80444444444444,133.01777777777778
2024-03-06 17:23:01,5.024585733341762,49.53691923333281,1.359009033330949,-1.0,2.136158833333231,5.623845433334887,4.9711903333331975,24.702976,56.594432,10.072064,-1.0,82.604032,532.80768,491.814912,15.209999999999999,2763.2544444444447,-1.0,37.61777777777778,310.9344444444444,79.80444444444444,133.01777777777778
2024-03-06 17:23:06,5.024585733341762,49.53691923333281,1.359009033330949,-1.0,2.136158833333231,5.623845433334887,4.9711903333331975,24.702976,56.594432,10.072064,-1.0,82.604032,532.80768,491.814912,15.209999999999999,2763.2544444444447,-1.0,37.61777777777778,310.9344444444444,79.80444444444444,133.01777777777778
2024-03-06 17:23:11,5.024585733341762,49.53691923333281,1.359009033330949,-1.0,2.136158833333231,5.623845433334887,4.9711903333331975,24.702976,56.594432,10.072064,-1.0,82.604032,532.80768,491.814912,15.209999999999999,2763.2544444444447,-1.0,37.61777777777778,310.9344444444444,79.80444444444444,133.01777777777778
2024-03-06 17:23:16,6.15088660000159,44.396812233329314,1.4446596999997992,-1.0,2.136158833333231,5.623845433334887,4.9711903333331975,24.686592,56.561664,10.350592,-1.0,82.604032,532.80768,491.814912,15.209999999999999,4091.7344444444466,-1.0,114.49000000000002,310.9344444444444,140.02777777777783,133.01777777777778
2024-03-06 17:23:21,6.15088660000159,44.396812233329314,1.4446596999997992,-1.0,2.136158833333231,5.623845433334887,3.054223733333098,24.686592,56.561664,10.350592,-1.0,82.604032,532.80768,491.884544,15.209999999999999,4091.7344444444466,-1.0,114.49000000000002,104.7211111111111,140.02777777777783,133.01777777777778
2024-03-06 17:23:26,6.150886600001589,44.3968122333293,1.444659699999799,-1.0,2.817921933333404,2.5139926333319336,3.054223733333098,24.686592,56.561664,10.350592,-1.0,82.604032,534.503424,491.884544,98.01,4091.7344444444448,-1.0,114.48999999999998,104.7211111111111,140.0277777777778,20.55111111111111
2024-03-06 17:23:31,6.150886600001589,44.3968122333293,1.444659699999799,-1.0,2.817921933333404,2.5139926333319336,3.054223733333098,24.686592,56.561664,10.350592,-1.0,82.604032,534.503424,491.884544,98.01,4091.7344444444448,-1.0,114.48999999999998,104.7211111111111,140.0277777777778,20.55111111111111
2024-03-06 17:23:36,6.150886600001589,44.3968122333293,1.444659699999799,-1.0,2.817921933333404,2.5139926333319336,3.054223733333098,24.686592,56.561664,10.350592,-1.0,82.604032,534.503424,491.884544,98.01,4091.7344444444448,-1.0,114.48999999999998,104.7211111111111,140.0277777777778,20.55111111111111
2024-03-06 17:23:41,6.150886600001589,44.3968122333293,1.444659699999799,-1.0,2.817921933333404,2.5139926333319336,3.054223733333098,24.686592,56.561664,10.350592,-1.0,82.604032,534.503424,491.884544,98.01,4091.7344444444448,-1.0,114.48999999999998,104.7211111111111,140.0277777777778,20.55111111111111
2024-03-06 17:23:46,5.2200389999901144,54.591193166667544,1.4866566000023342,-1.0,2.817921933333404,2.5139926333319336,3.054223733333098,24.686592,56.479744,9.863168,-1.0,82.604032,534.503424,491.884544,98.01,3091.360000000002,-1.0,76.8544444444445,104.7211111111111,155.41777777777781,20.55111111111111
2024-03-06 17:23:51,5.2200389999901144,54.591193166667544,1.4866566000023342,-1.0,2.817921933333404,2.5139926333319336,4.900427900001129,24.686592,56.479744,9.863168,-1.0,82.604032,534.503424,492.01152,98.01,3091.360000000002,-1.0,76.8544444444445,80.4011111111111,155.41777777777781,20.55111111111111
2024-03-06 17:23:56,5.220038999990114,54.59119316666753,1.486656600002334,-1.0,1.9112686999998612,4.3424791000006735,4.900427900001129,24.686592,56.479744,9.863168,-1.0,82.604032,534.503424,492.01152,23.361111111111107,3091.36,-1.0,76.85444444444445,80.4011111111111,155.4177777777778,273.35111111111115
2024-03-06 17:24:01,5.220038999990114,54.59119316666753,1.486656600002334,-1.0,1.9112686999998612,4.3424791000006735,4.900427900001129,24.686592,56.479744,9.863168,-1.0,82.604032,534.503424,492.01152,23.361111111111107,3091.36,-1.0,76.85444444444445,80.4011111111111,155.4177777777778,273.35111111111115
2024-03-06 17:24:06,5.220038999990114,54.59119316666753,1.486656600002334,-1.0,1.9112686999998612,4.3424791000006735,4.900427900001129,24.686592,56.479744,9.863168,-1.0,82.604032,534.503424,492.01152,23.361111111111107,3091.36,-1.0,76.85444444444445,80.4011111111111,155.4177777777778,273.35111111111115
2024-03-06 17:24:11,5.220038999990114,54.59119316666753,1.486656600002334,-1.0,1.9112686999998612,4.3424791000006735,4.900427900001129,24.686592,56.479744,9.863168,-1.0,82.604032,534.503424,492.01152,23.361111111111107,3091.36,-1.0,76.85444444444445,80.4011111111111,155.4177777777778,273.35111111111115
2024-03-06 17:24:16,6.065169100005127,17.39376686667432,1.7272012666656644,-1.0,1.9112686999998612,4.3424791000006735,4.900427900001129,24.686592,56.594432,10.473472,-1.0,82.604032,534.503424,492.01152,23.361111111111107,3117.361111111113,-1.0,90.25000000000003,80.4011111111111,160.44444444444449,273.35111111111115
2024-03-06 17:24:21,6.065169100005127,17.39376686667432,1.7272012666656644,-1.0,1.9112686999998612,4.3424791000006735,4.344093000001218,24.686592,56.594432,10.473472,-1.0,82.604032,534.503424,492.11392,23.361111111111107,3117.361111111113,-1.0,90.25000000000003,270.05444444444447,160.44444444444449,273.35111111111115
2024-03-06 17:24:26,6.065169100005126,17.393766866674316,1.727201266665664,-1.0,2.2079762000001795,5.786702566668586,4.344093000001218,24.686592,56.594432,10.473472,-1.0,82.755584,534.290432,492.11392,133.78777777777776,3117.3611111111113,-1.0,90.25,270.05444444444447,160.44444444444443,115.92111111111113
2024-03-06 17:24:31,6.065169100005126,17.393766866674316,1.727201266665664,-1.0,2.2079762000001795,5.786702566668586,4.344093000001218,24.686592,56.594432,10.473472,-1.0,82.755584,534.290432,492.11392,133.78777777777776,3117.3611111111113,-1.0,90.25,270.05444444444447,160.44444444444443,115.92111111111113
2024-03-06 17:24:36,6.065169100005126,17.393766866674316,1.727201266665664,-1.0,2.2079762000001795,5.786702566668586,4.344093000001218,24.686592,56.594432,10.473472,-1.0,82.755584,534.290432,492.11392,133.78777777777776,3117.3611111111113,-1.0,90.25,270.05444444444447,160.44444444444443,115.92111111111113
2024-03-06 17:24:41,6.065169100005126,17.393766866674316,1.727201266665664,-1.0,2.2079762000001795,5.786702566668586,4.344093000001218,24.686592,56.594432,10.473472,-1.0,82.755584,534.290432,492.11392,133.78777777777776,3117.3611111111113,-1.0,90.25,270.05444444444447,160.44444444444443,115.92111111111113
2024-03-06 17:24:46,6.565018933330673,65.4765659999915,1.3697029000013574,-1.0,2.2079762000001795,5.786702566668586,4.344093000001218,24.686592,56.479744,9.719808,-1.0,82.755584,534.290432,492.11392,133.78777777777776,3745.440000000002,-1.0,63.467777777777805,270.05444444444447,115.92111111111117,115.92111111111113
2024-03-06 17:24:51,6.565018933330673,65.4765659999915,1.3697029000013574,-1.0,2.2079762000001795,5.786702566668586,3.834031033333455,24.686592,56.479744,9.719808,-1.0,82.755584,534.290432,492.187648,133.78777777777776,3745.440000000002,-1.0,63.467777777777805,142.40444444444444,115.92111111111117,115.92111111111113
2024-03-06 17:24:56,6.565018933330672,65.47656599999148,1.3697029000013572,-1.0,1.9776950333332861,4.384989366663679,3.834031033333455,24.686592,56.479744,9.719808,-1.0,82.755584,534.933504,492.187648,29.160000000000004,3745.4400000000005,-1.0,63.467777777777776,142.40444444444444,115.92111111111113,108.85444444444445
2024-03-06 17:25:01,6.565018933330672,65.47656599999148,1.3697029000013572,-1.0,1.9776950333332861,4.384989366663679,3.834031033333455,24.686592,56.479744,9.719808,-1.0,82.755584,534.933504,492.187648,29.160000000000004,3745.4400000000005,-1.0,63.467777777777776,142.40444444444444,115.92111111111113,108.85444444444445
2024-03-06 17:25:06,6.565018933330672,65.47656599999148,1.3697029000013572,-1.0,1.9776950333332861,4.384989366663679,3.834031033333455,24.686592,56.479744,9.719808,-1.0,82.755584,534.933504,492.187648,29.160000000000004,3745.4400000000005,-1.0,63.467777777777776,142.40444444444444,115.92111111111113,108.85444444444445
2024-03-06 17:25:11,6.565018933330672,65.47656599999148,1.3697029000013572,-1.0,1.9776950333332861,4.384989366663679,3.834031033333455,24.686592,56.479744,9.719808,-1.0,82.755584,534.933504,492.187648,29.160000000000004,3745.4400000000005,-1.0,63.467777777777776,142.40444444444444,115.92111111111113,108.85444444444445
2024-03-06 17:25:16,5.210166566666886,44.41215016666624,1.4028479333319412,-1.0,1.9776950333332861,4.384989366663679,3.834031033333455,24.686592,56.479744,10.018816,-1.0,82.755584,534.933504,492.187648,29.160000000000004,3241.4044444444467,-1.0,97.35111111111115,142.40444444444444,194.13777777777787,108.85444444444445
2024-03-06 17:25:21,5.210166566666886,44.41215016666624,1.4028479333319412,-1.0,1.9776950333332861,4.384989366663679,3.4246974999973645,24.686592,56.479744,10.018816,-1.0,82.755584,534.933504,492.212224,29.160000000000004,3241.4044444444467,-1.0,97.35111111111115,84.63999999999999,194.13777777777787,108.85444444444445
2024-03-06 17:25:26,5.210166566666885,44.41215016666623,1.402847933331941,-1.0,2.510593066666663,4.327751266669111,3.4246974999973645,24.686592,56.479744,10.018816,-1.0,82.755584,534.474752,492.212224,56.25,3241.404444444444,-1.0,97.35111111111112,84.63999999999999,194.13777777777779,199.7511111111111
2024-03-06 17:25:31,5.210166566666885,44.41215016666623,1.402847933331941,-1.0,2.510593066666663,4.327751266669111,3.4246974999973645,24.686592,56.479744,10.018816,-1.0,82.755584,534.474752,492.212224,56.25,3241.404444444444,-1.0,97.35111111111112,84.63999999999999,194.13777777777779,199.7511111111111
2024-03-06 17:25:36,5.210166566666885,44.41215016666623,1.402847933331941,-1.0,2.510593066666663,4.327751266669111,3.4246974999973645,24.686592,56.479744,10.018816,-1.0,82.755584,534.474752,492.212224,56.25,3241.404444444444,-1.0,97.35111111111112,84.63999999999999,194.13777777777779,199.7511111111111
2024-03-06 17:25:41,5.210166566666885,44.41215016666623,1.402847933331941,-1.0,2.510593066666663,4.327751266669111,3.4246974999973645,24.686592,56.479744,10.018816,-1.0,82.755584,534.474752,492.212224,56.25,3241.404444444444,-1.0,97.35111111111112,84.63999999999999,194.13777777777779,199.7511111111111
2024-03-06 17:25:46,6.416058300010265,47.1679920666702,1.2574344999999694,-1.0,2.510593066666663,4.327751266669111,3.4246974999973645,24.686592,56.578048,10.080256,-1.0,82.755584,534.474752,492.212224,56.25,3058.090000000002,-1.0,71.12111111111115,84.63999999999999,144.80111111111114,199.7511111111111
2024-03-06 17:25:51,6.416058300010265,47.1679920666702,1.2574344999999694,-1.0,2.510593066666663,4.327751266669111,4.402223933334426,24.686592,56.578048,10.080256,-1.0,82.755584,534.474752,492.363776,56.25,3058.090000000002,-1.0,71.12111111111115,111.65444444444444,144.80111111111114,199.7511111111111
2024-03-06 17:25:56,6.416058300010263,47.167992066670195,1.2574344999999691,-1.0,2.2892220999999324,3.782615033333059,4.402223933334426,24.686592,56.578048,10.080256,-1.0,82.755584,533.868544,492.363776,34.41777777777777,3058.0899999999997,-1.0,71.12111111111112,111.65444444444444,144.8011111111111,48.071111111111115
2024-03-06 17:26:01,6.416058300010263,47.167992066670195,1.2574344999999691,-1.0,2.2892220999999324,3.782615033333059,4.402223933334426,24.686592,56.578048,10.080256,-1.0,82.755584,533.868544,492.363776,34.41777777777777,3058.0899999999997,-1.0,71.12111111111112,111.65444444444444,144.8011111111111,48.071111111111115
2024-03-06 17:26:06,6.416058300010263,47.167992066670195,1.2574344999999691,-1.0,2.2892220999999324,3.782615033333059,4.402223933334426,24.686592,56.578048,10.080256,-1.0,82.755584,533.868544,492.363776,34.41777777777777,3058.0899999999997,-1.0,71.12111111111112,111.65444444444444,144.8011111111111,48.071111111111115
2024-03-06 17:26:11,6.416058300010263,47.167992066670195,1.2574344999999691,-1.0,2.2892220999999324,3.782615033333059,4.402223933334426,24.686592,56.578048,10.080256,-1.0,82.755584,533.868544,492.363776,34.41777777777777,3058.0899999999997,-1.0,71.12111111111112,111.65444444444444,144.8011111111111,48.071111111111115
2024-03-06 17:26:16,6.427934099989823,39.91817306665933,1.8837118999992228,-1.0,2.2892220999999324,3.782615033333059,4.402223933334426,24.686592,56.479744,9.97376,-1.0,82.755584,533.868544,492.363776,34.41777777777777,3352.4100000000017,-1.0,75.69000000000001,111.65444444444444,54.76000000000003,48.071111111111115
2024-03-06 17:26:21,6.427934099989823,39.91817306665933,1.8837118999992228,-1.0,2.2892220999999324,3.782615033333059,4.267754033332949,24.686592,56.479744,9.97376,-1.0,82.755584,533.868544,492.490752,34.41777777777777,3352.4100000000017,-1.0,75.69000000000001,121.0,54.76000000000003,48.071111111111115
2024-03-06 17:26:26,6.427934099989821,39.91817306665932,1.8837118999992222,-1.0,2.3207979999999866,5.69439409999859,4.267754033332949,24.686592,56.479744,9.97376,-1.0,82.755584,533.504,492.490752,24.33777777777778,3352.41,-1.0,75.68999999999998,121.0,54.760000000000005,101.33777777777777
2024-03-06 17:26:31,6.427934099989821,39.91817306665932,1.8837118999992222,-1.0,2.3207979999999866,5.69439409999859,4.267754033332949,24.686592,56.479744,9.97376,-1.0,82.755584,533.504,492.490752,24.33777777777778,3352.41,-1.0,75.68999999999998,121.0,54.760000000000005,101.33777777777777
2024-03-06 17:26:36,6.427934099989821,39.91817306665932,1.8837118999992222,-1.0,2.3207979999999866,5.69439409999859,4.267754033332949,24.686592,56.479744,9.97376,-1.0,82.755584,533.504,492.490752,24.33777777777778,3352.41,-1.0,75.68999999999998,121.0,54.760000000000005,101.33777777777777
2024-03-06 17:26:41,6.427934099989821,39.91817306665932,1.8837118999992222,-1.0,2.3207979999999866,5.69439409999859,4.267754033332949,24.686592,56.479744,9.97376,-1.0,82.755584,533.504,492.490752,24.33777777777778,3352.41,-1.0,75.68999999999998,121.0,54.760000000000005,101.33777777777777
2024-03-06 17:26:46,5.009004866663722,48.02195716667181,1.5362732666668917,-1.0,2.3207979999999866,5.69439409999859,4.267754033332949,24.686592,56.479744,10.432512,-1.0,82.755584,533.504,492.490752,24.33777777777778,3656.2177777777797,-1.0,70.00111111111114,121.0,175.12111111111122,101.33777777777777
2024-03-06 17:26:51,5.009004866663722,48.02195716667181,1.5362732666668917,-1.0,2.3207979999999866,5.69439409999859,3.8024352333347147,24.686592,56.479744,10.432512,-1.0,82.755584,533.504,492.617728,24.33777777777778,3656.2177777777797,-1.0,70.00111111111114,236.13444444444445,175.12111111111122,101.33777777777777
2024-03-06 17:26:56,5.009004866663721,48.021957166671804,1.5362732666668915,-1.0,1.8228810000001279,5.359060200002356,3.8024352333347147,24.686592,56.479744,10.432512,-1.0,82.755584,533.25824,492.617728,68.33777777777779,3656.217777777778,-1.0,70.00111111111111,236.13444444444445,175.12111111111108,106.09000000000002
2024-03-06 17:27:01,5.009004866663721,48.021957166671804,1.5362732666668915,-1.0,1.8228810000001279,5.359060200002356,3.8024352333347147,24.686592,56.479744,10.432512,-1.0,82.755584,533.25824,492.617728,68.33777777777779,3656.217777777778,-1.0,70.00111111111111,236.13444444444445,175.12111111111108,106.09000000000002
2024-03-06 17:27:06,5.009004866663721,48.021957166671804,1.5362732666668915,-1.0,1.8228810000001279,5.359060200002356,3.8024352333347147,24.686592,56.479744,10.432512,-1.0,82.755584,533.25824,492.617728,68.33777777777779,3656.217777777778,-1.0,70.00111111111111,236.13444444444445,175.12111111111108,106.09000000000002
2024-03-06 17:27:11,5.009004866663721,48.021957166671804,1.5362732666668915,-1.0,1.8228810000001279,5.359060200002356,3.8024352333347147,24.686592,56.479744,10.432512,-1.0,82.755584,533.25824,492.617728,68.33777777777779,3656.217777777778,-1.0,70.00111111111111,236.13444444444445,175.12111111111108,106.09000000000002
2024-03-06 17:27:16,6.640470000002099,46.123757333331625,0.9664076333327408,-1.0,1.8228810000001279,5.359060200002356,3.8024352333347147,24.686592,56.594432,10.338304,-1.0,82.755584,533.25824,492.617728,68.33777777777779,5500.694444444447,-1.0,138.4544444444445,236.13444444444445,313.2900000000001,106.09000000000002
2024-03-06 17:27:21,6.640470000002099,46.123757333331625,0.9664076333327408,-1.0,1.8228810000001279,5.359060200002356,4.103138899999219,24.686592,56.594432,10.338304,-1.0,82.755584,533.25824,492.716032,68.33777777777779,5500.694444444447,-1.0,138.4544444444445,161.29,313.2900000000001,106.09000000000002
2024-03-06 17:27:26,6.640470000002097,46.12375733333162,0.9664076333327406,-1.0,2.8829707666666593,4.1654019333312435,4.103138899999219,24.686592,56.594432,10.338304,-1.0,82.75968,532.742144,492.716032,41.38777777777778,5500.694444444445,-1.0,138.45444444444448,161.29,313.28999999999996,217.0711111111111
2024-03-06 17:27:31,6.640470000002097,46.12375733333162,0.9664076333327406,-1.0,2.8829707666666593,4.1654019333312435,4.103138899999219,24.686592,56.594432,10.338304,-1.0,82.75968,532.742144,492.716032,41.38777777777778,5500.694444444445,-1.0,138.45444444444448,161.29,313.28999999999996,217.0711111111111
2024-03-06 17:27:36,6.640470000002097,46.12375733333162,0.9664076333327406,-1.0,2.8829707666666593,4.1654019333312435,4.103138899999219,24.686592,56.594432,10.338304,-1.0,82.75968,532.742144,492.716032,41.38777777777778,5500.694444444445,-1.0,138.45444444444448,161.29,313.28999999999996,217.0711111111111
2024-03-06 17:27:41,6.640470000002097,46.12375733333162,0.9664076333327406,-1.0,2.8829707666666593,4.1654019333312435,4.103138899999219,24.686592,56.594432,10.338304,-1.0,82.75968,532.742144,492.716032,41.38777777777778,5500.694444444445,-1.0,138.45444444444448,161.29,313.28999999999996,217.0711111111111
2024-03-06 17:27:46,5.1198306000060265,23.510655166667984,1.5761276666694362,-1.0,2.8829707666666593,4.1654019333312435,4.103138899999219,24.686592,56.70912,9.6256,-1.0,82.75968,532.742144,492.716032,41.38777777777778,3636.0900000000024,-1.0,25.671111111111117,161.29,135.33444444444447,217.0711111111111
2024-03-06 17:27:51,5.1198306000060265,23.510655166667984,1.5761276666694362,-1.0,2.8829707666666593,4.1654019333312435,5.467071933333045,24.686592,56.70912,9.6256,-1.0,82.75968,532.742144,492.838912,41.38777777777778,3636.0900000000024,-1.0,25.671111111111117,27.737777777777776,135.33444444444447,217.0711111111111
2024-03-06 17:27:56,5.119830600006026,23.51065516666798,1.5761276666694357,-1.0,1.8974530666665619,4.5937555333352975,5.467071933333045,24.686592,56.70912,9.6256,-1.0,82.75968,532.918272,492.838912,35.20444444444445,3636.0899999999997,-1.0,25.67111111111111,27.737777777777776,135.33444444444444,44.44444444444445
2024-03-06 17:28:01,5.119830600006026,23.51065516666798,1.5761276666694357,-1.0,1.8974530666665619,4.5937555333352975,5.467071933333045,24.686592,56.70912,9.6256,-1.0,82.75968,532.918272,492.838912,35.20444444444445,3636.0899999999997,-1.0,25.67111111111111,27.737777777777776,135.33444444444444,44.44444444444445
2024-03-06 17:28:06,5.119830600006026,23.51065516666798,1.5761276666694357,-1.0,1.8974530666665619,4.5937555333352975,5.467071933333045,24.686592,56.70912,9.6256,-1.0,82.75968,532.918272,492.838912,35.20444444444445,3636.0899999999997,-1.0,25.67111111111111,27.737777777777776,135.33444444444444,44.44444444444445
2024-03-06 17:28:11,5.119830600006026,23.51065516666798,1.5761276666694357,-1.0,1.8974530666665619,4.5937555333352975,5.467071933333045,24.686592,56.70912,9.6256,-1.0,82.75968,532.918272,492.838912,35.20444444444445,3636.0899999999997,-1.0,25.67111111111111,27.737777777777776,135.33444444444444,44.44444444444445
2024-03-06 17:28:16,6.0658682666598915,52.22960129999594,1.8179370666643995,-1.0,1.8974530666665619,4.5937555333352975,5.467071933333045,24.686592,56.479744,10.493952,-1.0,82.75968,532.918272,492.838912,35.20444444444445,1629.4677777777783,-1.0,103.36111111111113,27.737777777777776,61.88444444444448,44.44444444444445
2024-03-06 17:28:21,6.0658682666598915,52.22960129999594,1.8179370666643995,-1.0,1.8974530666665619,4.5937555333352975,4.418841433334819,24.686592,56.479744,10.493952,-1.0,82.75968,532.918272,492.965888,35.20444444444445,1629.4677777777783,-1.0,103.36111111111113,176.89000000000001,61.88444444444448,44.44444444444445
2024-03-06 17:28:26,6.065868266659891,52.22960129999592,1.817937066664399,-1.0,2.2413220666666214,4.837410399996618,4.418841433334819,24.686592,56.479744,10.493952,-1.0,82.75968,532.918272,492.965888,56.75111111111111,1629.4677777777779,-1.0,103.3611111111111,176.89000000000001,61.88444444444444,123.21
2024-03-06 17:28:31,6.065868266659891,52.22960129999592,1.817937066664399,-1.0,2.2413220666666214,4.837410399996618,4.418841433334819,24.686592,56.479744,10.493952,-1.0,82.75968,532.918272,492.965888,56.75111111111111,1629.4677777777779,-1.0,103.3611111111111,176.89000000000001,61.88444444444444,123.21
2024-03-06 17:28:36,6.065868266659891,52.22960129999592,1.817937066664399,-1.0,2.2413220666666214,4.837410399996618,4.418841433334819,24.686592,56.479744,10.493952,-1.0,82.75968,532.918272,492.965888,56.75111111111111,1629.4677777777779,-1.0,103.3611111111111,176.89000000000001,61.88444444444444,123.21
2024-03-06 17:28:41,6.065868266659891,52.22960129999592,1.817937066664399,-1.0,2.2413220666666214,4.837410399996618,4.418841433334819,24.686592,56.479744,10.493952,-1.0,82.75968,532.918272,492.965888,56.75111111111111,1629.4677777777779,-1.0,103.3611111111111,176.89000000000001,61.88444444444444,123.21
2024-03-06 17:28:46,5.5210864666757224,55.76254736667277,1.45267773333444,-1.0,2.2413220666666214,4.837410399996618,4.418841433334819,24.686592,56.537088,9.805824,-1.0,82.75968,532.918272,492.965888,56.75111111111111,3952.2177777777797,-1.0,75.11111111111113,176.89000000000001,136.11111111111114,123.21
2024-03-06 17:28:51,5.5210864666757224,55.76254736667277,1.45267773333444,-1.0,2.2413220666666214,4.837410399996618,4.613906833333203,24.686592,56.537088,9.805824,-1.0,82.75968,532.918272,493.080576,56.75111111111111,3952.2177777777797,-1.0,75.11111111111113,247.53777777777776,136.11111111111114,123.21
2024-03-06 17:28:56,5.521086466675722,55.762547366672756,1.4526777333344398,-1.0,2.0585371000000428,4.173499900002753,4.613906833333203,24.686592,56.537088,9.805824,-1.0,82.755584,532.33664,493.080576,91.52111111111111,3952.217777777778,-1.0,75.1111111111111,247.53777777777776,136.1111111111111,129.96
2024-03-06 17:29:01,5.521086466675722,55.762547366672756,1.4526777333344398,-1.0,2.0585371000000428,4.173499900002753,4.613906833333203,24.686592,56.537088,9.805824,-1.0,82.755584,532.33664,493.080576,91.52111111111111,3952.217777777778,-1.0,75.1111111111111,247.53777777777776,136.1111111111111,129.96
2024-03-06 17:29:06,5.521086466675722,55.762547366672756,1.4526777333344398,-1.0,2.0585371000000428,4.173499900002753,4.613906833333203,24.686592,56.537088,9.805824,-1.0,82.755584,532.33664,493.080576,91.52111111111111,3952.217777777778,-1.0,75.1111111111111,247.53777777777776,136.1111111111111,129.96
2024-03-06 17:29:11,5.521086466675722,55.762547366672756,1.4526777333344398,-1.0,2.0585371000000428,4.173499900002753,4.613906833333203,24.686592,56.537088,9.805824,-1.0,82.755584,532.33664,493.080576,91.52111111111111,3952.217777777778,-1.0,75.1111111111111,247.53777777777776,136.1111111111111,129.96
2024-03-06 17:29:16,5.480682966663154,42.2569048333268,1.374319833333478,-1.0,2.0585371000000428,4.173499900002753,4.613906833333203,24.686592,56.676352,9.986048,-1.0,82.755584,532.33664,493.080576,91.52111111111111,3371.7377777777797,-1.0,126.18777777777784,247.53777777777776,184.05444444444453,129.96
2024-03-06 17:29:21,5.480682966663154,42.2569048333268,1.374319833333478,0.0,2.0585371000000428,4.173499900002753,1.9281832333338873,24.686592,56.676352,9.986048,0.0,82.755584,532.33664,493.133824,91.52111111111111,3371.7377777777797,0.0,126.18777777777784,121.0,184.05444444444453,129.96
2024-03-06 17:29:26,5.480682966663153,42.25690483332679,1.3743198333334778,0.0,2.1146352,4.4639957666656,1.9281832333338873,24.686592,56.676352,9.986048,0.69632,82.755584,531.406848,493.133824,129.96,3371.7377777777783,0.0,126.18777777777775,121.0,184.05444444444444,114.48999999999998
2024-03-06 17:29:31,5.480682966663153,42.25690483332679,1.3743198333334778,0.0,2.1146352,4.4639957666656,1.9281832333338873,24.686592,56.676352,9.986048,0.69632,82.755584,531.406848,493.133824,129.96,3371.7377777777783,0.0,126.18777777777775,121.0,184.05444444444444,114.48999999999998
2024-03-06 17:29:36,5.480682966663153,42.25690483332679,1.3743198333334778,0.0,2.1146352,4.4639957666656,1.9281832333338873,24.686592,56.676352,9.986048,0.69632,82.755584,531.406848,493.133824,129.96,3371.7377777777783,0.0,126.18777777777775,121.0,184.05444444444444,114.48999999999998
2024-03-06 17:29:41,5.480682966663153,42.25690483332679,1.3743198333334778,0.0,2.1146352,4.4639957666656,1.9281832333338873,24.686592,56.676352,9.986048,0.69632,82.755584,531.406848,493.133824,129.96,3371.7377777777783,0.0,126.18777777777775,121.0,184.05444444444444,114.48999999999998
2024-03-06 17:29:46,6.3741648000056275,28.40066543334009,1.2098712000010894,0.0,2.1146352,4.4639957666656,1.9281832333338873,24.686592,56.537088,10.09664,0.69632,82.755584,531.406848,493.133824,129.96,8543.921111111114,0.0,72.25000000000003,121.0,178.66777777777787,114.48999999999998
2024-03-06 17:29:51,6.3741648000056275,28.40066543334009,1.2098712000010894,0.0,2.1146352,4.4639957666656,4.9143949333332175,24.686592,56.537088,10.09664,0.69632,82.755584,531.406848,493.252608,129.96,8543.921111111114,0.0,72.25000000000003,100.66777777777777,178.66777777777787,114.48999999999998
2024-03-06 17:29:56,6.374164800005625,28.400665433340084,1.2098712000010892,254.49017495541614,2.525475766666811,3.580132466667389,4.9143949333332175,24.686592,56.537088,10.09664,115.982336,80.011264,530.132992,493.252608,140.8177777777778,8543.921111111113,0.0,72.25,100.66777777777777,178.6677777777778,169.86777777777777
2024-03-06 17:30:01,6.374164800005625,28.400665433340084,1.2098712000010892,291.95209022486057,2.525475766666811,3.580132466667389,4.9143949333332175,24.686592,56.537088,10.09664,115.982336,80.011264,530.132992,493.252608,140.8177777777778,8543.921111111113,0.0,72.25,100.66777777777777,178.6677777777778,169.86777777777777
2024-03-06 17:30:06,6.374164800005625,28.400665433340084,1.2098712000010892,329.414005494305,2.525475766666811,3.580132466667389,4.9143949333332175,24.686592,56.537088,10.09664,115.982336,80.011264,530.132992,493.252608,140.8177777777778,8543.921111111113,0.0,72.25,100.66777777777777,178.6677777777778,169.86777777777777
2024-03-06 17:30:11,6.374164800005625,28.400665433340084,1.2098712000010892,366.87592076374943,2.525475766666811,3.580132466667389,4.9143949333332175,24.686592,56.537088,10.09664,115.982336,80.011264,530.132992,493.252608,140.8177777777778,8543.921111111113,0.0,72.25,100.66777777777777,178.6677777777778,169.86777777777777
2024-03-06 17:30:16,3.3395185666601424,44.91320320000038,1.2297297666653626,404.3378360331939,2.525475766666811,3.580132466667389,4.9143949333332175,24.686592,56.635392,10.309632,115.982336,80.011264,530.132992,493.252608,140.8177777777778,2536.801111111112,0.0,59.29000000000003,100.66777777777777,107.46777777777783,169.86777777777777
2024-03-06 17:30:21,3.3395185666601424,44.91320320000038,1.2297297666653626,441.7997513026383,2.525475766666811,3.580132466667389,3.309560566666884,24.686592,56.635392,10.309632,115.982336,80.011264,530.132992,493.326336,140.8177777777778,2536.801111111112,0.0,59.29000000000003,85.25444444444443,107.46777777777783,169.86777777777777
2024-03-06 17:30:26,3.3395185666601415,44.913203200000375,1.2297297666653624,19.280501233333307,1.1118875666665435,4.5683911333336855,3.309560566666884,24.686592,56.635392,10.309632,101.670912,80.109568,529.5104,493.326336,123.21,2536.8011111111114,12.721111111111112,59.290000000000006,85.25444444444443,107.46777777777778,68.33777777777779
2024-03-06 17:30:31,3.3395185666601415,44.913203200000375,1.2297297666653624,19.280501233333307,1.1118875666665435,4.5683911333336855,3.309560566666884,24.686592,56.635392,10.309632,101.670912,80.109568,529.5104,493.326336,123.21,2536.8011111111114,12.721111111111112,59.290000000000006,85.25444444444443,107.46777777777778,68.33777777777779
2024-03-06 17:30:36,3.3395185666601415,44.913203200000375,1.2297297666653624,19.280501233333307,1.1118875666665435,4.5683911333336855,3.309560566666884,24.686592,56.635392,10.309632,101.670912,80.109568,529.5104,493.326336,123.21,2536.8011111111114,12.721111111111112,59.290000000000006,85.25444444444443,107.46777777777778,68.33777777777779
2024-03-06 17:30:41,3.3395185666601415,44.913203200000375,1.2297297666653624,19.280501233333307,1.1118875666665435,4.5683911333336855,3.309560566666884,24.686592,56.635392,10.309632,101.670912,80.109568,529.5104,493.326336,123.21,2536.8011111111114,12.721111111111112,59.290000000000006,85.25444444444443,107.46777777777778,68.33777777777779
2024-03-06 17:30:46,6.598787666674376,43.3687607999976,0.7111016999980773,19.280501233333307,1.1118875666665435,4.5683911333336855,3.309560566666884,24.686592,56.6272,9.9328,101.670912,80.109568,529.5104,493.326336,123.21,3252.8011111111127,12.721111111111112,43.121111111111134,85.25444444444443,104.72111111111117,68.33777777777779
2024-03-06 17:30:51,6.598787666674376,43.3687607999976,0.7111016999980773,19.280501233333307,1.1118875666665435,4.5683911333336855,3.558543799999825,24.686592,56.6272,9.9328,101.670912,80.109568,529.5104,493.400064,123.21,3252.8011111111127,12.721111111111112,43.121111111111134,115.20444444444442,104.72111111111117,68.33777777777779
2024-03-06 17:30:56,6.598787666674374,43.368760799997595,0.7111016999980772,22.34981560000004,2.138787966666674,2.3339667666656774,3.558543799999825,24.686592,56.6272,9.9328,94.130176,79.474688,532.414464,493.400064,50.88444444444445,3252.801111111111,32.49,43.121111111111105,115.20444444444442,104.7211111111111,79.80444444444444
2024-03-06 17:31:01,6.598787666674374,43.368760799997595,0.7111016999980772,22.34981560000004,2.138787966666674,2.3339667666656774,3.558543799999825,24.686592,56.6272,9.9328,94.130176,79.474688,532.414464,493.400064,50.88444444444445,3252.801111111111,32.49,43.121111111111105,115.20444444444442,104.7211111111111,79.80444444444444
2024-03-06 17:31:06,6.598787666674374,43.368760799997595,0.7111016999980772,22.34981560000004,2.138787966666674,2.3339667666656774,3.558543799999825,24.686592,56.6272,9.9328,94.130176,79.474688,532.414464,493.400064,50.88444444444445,3252.801111111111,32.49,43.121111111111105,115.20444444444442,104.7211111111111,79.80444444444444
2024-03-06 17:31:11,6.598787666674374,43.368760799997595,0.7111016999980772,22.34981560000004,2.138787966666674,2.3339667666656774,3.558543799999825,24.686592,56.6272,9.9328,94.130176,79.474688,532.414464,493.400064,50.88444444444445,3252.801111111111,32.49,43.121111111111105,115.20444444444442,104.7211111111111,79.80444444444444
2024-03-06 17:31:16,5.840066433332444,54.51160296667393,1.1488435999998126,22.34981560000004,2.138787966666674,2.3339667666656774,3.558543799999825,24.686592,56.758272,9.859072,94.130176,79.474688,532.414464,493.400064,50.88444444444445,3600.000000000002,32.49,61.361111111111136,115.20444444444442,155.41777777777781,79.80444444444444
2024-03-06 17:31:21,5.840066433332444,54.51160296667393,1.1488435999998126,22.34981560000004,2.138787966666674,2.3339667666656774,2.6565247666667346,24.686592,56.758272,9.859072,94.130176,79.474688,532.414464,493.4656,50.88444444444445,3600.000000000002,32.49,61.361111111111136,93.44444444444443,155.41777777777781,79.80444444444444
2024-03-06 17:31:26,5.840066433332443,54.51160296667391,1.1488435999998123,16.938406466666635,1.9342084333333767,4.1034153333347,2.6565247666667346,24.686592,56.758272,9.859072,90.5216,80.883712,531.116032,493.4656,197.8711111111111,3600.0,23.361111111111107,61.36111111111111,93.44444444444443,155.4177777777778,47.151111111111106
2024-03-06 17:31:31,5.840066433332443,54.51160296667391,1.1488435999998123,16.938406466666635,1.9342084333333767,4.1034153333347,2.6565247666667346,24.686592,56.758272,9.859072,90.5216,80.883712,531.116032,493.4656,197.8711111111111,3600.0,23.361111111111107,61.36111111111111,93.44444444444443,155.4177777777778,47.151111111111106
2024-03-06 17:31:36,5.840066433332443,54.51160296667391,1.1488435999998123,16.938406466666635,1.9342084333333767,4.1034153333347,2.6565247666667346,24.686592,56.758272,9.859072,90.5216,80.883712,531.116032,493.4656,197.8711111111111,3600.0,23.361111111111107,61.36111111111111,93.44444444444443,155.4177777777778,47.151111111111106
2024-03-06 17:31:41,5.840066433332443,54.51160296667391,1.1488435999998123,16.938406466666635,1.9342084333333767,4.1034153333347,2.6565247666667346,24.686592,56.758272,9.859072,90.5216,80.883712,531.116032,493.4656,197.8711111111111,3600.0,23.361111111111107,61.36111111111111,93.44444444444443,155.4177777777778,47.151111111111106
2024-03-06 17:31:46,2.7546382000006515,26.658402133322557,1.0306661666694104,16.938406466666635,1.9342084333333767,4.1034153333347,2.6565247666667346,24.686592,56.578048,9.928704,90.5216,80.883712,531.116032,493.4656,197.8711111111111,4533.777777777779,23.361111111111107,18.777777777777782,93.44444444444443,196.93444444444455,47.151111111111106
2024-03-06 17:31:51,2.7546382000006515,26.658402133322557,1.0306661666694104,16.938406466666635,1.9342084333333767,4.1034153333347,2.860077766664896,24.686592,56.578048,9.928704,90.5216,80.883712,531.116032,493.543424,197.8711111111111,4533.777777777779,23.361111111111107,18.777777777777782,40.96000000000001,196.93444444444455,47.151111111111106
2024-03-06 17:31:56,2.754638200000651,26.65840213332255,1.0306661666694101,13.459212133333349,2.1362641666665168,3.4421791333329566,2.860077766664896,24.686592,56.578048,9.928704,89.358336,81.473536,532.525056,493.543424,81.0,4533.777777777777,33.254444444444445,18.777777777777775,40.96000000000001,196.93444444444444,71.68444444444445
2024-03-06 17:32:01,2.754638200000651,26.65840213332255,1.0306661666694101,13.459212133333349,2.1362641666665168,3.4421791333329566,2.860077766664896,24.686592,56.578048,9.928704,89.358336,81.473536,532.525056,493.543424,81.0,4533.777777777777,33.254444444444445,18.777777777777775,40.96000000000001,196.93444444444444,71.68444444444445
2024-03-06 17:32:06,2.754638200000651,26.65840213332255,1.0306661666694101,13.459212133333349,2.1362641666665168,3.4421791333329566,2.860077766664896,24.686592,56.578048,9.928704,89.358336,81.473536,532.525056,493.543424,81.0,4533.777777777777,33.254444444444445,18.777777777777775,40.96000000000001,196.93444444444444,71.68444444444445
2024-03-06 17:32:11,2.754638200000651,26.65840213332255,1.0306661666694101,13.459212133333349,2.1362641666665168,3.4421791333329566,2.860077766664896,24.686592,56.578048,9.928704,89.358336,81.473536,532.525056,493.543424,81.0,4533.777777777777,33.254444444444445,18.777777777777775,40.96000000000001,196.93444444444444,71.68444444444445
2024-03-06 17:32:16,7.481244399999319,55.42162013333232,1.3225478666640813,13.459212133333349,2.1362641666665168,3.4421791333329566,2.860077766664896,24.702976,56.479744,10.01472,89.358336,81.473536,532.525056,493.543424,81.0,1342.0011111111116,33.254444444444445,117.36111111111116,40.96000000000001,131.48444444444448,71.68444444444445
2024-03-06 17:32:21,7.481244399999319,55.42162013333232,1.3225478666640813,13.459212133333349,2.1362641666665168,3.4421791333329566,3.4065535666665405,24.702976,56.479744,10.01472,89.358336,81.473536,532.525056,493.617152,81.0,1342.0011111111116,33.254444444444445,117.36111111111116,99.33444444444444,131.48444444444448,71.68444444444445
2024-03-06 17:32:26,7.4812443999993175,55.421620133332304,1.322547866664081,-1.0,1.894596766666723,3.7153339333334165,3.4065535666665405,24.702976,56.479744,10.01472,-1.0,80.908288,531.386368,493.617152,8.801111111111112,1342.0011111111112,-1.0,117.36111111111113,99.33444444444444,131.48444444444445,113.06777777777776
2024-03-06 17:32:31,7.4812443999993175,55.421620133332304,1.322547866664081,-1.0,1.894596766666723,3.7153339333334165,3.4065535666665405,24.702976,56.479744,10.01472,-1.0,80.908288,531.386368,493.617152,8.801111111111112,1342.0011111111112,-1.0,117.36111111111113,99.33444444444444,131.48444444444445,113.06777777777776
2024-03-06 17:32:36,7.4812443999993175,55.421620133332304,1.322547866664081,-1.0,1.894596766666723,3.7153339333334165,3.4065535666665405,24.702976,56.479744,10.01472,-1.0,80.908288,531.386368,493.617152,8.801111111111112,1342.0011111111112,-1.0,117.36111111111113,99.33444444444444,131.48444444444445,113.06777777777776
2024-03-06 17:32:41,7.4812443999993175,55.421620133332304,1.322547866664081,-1.0,1.894596766666723,3.7153339333334165,3.4065535666665405,24.702976,56.479744,10.01472,-1.0,80.908288,531.386368,493.617152,8.801111111111112,1342.0011111111112,-1.0,117.36111111111113,99.33444444444444,131.48444444444445,113.06777777777776
2024-03-06 17:32:46,7.086901166667306,49.79174176667888,1.4591576333335374,-1.0,1.894596766666723,3.7153339333334165,3.4065535666665405,24.670208,56.594432,10.502144,-1.0,80.908288,531.386368,493.617152,8.801111111111112,3139.7344444444457,-1.0,61.88444444444448,99.33444444444444,159.60111111111115,113.06777777777776
2024-03-06 17:32:51,7.086901166667306,49.79174176667888,1.4591576333335374,-1.0,1.894596766666723,3.7153339333334165,3.694586500000696,24.670208,56.594432,10.502144,-1.0,80.908288,531.386368,493.694976,8.801111111111112,3139.7344444444457,-1.0,61.88444444444448,115.20444444444442,159.60111111111115,113.06777777777776
2024-03-06 17:32:56,7.086901166667303,49.791741766678875,1.4591576333335372,-1.0,2.063217400000165,3.689865933332233,3.694586500000696,24.670208,56.594432,10.502144,-1.0,81.219584,532.017152,493.694976,40.53444444444444,3139.7344444444443,-1.0,61.88444444444444,115.20444444444442,159.6011111111111,42.684444444444445
2024-03-06 17:33:01,7.086901166667303,49.791741766678875,1.4591576333335372,-1.0,2.063217400000165,3.689865933332233,3.694586500000696,24.670208,56.594432,10.502144,-1.0,81.219584,532.017152,493.694976,40.53444444444444,3139.7344444444443,-1.0,61.88444444444444,115.20444444444442,159.6011111111111,42.684444444444445
2024-03-06 17:33:06,7.086901166667303,49.791741766678875,1.4591576333335372,-1.0,2.063217400000165,3.689865933332233,3.694586500000696,24.670208,56.594432,10.502144,-1.0,81.219584,532.017152,493.694976,40.53444444444444,3139.7344444444443,-1.0,61.88444444444444,115.20444444444442,159.6011111111111,42.684444444444445
2024-03-06 17:33:11,7.086901166667303,49.791741766678875,1.4591576333335372,-1.0,2.063217400000165,3.689865933332233,3.694586500000696,24.670208,56.594432,10.502144,-1.0,81.219584,532.017152,493.694976,40.53444444444444,3139.7344444444443,-1.0,61.88444444444444,115.20444444444442,159.6011111111111,42.684444444444445
2024-03-06 17:33:16,3.172167733328025,40.84225093332256,1.38226560000021,-1.0,2.063217400000165,3.689865933332233,3.694586500000696,24.686592,56.479744,9.728,-1.0,81.219584,532.017152,493.694976,40.53444444444444,4862.73777777778,-1.0,90.88444444444447,115.20444444444442,121.73444444444448,42.684444444444445
2024-03-06 17:33:21,3.172167733328025,40.84225093332256,1.38226560000021,-1.0,2.063217400000165,3.689865933332233,5.750677366665968,24.686592,56.479744,9.728,-1.0,81.219584,532.017152,493.83424,40.53444444444444,4862.73777777778,-1.0,90.88444444444447,262.44,121.73444444444448,42.684444444444445
2024-03-06 17:33:26,3.172167733328024,40.842250933322546,1.3822656000002098,-1.0,2.122313847691939,5.082825462421034,5.750677366665968,24.686592,56.479744,9.728,-1.0,81.219584,533.897216,493.83424,33.62878946937716,4862.737777777778,-1.0,90.88444444444444,262.44,121.73444444444443,240.1699366830518
2024-03-06 17:33:31,3.172167733328024,40.842250933322546,1.3822656000002098,-1.0,2.122313847691939,5.082825462421034,5.750677366665968,24.686592,56.479744,9.728,-1.0,81.219584,533.897216,493.83424,33.62878946937716,4862.737777777778,-1.0,90.88444444444444,262.44,121.73444444444443,240.1699366830518
2024-03-06 17:33:36,3.172167733328024,40.842250933322546,1.3822656000002098,-1.0,2.122313847691939,5.082825462421034,5.750677366665968,24.686592,56.479744,9.728,-1.0,81.219584,533.897216,493.83424,33.62878946937716,4862.737777777778,-1.0,90.88444444444444,262.44,121.73444444444443,240.1699366830518
2024-03-06 17:33:41,3.172167733328024,40.842250933322546,1.3822656000002098,-1.0,2.1223138476919394,5.0828254624210345,5.750677366665968,24.686592,56.479744,9.728,-1.0,81.219584,533.897216,493.83424,33.62878946937717,4862.737777777778,-1.0,90.88444444444444,262.44,121.73444444444443,240.16993668305184
2024-03-06 17:33:46,5.520881594291511,38.814410070990924,1.3694226013925197,-1.0,2.1223138476919394,5.0828254624210345,5.750677366665968,24.686592,56.594432,10.006528,-1.0,81.219584,533.897216,493.83424,33.62878946937717,3424.5528000232257,-1.0,110.89935204230441,262.44,87.07047348298214,240.16993668305184
2024-03-06 17:33:51,5.520881594291511,38.814410070990924,1.3694226013925197,-1.0,2.1223138476919394,5.0828254624210345,2.0084248575145147,24.686592,56.594432,10.006528,-1.0,81.219584,533.897216,493.883392,33.62878946937717,3424.5528000232257,-1.0,110.89935204230441,78.60205658044111,87.07047348298214,240.16993668305184
2024-03-06 17:33:56,5.520881594291511,38.814410070990924,1.3694226013925197,-1.0,2.195736422737139,5.343866977830872,2.0084248575145147,24.686592,56.594432,10.006528,-1.0,81.219584,534.069248,493.883392,19.957763144443614,3424.5528000232257,-1.0,110.89935204230441,78.60205658044111,87.07047348298214,86.518837209102
2024-03-06 17:34:01,5.520881594291511,38.814410070990924,1.3694226013925197,-1.0,2.195736422737139,5.343866977830872,2.0084248575145147,24.686592,56.594432,10.006528,-1.0,81.219584,534.069248,493.883392,19.957763144443614,3424.5528000232257,-1.0,110.89935204230441,78.60205658044111,87.07047348298214,86.518837209102
2024-03-06 17:34:06,5.520881594291511,38.814410070990924,1.3694226013925197,-1.0,2.195736422737139,5.343866977830872,2.0084248575145147,24.686592,56.594432,10.006528,-1.0,81.219584,534.069248,493.883392,19.957763144443614,3424.5528000232257,-1.0,110.89935204230441,78.60205658044111,87.07047348298214,86.518837209102
2024-03-06 17:34:11,5.520881594291511,38.814410070990924,1.3694226013925197,-1.0,2.195736422737139,5.343866977830872,2.0084248575145147,24.686592,56.594432,10.006528,-1.0,81.219584,534.069248,493.883392,19.957763144443614,3424.5528000232257,-1.0,110.89935204230441,78.60205658044111,87.07047348298214,86.518837209102
2024-03-06 17:34:16,6.993720968229717,62.31330367085196,1.6986341146274933,-1.0,2.195736422737139,5.343866977830872,2.0084248575145147,24.80128,56.479744,10.52672,-1.0,81.219584,534.069248,493.883392,19.957763144443614,4089.379265457676,-1.0,96.08483435808171,78.60205658044111,226.10661522129865,86.518837209102
2024-03-06 17:34:21,6.993720968229717,62.31330367085196,1.6986341146274933,-1.0,2.195736422737139,5.343866977830872,5.137860919424487,24.80128,56.479744,10.52672,-1.0,81.219584,534.069248,493.981696,19.957763144443614,4089.379265457676,-1.0,96.08483435808171,211.26002767071162,226.10661522129865,86.518837209102
2024-03-06 17:34:26,6.993720968229717,62.31330367085196,1.6986341146274933,-1.0,2.648451833333354,2.520104133335129,5.137860919424487,24.80128,56.479744,10.52672,-1.0,81.219584,534.069248,493.981696,89.61777777777777,4089.379265457676,-1.0,96.08483435808171,211.26002767071162,226.10661522129865,201.64
2024-03-06 17:34:31,6.993720968229717,62.31330367085196,1.6986341146274933,-1.0,2.648451833333354,2.520104133335129,5.137860919424487,24.80128,56.479744,10.52672,-1.0,81.219584,534.069248,493.981696,89.61777777777777,4089.379265457676,-1.0,96.08483435808171,211.26002767071162,226.10661522129865,201.64
2024-03-06 17:34:36,6.993720968229717,62.31330367085196,1.6986341146274933,-1.0,2.648451833333354,2.520104133335129,5.137860919424487,24.80128,56.479744,10.52672,-1.0,81.219584,534.069248,493.981696,89.61777777777777,4089.379265457676,-1.0,96.08483435808171,211.26002767071162,226.10661522129865,201.64
2024-03-06 17:34:41,6.993720968229717,62.31330367085196,1.6986341146274933,-1.0,2.648451833333354,2.520104133335129,5.137860919424487,24.80128,56.479744,10.52672,-1.0,81.219584,534.069248,493.981696,89.61777777777777,4089.379265457676,-1.0,96.08483435808171,211.26002767071162,226.10661522129865,201.64
2024-03-06 17:34:46,6.042633666659944,43.684189066668004,0.9583238999994139,-1.0,2.648451833333354,2.520104133335129,5.137860919424487,24.80128,56.561664,10.522624,-1.0,81.219584,534.069248,493.981696,89.61777777777777,3465.2844444444463,-1.0,38.02777777777779,211.26002767071162,127.69000000000005,201.64
2024-03-06 17:34:51,6.042633666659944,43.684189066668004,0.9583238999994139,-1.0,2.648451833333354,2.520104133335129,4.605848933332861,24.80128,56.561664,10.522624,-1.0,81.219584,534.069248,494.178304,89.61777777777777,3465.2844444444463,-1.0,38.02777777777779,79.21000000000001,127.69000000000005,201.64
2024-03-06 17:34:56,6.042633666659943,43.684189066668,0.9583238999994137,-1.0,2.0590327333332916,5.009246833333236,4.605848933332861,24.80128,56.561664,10.522624,-1.0,81.219584,534.237184,494.178304,38.440000000000005,3465.2844444444445,-1.0,38.02777777777778,79.21000000000001,127.69000000000001,105.40444444444447
2024-03-06 17:35:01,6.042633666659943,43.684189066668,0.9583238999994137,-1.0,2.0590327333332916,5.009246833333236,4.605848933332861,24.80128,56.561664,10.522624,-1.0,81.219584,534.237184,494.178304,38.440000000000005,3465.2844444444445,-1.0,38.02777777777778,79.21000000000001,127.69000000000001,105.40444444444447
2024-03-06 17:35:06,6.042633666659943,43.684189066668,0.9583238999994137,-1.0,2.0590327333332916,5.009246833333236,4.605848933332861,24.80128,56.561664,10.522624,-1.0,81.219584,534.237184,494.178304,38.440000000000005,3465.2844444444445,-1.0,38.02777777777778,79.21000000000001,127.69000000000001,105.40444444444447
2024-03-06 17:35:11,6.042633666659943,43.684189066668,0.9583238999994137,-1.0,2.0590327333332916,5.009246833333236,4.605848933332861,24.80128,56.561664,10.522624,-1.0,81.219584,534.237184,494.178304,38.440000000000005,3465.2844444444445,-1.0,38.02777777777778,79.21000000000001,127.69000000000001,105.40444444444447
2024-03-06 17:35:16,6.257153200006846,23.659806433336907,1.9706768000029724,-1.0,2.0590327333332916,5.009246833333236,4.605848933332861,24.670208,56.561664,10.313728,-1.0,81.219584,534.237184,494.178304,38.440000000000005,1356.6944444444453,-1.0,126.93777777777784,79.21000000000001,130.72111111111116,105.40444444444447
2024-03-06 17:35:21,6.257153200006846,23.659806433336907,1.9706768000029724,-1.0,2.0590327333332916,5.009246833333236,4.360942666668659,24.670208,56.561664,10.313728,-1.0,81.219584,534.237184,494.317568,38.440000000000005,1356.6944444444453,-1.0,126.93777777777784,117.36111111111113,130.72111111111116,105.40444444444447
2024-03-06 17:35:26,6.257153200006845,23.659806433336904,1.970676800002972,-1.0,2.0485452666666975,5.063255866665865,4.360942666668659,24.670208,56.561664,10.313728,-1.0,81.215488,534.347776,494.317568,36.80444444444444,1356.6944444444446,-1.0,126.9377777777778,117.36111111111113,130.72111111111113,114.48999999999998
2024-03-06 17:35:31,6.257153200006845,23.659806433336904,1.970676800002972,-1.0,2.0485452666666975,5.063255866665865,4.360942666668659,24.670208,56.561664,10.313728,-1.0,81.215488,534.347776,494.317568,36.80444444444444,1356.6944444444446,-1.0,126.9377777777778,117.36111111111113,130.72111111111113,114.48999999999998
2024-03-06 17:35:36,6.257153200006845,23.659806433336904,1.970676800002972,-1.0,2.0485452666666975,5.063255866665865,4.360942666668659,24.670208,56.561664,10.313728,-1.0,81.215488,534.347776,494.317568,36.80444444444444,1356.6944444444446,-1.0,126.9377777777778,117.36111111111113,130.72111111111113,114.48999999999998
2024-03-06 17:35:41,6.257153200006845,23.659806433336904,1.970676800002972,-1.0,2.0485452666666975,5.063255866665865,4.360942666668659,24.670208,56.561664,10.313728,-1.0,81.215488,534.347776,494.317568,36.80444444444444,1356.6944444444446,-1.0,126.9377777777778,117.36111111111113,130.72111111111113,114.48999999999998
2024-03-06 17:35:46,6.697681966670645,52.89340683333044,1.80569963333331,-1.0,2.0485452666666975,5.063255866665865,4.360942666668659,24.670208,56.479744,9.8304,-1.0,81.215488,534.347776,494.317568,36.80444444444444,6262.084444444447,-1.0,39.69000000000001,117.36111111111113,212.18777777777788,114.48999999999998
2024-03-06 17:35:51,6.697681966670645,52.89340683333044,1.80569963333331,-1.0,2.0485452666666975,5.063255866665865,4.31690069999983,24.670208,56.479744,9.8304,-1.0,81.215488,534.347776,494.415872,36.80444444444444,6262.084444444447,-1.0,39.69000000000001,240.25,212.18777777777788,114.48999999999998
2024-03-06 17:35:56,6.697681966670643,52.893406833330424,1.8056996333333095,-1.0,2.6973189999999647,5.405005966667886,4.31690069999983,24.670208,56.479744,9.8304,-1.0,83.591168,534.065152,494.415872,30.987777777777776,6262.084444444446,-1.0,39.69,240.25,212.18777777777777,59.80444444444444
2024-03-06 17:36:01,6.697681966670643,52.893406833330424,1.8056996333333095,-1.0,2.6973189999999647,5.405005966667886,4.31690069999983,24.670208,56.479744,9.8304,-1.0,83.591168,534.065152,494.415872,30.987777777777776,6262.084444444446,-1.0,39.69,240.25,212.18777777777777,59.80444444444444
2024-03-06 17:36:06,6.697681966670643,52.893406833330424,1.8056996333333095,-1.0,2.6973189999999647,5.405005966667886,4.31690069999983,24.670208,56.479744,9.8304,-1.0,83.591168,534.065152,494.415872,30.987777777777776,6262.084444444446,-1.0,39.69,240.25,212.18777777777777,59.80444444444444
2024-03-06 17:36:11,6.697681966670643,52.893406833330424,1.8056996333333095,-1.0,2.6973189999999647,5.405005966667886,4.31690069999983,24.670208,56.479744,9.8304,-1.0,83.591168,534.065152,494.415872,30.987777777777776,6262.084444444446,-1.0,39.69,240.25,212.18777777777777,59.80444444444444
2024-03-06 17:36:16,5.770296966663107,43.02644679999807,1.4653659999983881,-1.0,2.6973189999999647,5.405005966667886,4.31690069999983,24.670208,56.479744,10.194944,-1.0,83.591168,534.065152,494.415872,30.987777777777776,3465.2844444444463,-1.0,86.49000000000005,240.25,126.93777777777784,59.80444444444444
2024-03-06 17:36:21,5.770296966663107,43.02644679999807,1.4653659999983881,-1.0,2.6973189999999647,5.405005966667886,4.295467966665001,24.670208,56.479744,10.194944,-1.0,83.591168,534.065152,494.55104,30.987777777777776,3465.2844444444463,-1.0,86.49000000000005,64.0,126.93777777777784,59.80444444444444
2024-03-06 17:36:26,5.770296966663106,43.026446799998055,1.465365999998388,-1.0,2.3366134333334307,3.5058115666667313,4.295467966665001,24.670208,56.479744,10.194944,-1.0,83.365888,533.602304,494.55104,41.38777777777778,3465.2844444444445,-1.0,86.49000000000001,64.0,126.9377777777778,232.0544444444444
2024-03-06 17:36:31,5.770296966663106,43.026446799998055,1.465365999998388,-1.0,2.3366134333334307,3.5058115666667313,4.295467966665001,24.670208,56.479744,10.194944,-1.0,83.365888,533.602304,494.55104,41.38777777777778,3465.2844444444445,-1.0,86.49000000000001,64.0,126.9377777777778,232.0544444444444
2024-03-06 17:36:36,5.770296966663106,43.026446799998055,1.465365999998388,-1.0,2.3366134333334307,3.5058115666667313,4.295467966665001,24.670208,56.479744,10.194944,-1.0,83.365888,533.602304,494.55104,41.38777777777778,3465.2844444444445,-1.0,86.49000000000001,64.0,126.9377777777778,232.0544444444444
2024-03-06 17:36:41,5.770296966663106,43.026446799998055,1.465365999998388,-1.0,2.3366134333334307,3.5058115666667313,4.295467966665001,24.670208,56.479744,10.194944,-1.0,83.365888,533.602304,494.55104,41.38777777777778,3465.2844444444445,-1.0,86.49000000000001,64.0,126.9377777777778,232.0544444444444
2024-03-06 17:36:46,4.094542833324038,45.54514796667112,1.2296233666650858,-1.0,2.3366134333334307,3.5058115666667313,4.295467966665001,24.670208,56.594432,10.32192,-1.0,83.365888,533.602304,494.55104,41.38777777777778,5730.4900000000025,-1.0,140.02777777777783,64.0,210.2500000000001,232.0544444444444
2024-03-06 17:36:51,4.094542833324038,45.54514796667112,1.2296233666650858,-1.0,2.3366134333334307,3.5058115666667313,4.453526499999802,24.670208,56.594432,10.32192,-1.0,83.365888,533.602304,494.637056,41.38777777777778,5730.4900000000025,-1.0,140.02777777777783,118.81,210.2500000000001,232.0544444444444
2024-03-06 17:36:56,4.094542833324037,45.54514796667111,1.2296233666650855,-1.0,1.693591999999929,5.276278633330852,4.453526499999802,24.670208,56.594432,10.32192,-1.0,83.365888,533.38112,494.637056,22.090000000000003,5730.490000000001,-1.0,140.0277777777778,118.81,210.25,44.001111111111115
2024-03-06 17:37:01,4.094542833324037,45.54514796667111,1.2296233666650855,-1.0,1.693591999999929,5.276278633330852,4.453526499999802,24.670208,56.594432,10.32192,-1.0,83.365888,533.38112,494.637056,22.090000000000003,5730.490000000001,-1.0,140.0277777777778,118.81,210.25,44.001111111111115
