timestamp,details-v1-b788479c5-bbg6t_cpu,productpage-v1-7fb564989f-sh2pp_cpu,productpage-v1-7fb564989f-tnwnz_cpu,ratings-v1-5b6b66f9b5-n4ddg_cpu,reviews-v1-7b76c4f45d-x9mxc_cpu,reviews-v3-5fd56449d8-tv4wp_cpu,reviews-v2-6ccf99c555-fqvhb_cpu,details-v1-b788479c5-bbg6t_memory,productpage-v1-7fb564989f-sh2pp_memory,productpage-v1-7fb564989f-tnwnz_memory,ratings-v1-5b6b66f9b5-n4ddg_memory,reviews-v1-7b76c4f45d-x9mxc_memory,reviews-v3-5fd56449d8-tv4wp_memory,reviews-v2-6ccf99c555-fqvhb_memory,reviews-v1-7b76c4f45d-x9mxc_network,details-v1-b788479c5-bbg6t_network,reviews-v2-6ccf99c555-fqvhb_network,ratings-v1-5b6b66f9b5-n4ddg_network,reviews-v3-5fd56449d8-tv4wp_network,productpage-v1-7fb564989f-sh2pp_network,productpage-v1-7fb564989f-tnwnz_network
2024-03-05 19:00:01,6.898468766667065,-1.0,38.73545973333338,1.5869077333334758,1.7861318000001347,2.6824916999999004,4.02915516666648,19.505152,-1.0,51.621888,17.104896,90.066944,254.89408,245.927936,23.04,59.80444444444444,178.6677777777778,45.78777777777778,41.81777777777778,-1.0,4583.29
2024-03-05 19:00:06,6.898468766667065,-1.0,38.73545973333338,1.5869077333334758,1.7861318000001347,2.6824916999999004,4.02915516666648,19.505152,-1.0,51.621888,17.104896,90.066944,254.89408,245.927936,23.04,59.80444444444444,178.6677777777778,45.78777777777778,41.81777777777778,-1.0,4583.29
2024-03-05 19:00:11,6.898468766667065,-1.0,38.73545973333338,1.5869077333334758,1.7861318000001347,2.6824916999999004,4.02915516666648,19.505152,-1.0,51.621888,17.104896,90.066944,254.89408,245.927936,23.04,59.80444444444444,178.6677777777778,45.78777777777778,41.81777777777778,-1.0,4583.29
2024-03-05 19:00:16,4.684012733332566,-1.0,32.413637766666646,1.5869077333334758,1.7861318000001347,2.6824916999999004,4.02915516666648,19.505152,-1.0,51.429376,17.104896,90.066944,254.89408,245.927936,23.04,152.9344444444445,178.6677777777778,45.78777777777778,41.81777777777778,-1.0,2563.734444444445
2024-03-05 19:00:21,4.684012733332566,-1.0,32.413637766666646,1.5869077333334758,1.7861318000001347,2.6824916999999004,3.647969100000144,19.505152,-1.0,51.429376,17.104896,90.066944,254.89408,246.013952,23.04,152.9344444444445,136.89,45.78777777777778,41.81777777777778,-1.0,2563.734444444445
2024-03-05 19:00:26,4.684012733332565,-1.0,32.41363776666664,1.1751266333334343,2.1596242333335645,4.159844900001039,3.647969100000144,19.505152,-1.0,51.429376,13.303808,86.126592,252.096512,246.013952,21.159999999999997,152.93444444444447,136.89,27.737777777777776,100.0,-1.0,2563.7344444444443
2024-03-05 19:00:31,4.684012733332565,-1.0,32.41363776666664,1.1751266333334343,2.1596242333335645,4.159844900001039,3.647969100000144,19.505152,-1.0,51.429376,13.303808,86.126592,252.096512,246.013952,21.159999999999997,152.93444444444447,136.89,27.737777777777776,100.0,-1.0,2563.7344444444443
2024-03-05 19:00:36,4.684012733332565,-1.0,32.41363776666664,1.1751266333334343,2.1596242333335645,4.159844900001039,3.647969100000144,19.505152,-1.0,51.429376,13.303808,86.126592,252.096512,246.013952,21.159999999999997,152.93444444444447,136.89,27.737777777777776,100.0,-1.0,2563.7344444444443
2024-03-05 19:00:41,4.684012733332565,-1.0,32.41363776666664,1.1751266333334343,2.1596242333335645,4.159844900001039,3.647969100000144,19.505152,-1.0,51.429376,13.303808,86.126592,252.096512,246.013952,21.159999999999997,152.93444444444447,136.89,27.737777777777776,100.0,-1.0,2563.7344444444443
2024-03-05 19:00:46,0.177722033322425,-1.0,4.948808400000005,1.1751266333334343,2.1596242333335645,4.159844900001039,3.647969100000144,19.488768,-1.0,51.429376,13.303808,86.126592,252.096512,246.013952,21.159999999999997,11.33444444444445,136.89,27.737777777777776,100.0,-1.0,18.20444444444445
2024-03-05 19:00:51,0.177722033322425,-1.0,4.948808400000005,1.1751266333334343,2.1596242333335645,4.159844900001039,0.5036766666667821,19.488768,-1.0,51.429376,13.303808,86.126592,252.096512,246.013952,21.159999999999997,11.33444444444445,35.60111111111111,27.737777777777776,100.0,-1.0,18.20444444444445
2024-03-05 19:00:56,0.17772203332242498,-1.0,4.948808400000004,0.0,0.4503482666668409,0.7976260999991307,0.5036766666667821,19.488768,-1.0,51.429376,13.242368,86.126592,251.96544,246.013952,7.839999999999999,11.334444444444445,35.60111111111111,9.404444444444445,5.92111111111111,-1.0,18.204444444444444
2024-03-05 19:01:01,0.17772203332242498,-1.0,4.948808400000004,0.0,0.4503482666668409,0.7976260999991307,0.5036766666667821,19.488768,-1.0,51.429376,13.242368,86.126592,251.96544,246.013952,7.839999999999999,11.334444444444445,35.60111111111111,9.404444444444445,5.92111111111111,-1.0,18.204444444444444
2024-03-05 19:01:06,0.17772203332242498,-1.0,4.948808400000004,0.0,0.4503482666668409,0.7976260999991307,0.5036766666667821,19.488768,-1.0,51.429376,13.242368,86.126592,251.96544,246.013952,7.839999999999999,11.334444444444445,35.60111111111111,9.404444444444445,5.92111111111111,-1.0,18.204444444444444
2024-03-05 19:01:11,0.17772203332242498,-1.0,4.948808400000004,0.0,0.4503482666668409,0.7976260999991307,0.5036766666667821,19.488768,-1.0,51.429376,13.242368,86.126592,251.96544,246.013952,7.839999999999999,11.334444444444445,35.60111111111111,9.404444444444445,5.92111111111111,-1.0,18.204444444444444
2024-03-05 19:01:16,0.0070454333429855395,-1.0,4.964034333333346,0.0,0.4503482666668409,0.7976260999991307,0.5036766666667821,19.456,-1.0,51.429376,13.242368,86.126592,251.96544,246.013952,7.839999999999999,11.111111111111118,35.60111111111111,9.404444444444445,5.92111111111111,-1.0,34.41777777777779
2024-03-05 19:01:21,0.0070454333429855395,-1.0,4.964034333333346,0.0,0.4503482666668409,0.7976260999991307,0.4957599999992605,19.456,-1.0,51.429376,13.242368,86.126592,251.96544,246.013952,7.839999999999999,11.111111111111118,16.81,9.404444444444445,5.92111111111111,-1.0,34.41777777777779
2024-03-05 19:01:26,0.007045433342985538,-1.0,4.964034333333345,0.0,0.7232828999993519,0.7447062666661471,0.4957599999992605,19.456,-1.0,51.429376,13.242368,86.126592,251.96544,246.013952,12.25,11.111111111111112,16.81,17.084444444444447,12.96,-1.0,34.41777777777777
2024-03-05 19:01:31,0.007045433342985538,-1.0,4.964034333333345,0.0,0.7232828999993519,0.7447062666661471,0.4957599999992605,19.456,-1.0,51.429376,13.242368,86.126592,251.96544,246.013952,12.25,11.111111111111112,16.81,17.084444444444447,12.96,-1.0,34.41777777777777
2024-03-05 19:01:36,0.007045433342985538,-1.0,4.964034333333345,0.0,0.7232828999993519,0.7447062666661471,0.4957599999992605,19.456,-1.0,51.429376,13.242368,86.126592,251.96544,246.013952,12.25,11.111111111111112,16.81,17.084444444444447,12.96,-1.0,34.41777777777777
2024-03-05 19:01:41,0.007045433342985538,-1.0,4.964034333333345,0.0,0.7232828999993519,0.7447062666661471,0.4957599999992605,19.456,-1.0,51.429376,13.242368,86.126592,251.96544,246.013952,12.25,11.111111111111112,16.81,17.084444444444447,12.96,-1.0,34.41777777777777
2024-03-05 19:01:46,0.9051501666666205,-1.0,7.804734666666611,0.0,0.7232828999993519,0.7447062666661471,0.4957599999992605,19.521536,-1.0,51.429376,13.242368,86.126592,251.96544,246.013952,12.25,31.73444444444446,16.81,17.084444444444447,12.96,-1.0,6.417777777777779
2024-03-05 19:01:51,0.9051501666666205,-1.0,7.804734666666611,0.0,0.7232828999993519,0.7447062666661471,1.5228367333340505,19.521536,-1.0,51.429376,13.242368,86.126592,251.96544,246.034432,12.25,31.73444444444446,5.289999999999999,17.084444444444447,12.96,-1.0,6.417777777777779
2024-03-05 19:01:56,0.9051501666666203,-1.0,7.804734666666609,0.44098713333321865,0.9118246666664239,0.33585490000026164,1.5228367333340505,19.521536,-1.0,51.429376,13.713408,86.13888,251.96544,246.034432,19.95111111111111,31.73444444444445,5.289999999999999,5.4444444444444455,49.0,-1.0,6.417777777777777
2024-03-05 19:02:01,0.9051501666666203,-1.0,7.804734666666609,0.44098713333321865,0.9118246666664239,0.33585490000026164,1.5228367333340505,19.521536,-1.0,51.429376,13.713408,86.13888,251.96544,246.034432,19.95111111111111,31.73444444444445,5.289999999999999,5.4444444444444455,49.0,-1.0,6.417777777777777
2024-03-05 19:02:06,0.9051501666666203,-1.0,7.804734666666609,0.44098713333321865,0.9118246666664239,0.33585490000026164,1.5228367333340505,19.521536,-1.0,51.429376,13.713408,86.13888,251.96544,246.034432,19.95111111111111,31.73444444444445,5.289999999999999,5.4444444444444455,49.0,-1.0,6.417777777777777
2024-03-05 19:02:11,0.9051501666666203,-1.0,7.804734666666609,0.44098713333321865,0.9118246666664239,0.33585490000026164,1.5228367333340505,19.521536,-1.0,51.429376,13.713408,86.13888,251.96544,246.034432,19.95111111111111,31.73444444444445,5.289999999999999,5.4444444444444455,49.0,-1.0,6.417777777777777
2024-03-05 19:02:16,6.052044100003211,-1.0,36.949501999999995,0.44098713333321865,0.9118246666664239,0.33585490000026164,1.5228367333340505,19.521536,-1.0,51.433472,13.713408,86.13888,251.96544,246.034432,19.95111111111111,115.2044444444445,5.289999999999999,5.4444444444444455,49.0,-1.0,2052.0900000000006
2024-03-05 19:02:21,6.052044100003211,-1.0,36.949501999999995,0.44098713333321865,0.9118246666664239,0.33585490000026164,4.401414466666627,19.521536,-1.0,51.433472,13.713408,86.13888,251.96544,246.157312,19.95111111111111,115.2044444444445,104.7211111111111,5.4444444444444455,49.0,-1.0,2052.0900000000006
2024-03-05 19:02:26,6.05204410000321,-1.0,36.94950199999999,1.0917645000001621,2.477029366666746,6.113513633334833,4.401414466666627,19.521536,-1.0,51.433472,13.565952,86.13888,252.100608,246.157312,16.0,115.20444444444442,104.7211111111111,85.87111111111112,56.25,-1.0,2052.0899999999997
2024-03-05 19:02:31,6.05204410000321,-1.0,36.94950199999999,1.0917645000001621,2.477029366666746,6.113513633334833,4.401414466666627,19.521536,-1.0,51.433472,13.565952,86.13888,252.100608,246.157312,16.0,115.20444444444442,104.7211111111111,85.87111111111112,56.25,-1.0,2052.0899999999997
2024-03-05 19:02:36,6.05204410000321,-1.0,36.94950199999999,1.0917645000001621,2.477029366666746,6.113513633334833,4.401414466666627,19.521536,-1.0,51.433472,13.565952,86.13888,252.100608,246.157312,16.0,115.20444444444442,104.7211111111111,85.87111111111112,56.25,-1.0,2052.0899999999997
2024-03-05 19:02:41,6.05204410000321,-1.0,36.94950199999999,1.0917645000001621,2.477029366666746,6.113513633334833,4.401414466666627,19.521536,-1.0,51.433472,13.565952,86.13888,252.100608,246.157312,16.0,115.20444444444442,104.7211111111111,85.87111111111112,56.25,-1.0,2052.0899999999997
2024-03-05 19:02:46,5.634164166652531,-1.0,46.915336500000045,1.0917645000001621,2.477029366666746,6.113513633334833,4.401414466666627,19.505152,-1.0,51.666944,13.565952,86.13888,252.100608,246.157312,16.0,158.76000000000005,104.7211111111111,85.87111111111112,56.25,-1.0,7304.551111111114
2024-03-05 19:02:51,5.634164166652531,-1.0,46.915336500000045,1.0917645000001621,2.477029366666746,6.113513633334833,4.180617933333035,19.505152,-1.0,51.666944,13.565952,86.13888,252.100608,246.222848,16.0,158.76000000000005,190.44000000000003,85.87111111111112,56.25,-1.0,7304.551111111114
2024-03-05 19:02:56,5.63416416665253,-1.0,46.91533650000004,2.300507699999817,2.2337232000002887,4.434428633332269,4.180617933333035,19.505152,-1.0,51.666944,13.389824,86.13888,252.157952,246.222848,44.44444444444445,158.76,190.44000000000003,45.78777777777778,202.58777777777775,-1.0,7304.551111111112
2024-03-05 19:03:01,5.63416416665253,-1.0,46.91533650000004,2.300507699999817,2.2337232000002887,4.434428633332269,4.180617933333035,19.505152,-1.0,51.666944,13.389824,86.13888,252.157952,246.222848,44.44444444444445,158.76,190.44000000000003,45.78777777777778,202.58777777777775,-1.0,7304.551111111112
2024-03-05 19:03:06,5.63416416665253,-1.0,46.91533650000004,2.300507699999817,2.2337232000002887,4.434428633332269,4.180617933333035,19.505152,-1.0,51.666944,13.389824,86.13888,252.157952,246.222848,44.44444444444445,158.76,190.44000000000003,45.78777777777778,202.58777777777775,-1.0,7304.551111111112
2024-03-05 19:03:11,5.63416416665253,-1.0,46.91533650000004,2.300507699999817,2.2337232000002887,4.434428633332269,4.180617933333035,19.505152,-1.0,51.666944,13.389824,86.13888,252.157952,246.222848,44.44444444444445,158.76,190.44000000000003,45.78777777777778,202.58777777777775,-1.0,7304.551111111112
2024-03-05 19:03:16,5.452804233345888,-1.0,48.270341499999965,2.300507699999817,2.2337232000002887,4.434428633332269,4.180617933333035,19.513344,-1.0,51.67104,13.389824,86.13888,252.157952,246.222848,44.44444444444445,123.21000000000004,190.44000000000003,45.78777777777778,202.58777777777775,-1.0,3488.8711111111134
2024-03-05 19:03:21,5.452804233345888,-1.0,48.270341499999965,2.300507699999817,2.2337232000002887,4.434428633332269,3.372687066666913,19.513344,-1.0,51.67104,13.389824,86.13888,252.157952,246.345728,44.44444444444445,123.21000000000004,203.5377777777778,45.78777777777778,202.58777777777775,-1.0,3488.8711111111134
2024-03-05 19:03:26,5.452804233345887,-1.0,48.27034149999996,2.4561099666665127,2.7337914000005035,5.688218000000234,3.372687066666913,19.513344,-1.0,51.67104,13.336576,86.13888,252.280832,246.345728,36.80444444444444,123.21,203.5377777777778,71.68444444444445,41.38777777777778,-1.0,3488.8711111111115
2024-03-05 19:03:31,5.452804233345887,-1.0,48.27034149999996,2.4561099666665127,2.7337914000005035,5.688218000000234,3.372687066666913,19.513344,-1.0,51.67104,13.336576,86.13888,252.280832,246.345728,36.80444444444444,123.21,203.5377777777778,71.68444444444445,41.38777777777778,-1.0,3488.8711111111115
2024-03-05 19:03:36,5.452804233345887,-1.0,48.27034149999996,2.4561099666665127,2.7337914000005035,5.688218000000234,3.372687066666913,19.513344,-1.0,51.67104,13.336576,86.13888,252.280832,246.345728,36.80444444444444,123.21,203.5377777777778,71.68444444444445,41.38777777777778,-1.0,3488.8711111111115
2024-03-05 19:03:41,5.452804233345887,-1.0,48.27034149999996,2.4561099666665127,2.7337914000005035,5.688218000000234,3.372687066666913,19.513344,-1.0,51.67104,13.336576,86.13888,252.280832,246.345728,36.80444444444444,123.21,203.5377777777778,71.68444444444445,41.38777777777778,-1.0,3488.8711111111115
2024-03-05 19:03:46,5.969638533330605,-1.0,41.975935833333374,2.4561099666665127,2.7337914000005035,5.688218000000234,3.372687066666913,19.513344,-1.0,51.621888,13.336576,86.13888,252.280832,246.345728,36.80444444444444,303.92111111111126,203.5377777777778,71.68444444444445,41.38777777777778,-1.0,3177.201111111113
2024-03-05 19:03:51,5.969638533330605,-1.0,41.975935833333374,2.4561099666665127,2.7337914000005035,5.688218000000234,5.404532800000084,19.513344,-1.0,51.621888,13.336576,86.13888,252.280832,246.587392,36.80444444444444,303.92111111111126,199.7511111111111,71.68444444444445,41.38777777777778,-1.0,3177.201111111113
2024-03-05 19:03:56,5.969638533330604,-1.0,41.97593583333337,0.786039700000174,1.6402121666658331,5.596407133333514,5.404532800000084,19.513344,-1.0,51.621888,14.106624,86.13888,252.432384,246.587392,54.760000000000005,303.92111111111114,199.7511111111111,162.13777777777776,334.89000000000004,-1.0,3177.201111111111
2024-03-05 19:04:01,5.969638533330604,-1.0,41.97593583333337,0.786039700000174,1.6402121666658331,5.596407133333514,5.404532800000084,19.513344,-1.0,51.621888,14.106624,86.13888,252.432384,246.587392,54.760000000000005,303.92111111111114,199.7511111111111,162.13777777777776,334.89000000000004,-1.0,3177.201111111111
2024-03-05 19:04:06,5.969638533330604,-1.0,41.97593583333337,0.786039700000174,1.6402121666658331,5.596407133333514,5.404532800000084,19.513344,-1.0,51.621888,14.106624,86.13888,252.432384,246.587392,54.760000000000005,303.92111111111114,199.7511111111111,162.13777777777776,334.89000000000004,-1.0,3177.201111111111
2024-03-05 19:04:11,5.969638533330604,-1.0,41.97593583333337,0.786039700000174,1.6402121666658331,5.596407133333514,5.404532800000084,19.513344,-1.0,51.621888,14.106624,86.13888,252.432384,246.587392,54.760000000000005,303.92111111111114,199.7511111111111,162.13777777777776,334.89000000000004,-1.0,3177.201111111111
2024-03-05 19:04:16,4.74374310000106,-1.0,49.53267856666664,0.786039700000174,1.6402121666658331,5.596407133333514,5.404532800000084,19.513344,-1.0,51.5072,14.106624,86.13888,252.432384,246.587392,54.760000000000005,182.25000000000009,199.7511111111111,162.13777777777776,334.89000000000004,-1.0,1229.671111111112
2024-03-05 19:04:21,4.74374310000106,-1.0,49.53267856666664,0.786039700000174,1.6402121666658331,5.596407133333514,3.0761773333334004,19.513344,-1.0,51.5072,14.106624,86.13888,252.432384,246.652928,54.760000000000005,182.25000000000009,183.1511111111111,162.13777777777776,334.89000000000004,-1.0,1229.671111111112
2024-03-05 19:04:26,4.743743100001059,-1.0,49.53267856666663,2.238287966666519,2.51393240000084,5.349940599999551,3.0761773333334004,19.513344,-1.0,51.5072,13.770752,86.13888,252.567552,246.652928,36.80444444444444,182.25,183.1511111111111,79.21000000000001,196.0,-1.0,1229.6711111111113
2024-03-05 19:04:31,4.743743100001059,-1.0,49.53267856666663,2.238287966666519,2.51393240000084,5.349940599999551,3.0761773333334004,19.513344,-1.0,51.5072,13.770752,86.13888,252.567552,246.652928,36.80444444444444,182.25,183.1511111111111,79.21000000000001,196.0,-1.0,1229.6711111111113
2024-03-05 19:04:36,4.743743100001059,-1.0,49.53267856666663,2.238287966666519,2.51393240000084,5.349940599999551,3.0761773333334004,19.513344,-1.0,51.5072,13.770752,86.13888,252.567552,246.652928,36.80444444444444,182.25,183.1511111111111,79.21000000000001,196.0,-1.0,1229.6711111111113
2024-03-05 19:04:41,4.743743100001059,-1.0,49.53267856666663,2.238287966666519,2.51393240000084,5.349940599999551,3.0761773333334004,19.513344,-1.0,51.5072,13.770752,86.13888,252.567552,246.652928,36.80444444444444,182.25,183.1511111111111,79.21000000000001,196.0,-1.0,1229.6711111111113
2024-03-05 19:04:46,6.0907548666667335,-1.0,50.610999066666686,2.238287966666519,2.51393240000084,5.349940599999551,3.0761773333334004,19.521536,-1.0,51.560448,13.770752,86.13888,252.567552,246.652928,36.80444444444444,75.11111111111113,183.1511111111111,79.21000000000001,196.0,-1.0,7702.98777777778
2024-03-05 19:04:51,6.0907548666667335,-1.0,50.610999066666686,2.238287966666519,2.51393240000084,5.349940599999551,3.823655599999635,19.521536,-1.0,51.560448,13.770752,86.13888,252.567552,246.738944,36.80444444444444,75.11111111111113,131.48444444444445,79.21000000000001,196.0,-1.0,7702.98777777778
2024-03-05 19:04:56,6.090754866666733,-1.0,50.61099906666667,1.9228684333332544,1.7000890666660475,4.701963900000313,3.823655599999635,19.521536,-1.0,51.560448,13.287424,86.13888,252.776448,246.738944,25.334444444444443,75.1111111111111,131.48444444444445,63.467777777777776,70.00111111111111,-1.0,7702.987777777777
2024-03-05 19:05:01,6.090754866666733,-1.0,50.61099906666667,1.9228684333332544,1.7000890666660475,4.701963900000313,3.823655599999635,19.521536,-1.0,51.560448,13.287424,86.13888,252.776448,246.738944,25.334444444444443,75.1111111111111,131.48444444444445,63.467777777777776,70.00111111111111,-1.0,7702.987777777777
2024-03-05 19:05:06,6.090754866666733,-1.0,50.61099906666667,1.9228684333332544,1.7000890666660475,4.701963900000313,3.823655599999635,19.521536,-1.0,51.560448,13.287424,86.13888,252.776448,246.738944,25.334444444444443,75.1111111111111,131.48444444444445,63.467777777777776,70.00111111111111,-1.0,7702.987777777777
2024-03-05 19:05:11,6.090754866666733,-1.0,50.61099906666667,1.9228684333332544,1.7000890666660475,4.701963900000313,3.823655599999635,19.521536,-1.0,51.560448,13.287424,86.13888,252.776448,246.738944,25.334444444444443,75.1111111111111,131.48444444444445,63.467777777777776,70.00111111111111,-1.0,7702.987777777777
2024-03-05 19:05:16,6.145365599998817,-1.0,41.430900766666674,1.9228684333332544,1.7000890666660475,4.701963900000313,3.823655599999635,19.521536,-1.0,51.666944,13.287424,86.13888,252.776448,246.738944,25.334444444444443,224.00111111111121,131.48444444444445,63.467777777777776,70.00111111111111,-1.0,3580.0277777777796
2024-03-05 19:05:21,6.145365599998817,-1.0,41.430900766666674,1.9228684333332544,1.7000890666660475,4.701963900000313,4.245872300000049,19.521536,-1.0,51.666944,13.287424,86.13888,252.776448,246.861824,25.334444444444443,224.00111111111121,24.010000000000005,63.467777777777776,70.00111111111111,-1.0,3580.0277777777796
2024-03-05 19:05:26,6.145365599998816,-1.0,41.43090076666667,2.0709664333333913,2.1763297666666404,4.962633200000255,4.245872300000049,19.521536,-1.0,51.666944,13.910016,86.13888,252.919808,246.861824,30.617777777777775,224.0011111111111,24.010000000000005,44.001111111111115,133.01777777777778,-1.0,3580.0277777777783
2024-03-05 19:05:31,6.145365599998816,-1.0,41.43090076666667,2.0709664333333913,2.1763297666666404,4.962633200000255,4.245872300000049,19.521536,-1.0,51.666944,13.910016,86.13888,252.919808,246.861824,30.617777777777775,224.0011111111111,24.010000000000005,44.001111111111115,133.01777777777778,-1.0,3580.0277777777783
2024-03-05 19:05:36,6.145365599998816,-1.0,41.43090076666667,2.0709664333333913,2.1763297666666404,4.962633200000255,4.245872300000049,19.521536,-1.0,51.666944,13.910016,86.13888,252.919808,246.861824,30.617777777777775,224.0011111111111,24.010000000000005,44.001111111111115,133.01777777777778,-1.0,3580.0277777777783
2024-03-05 19:05:41,6.145365599998816,-1.0,41.43090076666667,2.0709664333333913,2.1763297666666404,4.962633200000255,4.245872300000049,19.521536,-1.0,51.666944,13.910016,86.13888,252.919808,246.861824,30.617777777777775,224.0011111111111,24.010000000000005,44.001111111111115,133.01777777777778,-1.0,3580.0277777777783
2024-03-05 19:05:46,3.9601854666670997,-1.0,29.372548600000087,2.0709664333333913,2.1763297666666404,4.962633200000255,4.245872300000049,19.525632,-1.0,51.683328,13.910016,86.13888,252.919808,246.861824,30.617777777777775,193.21000000000012,24.010000000000005,44.001111111111115,133.01777777777778,-1.0,4435.560000000001
2024-03-05 19:05:51,3.9601854666670997,-1.0,29.372548600000087,2.0709664333333913,2.1763297666666404,4.962633200000255,4.946786666666489,19.525632,-1.0,51.683328,13.910016,86.13888,252.919808,246.94784,30.617777777777775,193.21000000000012,146.41,44.001111111111115,133.01777777777778,-1.0,4435.560000000001
2024-03-05 19:05:56,3.960185466667099,-1.0,29.37254860000008,1.6092511666670362,2.1205473333338887,3.967086766666247,4.946786666666489,19.525632,-1.0,51.683328,13.041664,86.13888,253.001728,246.94784,23.68444444444444,193.21,146.41,64.53444444444445,133.01777777777778,-1.0,4435.5599999999995
2024-03-05 19:06:01,3.960185466667099,-1.0,29.37254860000008,1.6092511666670362,2.1205473333338887,3.967086766666247,4.946786666666489,19.525632,-1.0,51.683328,13.041664,86.13888,253.001728,246.94784,23.68444444444444,193.21,146.41,64.53444444444445,133.01777777777778,-1.0,4435.5599999999995
2024-03-05 19:06:06,3.960185466667099,-1.0,29.37254860000008,1.6092511666670362,2.1205473333338887,3.967086766666247,4.946786666666489,19.525632,-1.0,51.683328,13.041664,86.13888,253.001728,246.94784,23.68444444444444,193.21,146.41,64.53444444444445,133.01777777777778,-1.0,4435.5599999999995
2024-03-05 19:06:11,3.960185466667099,-1.0,29.37254860000008,1.6092511666670362,2.1205473333338887,3.967086766666247,4.946786666666489,19.525632,-1.0,51.683328,13.041664,86.13888,253.001728,246.94784,23.68444444444444,193.21,146.41,64.53444444444445,133.01777777777778,-1.0,4435.5599999999995
2024-03-05 19:06:16,5.6367569000030935,-1.0,53.955526133333386,1.6092511666670362,2.1205473333338887,3.967086766666247,4.946786666666489,19.505152,-1.0,51.56864,13.041664,86.13888,253.001728,246.94784,23.68444444444444,143.20111111111115,146.41,64.53444444444445,133.01777777777778,-1.0,1378.8844444444449
2024-03-05 19:06:21,5.6367569000030935,-1.0,53.955526133333386,1.6092511666670362,2.1205473333338887,3.967086766666247,4.9381097333338175,19.505152,-1.0,51.56864,13.041664,86.13888,253.001728,247.062528,23.68444444444444,143.20111111111115,308.5877777777778,64.53444444444445,133.01777777777778,-1.0,1378.8844444444449
2024-03-05 19:06:26,5.636756900003093,-1.0,53.955526133333365,1.6722041999997828,2.7332967666666264,4.827510800000331,4.9381097333338175,19.505152,-1.0,51.56864,13.508608,86.13888,253.116416,247.062528,30.987777777777776,143.20111111111112,308.5877777777778,104.03999999999999,81.60111111111111,-1.0,1378.8844444444444
2024-03-05 19:06:31,5.636756900003093,-1.0,53.955526133333365,1.6722041999997828,2.7332967666666264,4.827510800000331,4.9381097333338175,19.505152,-1.0,51.56864,13.508608,86.13888,253.116416,247.062528,30.987777777777776,143.20111111111112,308.5877777777778,104.03999999999999,81.60111111111111,-1.0,1378.8844444444444
2024-03-05 19:06:36,5.636756900003093,-1.0,53.955526133333365,1.6722041999997828,2.7332967666666264,4.827510800000331,4.9381097333338175,19.505152,-1.0,51.56864,13.508608,86.13888,253.116416,247.062528,30.987777777777776,143.20111111111112,308.5877777777778,104.03999999999999,81.60111111111111,-1.0,1378.8844444444444
2024-03-05 19:06:41,5.636756900003093,-1.0,53.955526133333365,1.6722041999997828,2.7332967666666264,4.827510800000331,4.9381097333338175,19.505152,-1.0,51.56864,13.508608,86.13888,253.116416,247.062528,30.987777777777776,143.20111111111112,308.5877777777778,104.03999999999999,81.60111111111111,-1.0,1378.8844444444444
2024-03-05 19:06:46,9.370282866666459,-1.0,238.9432731333332,1.6722041999997828,2.7332967666666264,4.827510800000331,4.9381097333338175,19.521536,-1.0,52.744192,13.508608,86.13888,253.116416,247.062528,30.987777777777776,88.36000000000004,308.5877777777778,104.03999999999999,81.60111111111111,-1.0,3150.951111111113
2024-03-05 19:06:51,9.370282866666459,-1.0,238.9432731333332,1.6722041999997828,2.7332967666666264,4.827510800000331,4.992883166666692,19.521536,-1.0,52.744192,13.508608,86.13888,253.116416,247.205888,30.987777777777776,88.36000000000004,31.73444444444445,104.03999999999999,81.60111111111111,-1.0,3150.951111111113
2024-03-05 19:06:56,9.370282866666457,-1.0,238.94327313333315,1.8060808000001316,2.1172619333327702,4.035586399999147,4.992883166666692,19.521536,-1.0,52.744192,13.811712,86.13888,253.198336,247.205888,45.78777777777778,88.36000000000001,31.73444444444445,70.56,137.6711111111111,-1.0,3150.951111111111
2024-03-05 19:07:01,9.370282866666457,-1.0,238.94327313333315,1.8060808000001316,2.1172619333327702,4.035586399999147,4.992883166666692,19.521536,-1.0,52.744192,13.811712,86.13888,253.198336,247.205888,45.78777777777778,88.36000000000001,31.73444444444445,70.56,137.6711111111111,-1.0,3150.951111111111
2024-03-05 19:07:06,9.370282866666457,-1.0,238.94327313333315,1.8060808000001316,2.1172619333327702,4.035586399999147,4.992883166666692,19.521536,-1.0,52.744192,13.811712,86.13888,253.198336,247.205888,45.78777777777778,88.36000000000001,31.73444444444445,70.56,137.6711111111111,-1.0,3150.951111111111
2024-03-05 19:07:11,9.370282866666457,-1.0,238.94327313333315,1.8060808000001316,2.1172619333327702,4.035586399999147,4.992883166666692,19.521536,-1.0,52.744192,13.811712,86.13888,253.198336,247.205888,45.78777777777778,88.36000000000001,31.73444444444445,70.56,137.6711111111111,-1.0,3150.951111111111
2024-03-05 19:07:16,5.03720076665862,-1.0,582.5746300666668,1.8060808000001316,2.1172619333327702,4.035586399999147,4.992883166666692,19.521536,-1.0,651.44832,13.811712,86.13888,253.198336,247.205888,45.78777777777778,168.13444444444454,31.73444444444445,70.56,137.6711111111111,-1.0,3367.8677777777793
2024-03-05 19:07:21,5.03720076665862,0.0,582.5746300666668,1.8060808000001316,2.1172619333327702,4.035586399999147,1.8648498666664182,19.521536,0.0,651.44832,13.811712,86.13888,253.198336,247.25504,45.78777777777778,168.13444444444454,147.21777777777777,70.56,137.6711111111111,0.0,3367.8677777777793
2024-03-05 19:07:26,5.037200766658619,0.0,582.5746300666667,1.4688531999998606,2.4105314333335555,6.528241900000845,1.8648498666664182,19.521536,0.626688,651.44832,14.061568,86.142976,253.874176,247.25504,33.254444444444445,168.13444444444445,147.21777777777777,94.73777777777777,129.96,0.0,3367.8677777777775
2024-03-05 19:07:31,5.037200766658619,0.0,582.5746300666667,1.4688531999998606,2.4105314333335555,6.528241900000845,1.8648498666664182,19.521536,0.626688,651.44832,14.061568,86.142976,253.874176,247.25504,33.254444444444445,168.13444444444445,147.21777777777777,94.73777777777777,129.96,0.0,3367.8677777777775
2024-03-05 19:07:36,5.037200766658619,0.0,582.5746300666667,1.4688531999998606,2.4105314333335555,6.528241900000845,1.8648498666664182,19.521536,0.626688,651.44832,14.061568,86.142976,253.874176,247.25504,33.254444444444445,168.13444444444445,147.21777777777777,94.73777777777777,129.96,0.0,3367.8677777777775
2024-03-05 19:07:41,5.037200766658619,0.0,582.5746300666667,1.4688531999998606,2.4105314333335555,6.528241900000845,1.8648498666664182,19.521536,0.626688,651.44832,14.061568,86.142976,253.874176,247.25504,33.254444444444445,168.13444444444445,147.21777777777777,94.73777777777777,129.96,0.0,3367.8677777777775
2024-03-05 19:07:46,5.629335733328845,0.0,326.69462983333335,1.4688531999998606,2.4105314333335555,6.528241900000845,1.8648498666664182,19.53792,0.626688,53.497856,14.061568,86.142976,253.874176,247.25504,33.254444444444445,248.58777777777792,147.21777777777777,94.73777777777777,129.96,0.0,3664.284444444446
2024-03-05 19:07:51,5.629335733328845,0.0,326.69462983333335,1.4688531999998606,2.4105314333335555,6.528241900000845,6.381757566666124,19.53792,0.626688,53.497856,14.061568,86.142976,253.874176,247.468032,33.254444444444445,248.58777777777792,170.73777777777778,94.73777777777777,129.96,0.0,3664.284444444446
2024-03-05 19:07:56,5.629335733328844,27.441701916393335,326.69462983333324,1.20041490000015,2.2638332333334197,2.6662203999990197,6.381757566666124,19.53792,62.5664,53.497856,13.66016,87.32672,256.045056,247.468032,52.321111111111115,248.5877777777778,170.73777777777778,78.02777777777779,60.32111111111111,0.0,3664.284444444444
2024-03-05 19:08:01,5.629335733328844,31.431289483060002,326.69462983333324,1.20041490000015,2.2638332333334197,2.6662203999990197,6.381757566666124,19.53792,62.5664,53.497856,13.66016,87.32672,256.045056,247.468032,52.321111111111115,248.5877777777778,170.73777777777778,78.02777777777779,60.32111111111111,0.0,3664.284444444444
2024-03-05 19:08:06,5.629335733328844,35.42087704972666,326.69462983333324,1.20041490000015,2.2638332333334197,2.6662203999990197,6.381757566666124,19.53792,62.5664,53.497856,13.66016,87.32672,256.045056,247.468032,52.321111111111115,248.5877777777778,170.73777777777778,78.02777777777779,60.32111111111111,0.0,3664.284444444444
2024-03-05 19:08:11,5.629335733328844,39.410464616393334,326.69462983333324,1.20041490000015,2.2638332333334197,2.6662203999990197,6.381757566666124,19.53792,62.5664,53.497856,13.66016,87.32672,256.045056,247.468032,52.321111111111115,248.5877777777778,170.73777777777778,78.02777777777779,60.32111111111111,0.0,3664.284444444444
2024-03-05 19:08:16,4.851810766679896,43.400052183060005,0.0,1.20041490000015,2.2638332333334197,2.6662203999990197,6.381757566666124,19.566592,62.5664,2.719744,13.66016,87.32672,256.045056,247.468032,52.321111111111115,120.26777777777782,170.73777777777778,78.02777777777779,60.32111111111111,0.0,835.2100000000005
2024-03-05 19:08:21,4.851810766679896,47.38963974972667,0.0,1.20041490000015,2.2638332333334197,2.6662203999990197,4.126323033333771,19.566592,62.5664,2.719744,13.66016,87.32672,256.045056,247.6032,52.321111111111115,120.26777777777782,162.13777777777776,78.02777777777779,60.32111111111111,0.0,835.2100000000005
2024-03-05 19:08:26,4.851810766679895,34.42262696666667,0.0,2.016774800000102,1.3440025000003668,5.341257166668356,4.126323033333771,19.566592,62.2592,2.719744,13.074432,87.048192,255.168512,247.6032,10.027777777777777,120.26777777777778,162.13777777777776,31.359999999999996,176.89000000000001,1032.5511111111111,835.2099999999999
2024-03-05 19:08:31,4.851810766679895,34.42262696666667,0.0,2.016774800000102,1.3440025000003668,5.341257166668356,4.126323033333771,19.566592,62.2592,2.719744,13.074432,87.048192,255.168512,247.6032,10.027777777777777,120.26777777777778,162.13777777777776,31.359999999999996,176.89000000000001,1032.5511111111111,835.2099999999999
2024-03-05 19:08:36,4.851810766679895,34.42262696666667,0.0,2.016774800000102,1.3440025000003668,5.341257166668356,4.126323033333771,19.566592,62.2592,2.719744,13.074432,87.048192,255.168512,247.6032,10.027777777777777,120.26777777777778,162.13777777777776,31.359999999999996,176.89000000000001,1032.5511111111111,835.2099999999999
2024-03-05 19:08:41,4.851810766679895,34.42262696666667,0.0,2.016774800000102,1.3440025000003668,5.341257166668356,4.126323033333771,19.566592,62.2592,2.719744,13.074432,87.048192,255.168512,247.6032,10.027777777777777,120.26777777777778,162.13777777777776,31.359999999999996,176.89000000000001,1032.5511111111111,835.2099999999999
2024-03-05 19:08:46,6.314280466661635,34.42262696666667,16.31993521495333,2.016774800000102,1.3440025000003668,5.341257166668356,4.126323033333771,19.566592,62.2592,51.28192,13.074432,87.048192,255.168512,247.6032,10.027777777777777,149.65444444444452,162.13777777777776,31.359999999999996,176.89000000000001,1032.5511111111111,1267.3600000000006
2024-03-05 19:08:51,6.314280466661635,34.42262696666667,18.92816326495333,2.016774800000102,1.3440025000003668,5.341257166668356,3.813355366666353,19.566592,62.2592,51.28192,13.074432,87.048192,255.168512,247.648256,10.027777777777777,149.65444444444452,128.44444444444446,31.359999999999996,176.89000000000001,1032.5511111111111,1267.3600000000006
2024-03-05 19:08:56,6.314280466661633,18.9552432,21.53639131495333,1.922367566666594,2.3877522666661357,5.56210996666664,3.813355366666353,19.566592,62.140416,51.28192,12.644352,86.908928,255.26272,247.648256,61.88444444444444,149.65444444444444,128.44444444444446,107.46777777777778,196.0,870.25,1267.3600000000001
2024-03-05 19:09:01,6.314280466661633,18.9552432,24.144619364953336,1.922367566666594,2.3877522666661357,5.56210996666664,3.813355366666353,19.566592,62.140416,51.28192,12.644352,86.908928,255.26272,247.648256,61.88444444444444,149.65444444444444,128.44444444444446,107.46777777777778,196.0,870.25,1267.3600000000001
2024-03-05 19:09:06,6.314280466661633,18.9552432,26.752847414953333,1.922367566666594,2.3877522666661357,5.56210996666664,3.813355366666353,19.566592,62.140416,51.28192,12.644352,86.908928,255.26272,247.648256,61.88444444444444,149.65444444444444,128.44444444444446,107.46777777777778,196.0,870.25,1267.3600000000001
2024-03-05 19:09:11,6.314280466661633,18.9552432,29.361075464953334,1.922367566666594,2.3877522666661357,5.56210996666664,3.813355366666353,19.566592,62.140416,51.28192,12.644352,86.908928,255.26272,247.648256,61.88444444444444,149.65444444444444,128.44444444444446,107.46777777777778,196.0,870.25,1267.3600000000001
2024-03-05 19:09:16,5.146174500002115,18.9552432,27.53857640000001,1.922367566666594,2.3877522666661357,5.56210996666664,3.813355366666353,19.566592,62.140416,51.081216,12.644352,86.908928,255.26272,247.648256,61.88444444444444,209.28444444444455,128.44444444444446,107.46777777777778,196.0,870.25,1075.8400000000004
2024-03-05 19:09:21,5.146174500002115,18.9552432,27.53857640000001,1.922367566666594,2.3877522666661357,5.56210996666664,4.351568800000412,19.566592,62.140416,51.081216,12.644352,86.908928,255.26272,247.74656,61.88444444444444,209.28444444444455,206.40111111111113,107.46777777777778,196.0,870.25,1075.8400000000004
2024-03-05 19:09:26,5.146174500002114,33.789732399999984,27.538576400000004,2.206917299999607,2.0279284666666326,5.274271199999703,4.351568800000412,19.566592,62.144512,51.081216,13.225984,86.908928,255.889408,247.74656,47.151111111111106,209.28444444444446,206.40111111111113,61.88444444444444,99.33444444444444,1128.96,1075.84
2024-03-05 19:09:31,5.146174500002114,33.789732399999984,27.538576400000004,2.206917299999607,2.0279284666666326,5.274271199999703,4.351568800000412,19.566592,62.144512,51.081216,13.225984,86.908928,255.889408,247.74656,47.151111111111106,209.28444444444446,206.40111111111113,61.88444444444444,99.33444444444444,1128.96,1075.84
2024-03-05 19:09:36,5.146174500002114,33.789732399999984,27.538576400000004,2.206917299999607,2.0279284666666326,5.274271199999703,4.351568800000412,19.566592,62.144512,51.081216,13.225984,86.908928,255.889408,247.74656,47.151111111111106,209.28444444444446,206.40111111111113,61.88444444444444,99.33444444444444,1128.96,1075.84
2024-03-05 19:09:41,5.146174500002114,33.789732399999984,27.538576400000004,2.206917299999607,2.0279284666666326,5.274271199999703,4.351568800000412,19.566592,62.144512,51.081216,13.225984,86.908928,255.889408,247.74656,47.151111111111106,209.28444444444446,206.40111111111113,61.88444444444444,99.33444444444444,1128.96,1075.84
2024-03-05 19:09:46,5.757146199994168,33.789732399999984,27.550026233333337,2.206917299999607,2.0279284666666326,5.274271199999703,4.351568800000412,19.566592,62.144512,51.154944,13.225984,86.908928,255.889408,247.74656,47.151111111111106,152.9344444444445,206.40111111111113,61.88444444444444,99.33444444444444,1128.96,1104.454444444445
2024-03-05 19:09:51,5.757146199994168,33.789732399999984,27.550026233333337,2.206917299999607,2.0279284666666326,5.274271199999703,5.001111499999904,19.566592,62.144512,51.154944,13.225984,86.908928,255.889408,247.865344,47.151111111111106,152.9344444444445,136.1111111111111,61.88444444444444,99.33444444444444,1128.96,1104.454444444445
2024-03-05 19:09:56,5.7571461999941675,34.39830026666666,27.550026233333327,0.994129200000297,2.2557406666663837,4.017366666666551,5.001111499999904,19.566592,61.288448,51.154944,13.12768,86.765568,255.684608,247.865344,14.694444444444446,152.93444444444447,136.1111111111111,55.254444444444445,78.61777777777779,1780.8400000000001,1104.4544444444446
2024-03-05 19:10:01,5.7571461999941675,34.39830026666666,27.550026233333327,0.994129200000297,2.2557406666663837,4.017366666666551,5.001111499999904,19.566592,61.288448,51.154944,13.12768,86.765568,255.684608,247.865344,14.694444444444446,152.93444444444447,136.1111111111111,55.254444444444445,78.61777777777779,1780.8400000000001,1104.4544444444446
2024-03-05 19:10:06,5.7571461999941675,34.39830026666666,27.550026233333327,0.994129200000297,2.2557406666663837,4.017366666666551,5.001111499999904,19.566592,61.288448,51.154944,13.12768,86.765568,255.684608,247.865344,14.694444444444446,152.93444444444447,136.1111111111111,55.254444444444445,78.61777777777779,1780.8400000000001,1104.4544444444446
2024-03-05 19:10:11,5.7571461999941675,34.39830026666666,27.550026233333327,0.994129200000297,2.2557406666663837,4.017366666666551,5.001111499999904,19.566592,61.288448,51.154944,13.12768,86.765568,255.684608,247.865344,14.694444444444446,152.93444444444447,136.1111111111111,55.254444444444445,78.61777777777779,1780.8400000000001,1104.4544444444446
2024-03-05 19:10:16,7.542845266668036,34.39830026666666,17.854647900000003,0.994129200000297,2.2557406666663837,4.017366666666551,5.001111499999904,19.582976,61.288448,51.286016,13.12768,86.765568,255.684608,247.865344,14.694444444444446,98.01000000000005,136.1111111111111,55.254444444444445,78.61777777777779,1780.8400000000001,348.4444444444446
2024-03-05 19:10:21,7.542845266668036,34.39830026666666,17.854647900000003,0.994129200000297,2.2557406666663837,4.017366666666551,4.390977866666883,19.582976,61.288448,51.286016,13.12768,86.765568,255.684608,248.029184,14.694444444444446,98.01000000000005,114.48999999999998,55.254444444444445,78.61777777777779,1780.8400000000001,348.4444444444446
2024-03-05 19:10:26,7.542845266668033,35.69815853333334,17.8546479,2.62527059999987,2.509548233334158,5.338892233332142,4.390977866666883,19.582976,61.243392,51.286016,13.070336,86.71232,255.709184,248.029184,54.26777777777777,98.01,114.48999999999998,97.35111111111112,156.25,214.13444444444443,348.4444444444445
2024-03-05 19:10:31,7.542845266668033,35.69815853333334,17.8546479,2.62527059999987,2.509548233334158,5.338892233332142,4.390977866666883,19.582976,61.243392,51.286016,13.070336,86.71232,255.709184,248.029184,54.26777777777777,98.01,114.48999999999998,97.35111111111112,156.25,214.13444444444443,348.4444444444445
2024-03-05 19:10:36,7.542845266668033,35.69815853333334,17.8546479,2.62527059999987,2.509548233334158,5.338892233332142,4.390977866666883,19.582976,61.243392,51.286016,13.070336,86.71232,255.709184,248.029184,54.26777777777777,98.01,114.48999999999998,97.35111111111112,156.25,214.13444444444443,348.4444444444445
2024-03-05 19:10:41,7.542845266668033,35.69815853333334,17.8546479,2.62527059999987,2.509548233334158,5.338892233332142,4.390977866666883,19.582976,61.243392,51.286016,13.070336,86.71232,255.709184,248.029184,54.26777777777777,98.01,114.48999999999998,97.35111111111112,156.25,214.13444444444443,348.4444444444445
2024-03-05 19:10:46,6.470718999995978,35.69815853333334,-1.0,2.62527059999987,2.509548233334158,5.338892233332142,4.390977866666883,19.566592,61.243392,-1.0,13.070336,86.71232,255.709184,248.029184,54.26777777777777,118.0844444444445,114.48999999999998,97.35111111111112,156.25,214.13444444444443,-1.0
2024-03-05 19:10:51,6.470718999995978,35.69815853333334,-1.0,2.62527059999987,2.509548233334158,5.338892233332142,4.194242933332741,19.566592,61.243392,-1.0,13.070336,86.71232,255.709184,248.131584,54.26777777777777,118.0844444444445,176.89000000000001,97.35111111111112,156.25,214.13444444444443,-1.0
2024-03-05 19:10:56,6.470718999995976,49.33981473333334,-1.0,1.5525701333335935,1.7950607999997223,5.175924433334937,4.194242933332741,19.566592,60.80512,-1.0,13.320192,86.278144,255.639552,248.131584,34.02777777777777,118.08444444444446,176.89000000000001,107.46777777777778,136.1111111111111,3548.187777777778,-1.0
2024-03-05 19:11:01,6.470718999995976,49.33981473333334,-1.0,1.5525701333335935,1.7950607999997223,5.175924433334937,4.194242933332741,19.566592,60.80512,-1.0,13.320192,86.278144,255.639552,248.131584,34.02777777777777,118.08444444444446,176.89000000000001,107.46777777777778,136.1111111111111,3548.187777777778,-1.0
2024-03-05 19:11:06,6.470718999995976,49.33981473333334,-1.0,1.5525701333335935,1.7950607999997223,5.175924433334937,4.194242933332741,19.566592,60.80512,-1.0,13.320192,86.278144,255.639552,248.131584,34.02777777777777,118.08444444444446,176.89000000000001,107.46777777777778,136.1111111111111,3548.187777777778,-1.0
2024-03-05 19:11:11,6.470718999995976,49.33981473333334,-1.0,1.5525701333335935,1.7950607999997223,5.175924433334937,4.194242933332741,19.566592,60.80512,-1.0,13.320192,86.278144,255.639552,248.131584,34.02777777777777,118.08444444444446,176.89000000000001,107.46777777777778,136.1111111111111,3548.187777777778,-1.0
2024-03-05 19:11:16,4.962139400004163,49.33981473333334,-1.0,1.5525701333335935,1.7950607999997223,5.175924433334937,4.194242933332741,19.566592,60.80512,-1.0,13.320192,86.278144,255.639552,248.131584,34.02777777777777,147.2177777777778,176.89000000000001,107.46777777777778,136.1111111111111,3548.187777777778,-1.0
2024-03-05 19:11:21,4.962139400004163,49.33981473333334,-1.0,1.5525701333335935,1.7950607999997223,5.175924433334937,2.2161545666667353,19.566592,60.80512,-1.0,13.320192,86.278144,255.639552,248.19712,34.02777777777777,147.2177777777778,148.83999999999997,107.46777777777778,136.1111111111111,3548.187777777778,-1.0
2024-03-05 19:11:26,4.962139400004162,53.38220996666667,-1.0,1.7054054666663396,2.1394316999997423,5.403782666665317,2.2161545666667353,19.566592,60.448768,-1.0,12.67712,86.151168,255.766528,248.19712,29.521111111111114,147.21777777777777,148.83999999999997,41.38777777777778,110.25,3532.321111111111,-1.0
2024-03-05 19:11:31,4.962139400004162,53.38220996666667,-1.0,1.7054054666663396,2.1394316999997423,5.403782666665317,2.2161545666667353,19.566592,60.448768,-1.0,12.67712,86.151168,255.766528,248.19712,29.521111111111114,147.21777777777777,148.83999999999997,41.38777777777778,110.25,3532.321111111111,-1.0
2024-03-05 19:11:36,4.962139400004162,53.38220996666667,-1.0,1.7054054666663396,2.1394316999997423,5.403782666665317,2.2161545666667353,19.566592,60.448768,-1.0,12.67712,86.151168,255.766528,248.19712,29.521111111111114,147.21777777777777,148.83999999999997,41.38777777777778,110.25,3532.321111111111,-1.0
2024-03-05 19:11:41,4.962139400004162,53.38220996666667,-1.0,1.7054054666663396,2.1394316999997423,5.403782666665317,2.2161545666667353,19.566592,60.448768,-1.0,12.67712,86.151168,255.766528,248.19712,29.521111111111114,147.21777777777777,148.83999999999997,41.38777777777778,110.25,3532.321111111111,-1.0
2024-03-05 19:11:46,6.347838366673389,53.38220996666667,-1.0,1.7054054666663396,2.1394316999997423,5.403782666665317,2.2161545666667353,19.566592,60.448768,-1.0,12.67712,86.151168,255.766528,248.19712,29.521111111111114,191.36111111111123,148.83999999999997,41.38777777777778,110.25,3532.321111111111,-1.0
2024-03-05 19:11:51,6.347838366673389,53.38220996666667,-1.0,1.7054054666663396,2.1394316999997423,5.403782666665317,4.603493066666905,19.566592,60.448768,-1.0,12.67712,86.151168,255.766528,248.373248,29.521111111111114,191.36111111111123,113.06777777777776,41.38777777777778,110.25,3532.321111111111,-1.0
2024-03-05 19:11:56,6.347838366673386,61.08434143252342,-1.0,1.7426988967772472,2.287992967369991,4.024406626004882,4.603493066666905,19.566592,60.256256,-1.0,13.062144,86.032384,255.885312,248.373248,10.237952307159045,191.36111111111111,113.06777777777776,60.82783382495668,101.31751326195025,5063.681657476133,-1.0
2024-03-05 19:12:01,6.347838366673386,61.08434143252342,-1.0,1.7426988967772472,2.287992967369991,4.024406626004882,4.603493066666905,19.566592,60.256256,-1.0,13.062144,86.032384,255.885312,248.373248,10.237952307159045,191.36111111111111,113.06777777777776,60.82783382495668,101.31751326195025,5063.681657476133,-1.0
2024-03-05 19:12:06,6.347838366673386,61.08434143252342,-1.0,1.7426988967772472,2.287992967369991,4.024406626004882,4.603493066666905,19.566592,60.256256,-1.0,13.062144,86.032384,255.885312,248.373248,10.237952307159045,191.36111111111111,113.06777777777776,60.82783382495668,101.31751326195025,5063.681657476133,-1.0
2024-03-05 19:12:11,6.347838366673386,61.08434143252342,-1.0,1.7426988967772472,2.287992967369991,4.024406626004882,4.603493066666905,19.566592,60.256256,-1.0,13.062144,86.032384,255.885312,248.373248,10.237952307159045,191.36111111111111,113.06777777777776,60.82783382495668,101.31751326195025,5063.681657476133,-1.0
2024-03-05 19:12:16,6.101051933334627,61.08434143252342,-1.0,1.7426988967772472,2.287992967369991,4.024406626004882,4.603493066666905,19.566592,60.256256,-1.0,13.062144,86.032384,255.885312,248.373248,10.237952307159045,125.44000000000003,113.06777777777776,60.82783382495668,101.31751326195025,5063.681657476133,-1.0
2024-03-05 19:12:21,6.101051933334627,61.08434143252342,-1.0,1.7426988967772472,2.287992967369991,4.024406626004882,4.62030039999964,19.566592,60.256256,-1.0,13.062144,86.032384,255.885312,248.46336,10.237952307159045,125.44000000000003,115.20444444444442,60.82783382495668,101.31751326195025,5063.681657476133,-1.0
2024-03-05 19:12:26,6.1010519333346265,62.33658592525918,-1.0,1.6749541954192466,2.0258117811782697,4.651771543820482,4.62030039999964,19.566592,60.215296,-1.0,13.389824,85.905408,255.680512,248.46336,29.527016219084764,125.43999999999998,115.20444444444442,82.22088779979549,130.74725925548958,2417.844655863837,-1.0
2024-03-05 19:12:31,6.1010519333346265,62.33658592525918,-1.0,1.6749541954192466,2.0258117811782697,4.651771543820482,4.62030039999964,19.566592,60.215296,-1.0,13.389824,85.905408,255.680512,248.46336,29.527016219084764,125.43999999999998,115.20444444444442,82.22088779979549,130.74725925548958,2417.844655863837,-1.0
2024-03-05 19:12:36,6.1010519333346265,62.33658592525918,-1.0,1.6749541954192466,2.0258117811782697,4.651771543820482,4.62030039999964,19.566592,60.215296,-1.0,13.389824,85.905408,255.680512,248.46336,29.527016219084764,125.43999999999998,115.20444444444442,82.22088779979549,130.74725925548958,2417.844655863837,-1.0
2024-03-05 19:12:41,6.1010519333346265,62.33658592525918,-1.0,1.6749541954192466,2.0258117811782697,4.651771543820482,4.62030039999964,19.566592,60.215296,-1.0,13.389824,85.905408,255.680512,248.46336,29.527016219084764,125.43999999999998,115.20444444444442,82.22088779979549,130.74725925548958,2417.844655863837,-1.0
2024-03-05 19:12:46,3.944405666652529,62.33658592525918,-1.0,1.6749541954192466,2.0258117811782697,4.651771543820482,4.62030039999964,19.566592,60.215296,-1.0,13.389824,85.905408,255.680512,248.46336,29.527016219084764,75.69000000000001,115.20444444444442,82.22088779979549,130.74725925548958,2417.844655863837,-1.0
2024-03-05 19:12:51,3.944405666652529,62.33658592525918,-1.0,1.6749541954192466,2.0258117811782697,4.651771543820482,3.072880266666781,19.566592,60.215296,-1.0,13.389824,85.905408,255.680512,248.508416,29.527016219084764,75.69000000000001,126.18777777777775,82.22088779979549,130.74725925548958,2417.844655863837,-1.0
2024-03-05 19:12:56,3.944405666652528,49.83806636666663,-1.0,1.937023333333343,2.507572899999862,4.999146766666248,3.072880266666781,19.566592,59.887616,-1.0,12.914688,85.794816,255.537152,248.508416,40.53444444444444,75.68999999999998,126.18777777777775,80.4011111111111,85.25444444444443,1766.801111111111,-1.0
2024-03-05 19:13:01,3.944405666652528,49.83806636666663,-1.0,1.937023333333343,2.507572899999862,4.999146766666248,3.072880266666781,19.566592,59.887616,-1.0,12.914688,85.794816,255.537152,248.508416,40.53444444444444,75.68999999999998,126.18777777777775,80.4011111111111,85.25444444444443,1766.801111111111,-1.0
2024-03-05 19:13:06,3.944405666652528,49.83806636666663,-1.0,1.937023333333343,2.507572899999862,4.999146766666248,3.072880266666781,19.566592,59.887616,-1.0,12.914688,85.794816,255.537152,248.508416,40.53444444444444,75.68999999999998,126.18777777777775,80.4011111111111,85.25444444444443,1766.801111111111,-1.0
2024-03-05 19:13:11,3.944405666652528,49.83806636666663,-1.0,1.937023333333343,2.507572899999862,4.999146766666248,3.072880266666781,19.566592,59.887616,-1.0,12.914688,85.794816,255.537152,248.508416,40.53444444444444,75.68999999999998,126.18777777777775,80.4011111111111,85.25444444444443,1766.801111111111,-1.0
2024-03-05 19:13:16,5.811735500007369,49.83806636666663,-1.0,1.937023333333343,2.507572899999862,4.999146766666248,3.072880266666781,19.566592,59.887616,-1.0,12.914688,85.794816,255.537152,248.508416,40.53444444444444,459.38777777777796,126.18777777777775,80.4011111111111,85.25444444444443,1766.801111111111,-1.0
2024-03-05 19:13:21,5.811735500007369,49.83806636666663,-1.0,1.937023333333343,2.507572899999862,4.999146766666248,4.7249187333335385,19.566592,59.887616,-1.0,12.914688,85.794816,255.537152,248.676352,40.53444444444444,459.38777777777796,87.11111111111113,80.4011111111111,85.25444444444443,1766.801111111111,-1.0
2024-03-05 19:13:26,5.8117355000073685,74.37492123333331,-1.0,1.688981600000261,2.306795633333536,4.444512000001548,4.7249187333335385,19.566592,59.723776,-1.0,13.377536,85.594112,256.016384,248.676352,50.41,459.3877777777778,87.11111111111113,56.75111111111111,83.41777777777777,4529.29,-1.0
2024-03-05 19:13:31,5.8117355000073685,74.37492123333331,-1.0,1.688981600000261,2.306795633333536,4.444512000001548,4.7249187333335385,19.566592,59.723776,-1.0,13.377536,85.594112,256.016384,248.676352,50.41,459.3877777777778,87.11111111111113,56.75111111111111,83.41777777777777,4529.29,-1.0
2024-03-05 19:13:36,5.8117355000073685,74.37492123333331,-1.0,1.688981600000261,2.306795633333536,4.444512000001548,4.7249187333335385,19.566592,59.723776,-1.0,13.377536,85.594112,256.016384,248.676352,50.41,459.3877777777778,87.11111111111113,56.75111111111111,83.41777777777777,4529.29,-1.0
2024-03-05 19:13:41,5.8117355000073685,74.37492123333331,-1.0,1.688981600000261,2.306795633333536,4.444512000001548,4.7249187333335385,19.566592,59.723776,-1.0,13.377536,85.594112,256.016384,248.676352,50.41,459.3877777777778,87.11111111111113,56.75111111111111,83.41777777777777,4529.29,-1.0
2024-03-05 19:13:46,7.415758999998921,74.37492123333331,-1.0,1.688981600000261,2.306795633333536,4.444512000001548,4.7249187333335385,19.566592,59.723776,-1.0,13.377536,85.594112,256.016384,248.676352,50.41,124.69444444444447,87.11111111111113,56.75111111111111,83.41777777777777,4529.29,-1.0
2024-03-05 19:13:51,7.415758999998921,74.37492123333331,-1.0,1.688981600000261,2.306795633333536,4.444512000001548,5.505441400000184,19.566592,59.723776,-1.0,13.377536,85.594112,256.016384,248.840192,50.41,124.69444444444447,130.72111111111113,56.75111111111111,83.41777777777777,4529.29,-1.0
2024-03-05 19:13:56,7.4157589999989195,40.45195560000003,-1.0,1.0574070666663715,1.2726840999998028,4.75284883333226,5.505441400000184,19.566592,59.224064,-1.0,13.221888,85.6064,255.332352,248.840192,35.20444444444445,124.69444444444443,130.72111111111113,73.38777777777777,137.6711111111111,3010.351111111111,-1.0
2024-03-05 19:14:01,7.4157589999989195,40.45195560000003,-1.0,1.0574070666663715,1.2726840999998028,4.75284883333226,5.505441400000184,19.566592,59.224064,-1.0,13.221888,85.6064,255.332352,248.840192,35.20444444444445,124.69444444444443,130.72111111111113,73.38777777777777,137.6711111111111,3010.351111111111,-1.0
2024-03-05 19:14:06,7.4157589999989195,40.45195560000003,-1.0,1.0574070666663715,1.2726840999998028,4.75284883333226,5.505441400000184,19.566592,59.224064,-1.0,13.221888,85.6064,255.332352,248.840192,35.20444444444445,124.69444444444443,130.72111111111113,73.38777777777777,137.6711111111111,3010.351111111111,-1.0
2024-03-05 19:14:11,7.4157589999989195,40.45195560000003,-1.0,1.0574070666663715,1.2726840999998028,4.75284883333226,5.505441400000184,19.566592,59.224064,-1.0,13.221888,85.6064,255.332352,248.840192,35.20444444444445,124.69444444444443,130.72111111111113,73.38777777777777,137.6711111111111,3010.351111111111,-1.0
2024-03-05 19:14:16,4.923523766668344,40.45195560000003,-1.0,1.0574070666663715,1.2726840999998028,4.75284883333226,5.505441400000184,19.566592,59.224064,-1.0,13.221888,85.6064,255.332352,248.840192,35.20444444444445,219.04000000000013,130.72111111111113,73.38777777777777,137.6711111111111,3010.351111111111,-1.0
2024-03-05 19:14:21,4.923523766668344,40.45195560000003,-1.0,1.0574070666663715,1.2726840999998028,4.75284883333226,4.701182300000066,19.566592,59.224064,-1.0,13.221888,85.6064,255.332352,248.95488,35.20444444444445,219.04000000000013,104.7211111111111,73.38777777777777,137.6711111111111,3010.351111111111,-1.0
2024-03-05 19:14:26,4.923523766668343,54.740549533333414,-1.0,1.999455600000033,2.5452956666669024,5.287837499999644,4.701182300000066,19.566592,59.060224,-1.0,12.627968,85.450752,255.410176,248.95488,34.02777777777777,219.04000000000002,104.7211111111111,68.89000000000001,106.77777777777779,5781.067777777777,-1.0
2024-03-05 19:14:31,4.923523766668343,54.740549533333414,-1.0,1.999455600000033,2.5452956666669024,5.287837499999644,4.701182300000066,19.566592,59.060224,-1.0,12.627968,85.450752,255.410176,248.95488,34.02777777777777,219.04000000000002,104.7211111111111,68.89000000000001,106.77777777777779,5781.067777777777,-1.0
2024-03-05 19:14:36,4.923523766668343,54.740549533333414,-1.0,1.999455600000033,2.5452956666669024,5.287837499999644,4.701182300000066,19.566592,59.060224,-1.0,12.627968,85.450752,255.410176,248.95488,34.02777777777777,219.04000000000002,104.7211111111111,68.89000000000001,106.77777777777779,5781.067777777777,-1.0
2024-03-05 19:14:41,4.923523766668343,54.740549533333414,-1.0,1.999455600000033,2.5452956666669024,5.287837499999644,4.701182300000066,19.566592,59.060224,-1.0,12.627968,85.450752,255.410176,248.95488,34.02777777777777,219.04000000000002,104.7211111111111,68.89000000000001,106.77777777777779,5781.067777777777,-1.0
2024-03-05 19:14:46,5.911431666663703,54.740549533333414,-1.0,1.999455600000033,2.5452956666669024,5.287837499999644,4.701182300000066,19.566592,59.060224,-1.0,12.627968,85.450752,255.410176,248.95488,34.02777777777777,185.86777777777786,104.7211111111111,68.89000000000001,106.77777777777779,5781.067777777777,-1.0
2024-03-05 19:14:51,5.911431666663703,54.740549533333414,-1.0,1.999455600000033,2.5452956666669024,5.287837499999644,3.8773729666663335,19.566592,59.060224,-1.0,12.627968,85.450752,255.410176,249.061376,34.02777777777777,185.86777777777786,333.6711111111111,68.89000000000001,106.77777777777779,5781.067777777777,-1.0
2024-03-05 19:14:56,5.911431666663702,62.27571029999991,-1.0,2.0878075333333377,2.090613999999391,4.750758333333731,3.8773729666663335,19.566592,58.843136,-1.0,13.307904,85.434368,255.471616,249.061376,31.73444444444445,185.86777777777777,333.6711111111111,136.1111111111111,196.93444444444444,2766.76,-1.0
2024-03-05 19:15:01,5.911431666663702,62.27571029999991,-1.0,2.0878075333333377,2.090613999999391,4.750758333333731,3.8773729666663335,19.566592,58.843136,-1.0,13.307904,85.434368,255.471616,249.061376,31.73444444444445,185.86777777777777,333.6711111111111,136.1111111111111,196.93444444444444,2766.76,-1.0
