timestamp,details-v1-b788479c5-dqdld_cpu,details-v1-b788479c5-bbg6t_cpu,productpage-v1-7fb564989f-hm9g2_cpu,ratings-v1-5b6b66f9b5-n4ddg_cpu,reviews-v1-7b76c4f45d-x9mxc_cpu,reviews-v3-5fd56449d8-tv4wp_cpu,reviews-v2-6ccf99c555-fqvhb_cpu,details-v1-b788479c5-dqdld_memory,details-v1-b788479c5-bbg6t_memory,productpage-v1-7fb564989f-hm9g2_memory,ratings-v1-5b6b66f9b5-n4ddg_memory,reviews-v1-7b76c4f45d-x9mxc_memory,reviews-v3-5fd56449d8-tv4wp_memory,reviews-v2-6ccf99c555-fqvhb_memory,productpage-v1-7fb564989f-hm9g2_network,details-v1-b788479c5-dqdld_network,reviews-v2-6ccf99c555-fqvhb_network,details-v1-b788479c5-bbg6t_network,reviews-v1-7b76c4f45d-x9mxc_network,ratings-v1-5b6b66f9b5-n4ddg_network,reviews-v3-5fd56449d8-tv4wp_network
2024-03-05 13:49:00,-1.0,5.697037799988417,44.40003403333321,1.2938515333334046,2.2306069000000166,6.295798599999595,3.6385396000004753,-1.0,17.272832,53.379072,13.553664,87.04,196.534272,183.308288,5500.694444444445,-1.0,260.28444444444443,163.84000000000003,79.21000000000001,22.404444444444444,157.08444444444444
2024-03-05 13:49:05,-1.0,6.697988966667859,44.33713163333171,1.2938515333334046,2.2306069000000166,6.295798599999595,3.6385396000004753,-1.0,17.276928,53.264384,13.553664,87.04,196.534272,183.308288,3552.1599999999994,-1.0,260.28444444444443,58.26777777777776,79.21000000000001,22.404444444444444,157.08444444444444
2024-03-05 13:49:10,-1.0,6.69798896666786,44.337131633331715,1.2938515333334046,2.2306069000000166,6.295798599999595,4.742638833333027,-1.0,17.276928,53.264384,13.553664,87.04,196.534272,183.558144,3552.1600000000003,-1.0,44.89,58.26777777777778,79.21000000000001,22.404444444444444,157.08444444444444
2024-03-05 13:49:15,-1.0,6.69798896666786,44.337131633331715,1.2938515333334046,2.2306069000000166,6.295798599999595,4.742638833333027,-1.0,17.276928,53.264384,13.553664,87.04,196.534272,183.558144,3552.1600000000003,-1.0,44.89,58.26777777777778,79.21000000000001,22.404444444444444,157.08444444444444
2024-03-05 13:49:20,-1.0,6.69798896666786,44.337131633331715,1.2938515333334046,2.2306069000000166,6.295798599999595,4.742638833333027,-1.0,17.276928,53.264384,13.553664,87.04,196.534272,183.558144,3552.1600000000003,-1.0,44.89,58.26777777777778,79.21000000000001,22.404444444444444,157.08444444444444
2024-03-05 13:49:25,-1.0,6.69798896666786,44.337131633331715,1.2938515333334046,2.2306069000000166,6.295798599999595,4.742638833333027,-1.0,17.276928,53.264384,13.553664,87.04,196.534272,183.558144,3552.1600000000003,-1.0,44.89,58.26777777777778,79.21000000000001,22.404444444444444,157.08444444444444
2024-03-05 13:49:30,-1.0,6.69798896666786,44.337131633331715,1.4182015333332743,2.3075204666668014,4.405543666666745,4.742638833333027,-1.0,17.276928,53.264384,13.692928,87.04,196.624384,183.558144,3552.1600000000003,-1.0,44.89,58.26777777777778,11.559999999999999,105.40444444444447,96.69444444444446
2024-03-05 13:49:35,-1.0,5.274298433338723,53.30746703333867,1.4182015333332743,2.3075204666668014,4.405543666666745,4.742638833333027,-1.0,17.276928,53.264384,13.692928,87.04,196.624384,183.558144,4032.249999999999,-1.0,44.89,263.52111111111105,11.559999999999999,105.40444444444447,96.69444444444446
2024-03-05 13:49:40,-1.0,5.274298433338724,53.307467033338675,1.4182015333332743,2.3075204666668014,4.405543666666745,2.2139176666665135,-1.0,17.276928,53.264384,13.692928,87.04,196.624384,183.599104,4032.25,-1.0,158.76,263.52111111111117,11.559999999999999,105.40444444444447,96.69444444444446
2024-03-05 13:49:45,-1.0,5.274298433338724,53.307467033338675,1.4182015333332743,2.3075204666668014,4.405543666666745,2.2139176666665135,-1.0,17.276928,53.264384,13.692928,87.04,196.624384,183.599104,4032.25,-1.0,158.76,263.52111111111117,11.559999999999999,105.40444444444447,96.69444444444446
2024-03-05 13:49:50,-1.0,5.274298433338724,53.307467033338675,1.4182015333332743,2.3075204666668014,4.405543666666745,2.2139176666665135,-1.0,17.276928,53.264384,13.692928,87.04,196.624384,183.599104,4032.25,-1.0,158.76,263.52111111111117,11.559999999999999,105.40444444444447,96.69444444444446
2024-03-05 13:49:55,-1.0,5.274298433338724,53.307467033338675,1.4182015333332743,2.3075204666668014,4.405543666666745,2.2139176666665135,-1.0,17.276928,53.264384,13.692928,87.04,196.624384,183.599104,4032.25,-1.0,158.76,263.52111111111117,11.559999999999999,105.40444444444447,96.69444444444446
2024-03-05 13:50:00,-1.0,5.274298433338724,53.307467033338675,1.6581301333332021,2.022585699999979,3.0363731666672797,2.2139176666665135,-1.0,17.276928,53.264384,13.094912,86.884352,196.747264,183.599104,4032.25,-1.0,158.76,263.52111111111117,65.07111111111111,19.067777777777774,71.12111111111112
2024-03-05 13:50:05,-1.0,4.193957766665334,37.66422536666595,1.6581301333332021,2.022585699999979,3.0363731666672797,2.2139176666665135,-1.0,17.281024,53.264384,13.094912,86.884352,196.747264,183.599104,2149.867777777777,-1.0,158.76,108.15999999999997,65.07111111111111,19.067777777777774,71.12111111111112
2024-03-05 13:50:10,-1.0,4.193957766665335,37.66422536666596,1.6581301333332021,2.022585699999979,3.0363731666672797,4.230179900000053,-1.0,17.281024,53.264384,13.094912,86.884352,196.747264,183.750656,2149.867777777778,-1.0,75.1111111111111,108.16000000000001,65.07111111111111,19.067777777777774,71.12111111111112
2024-03-05 13:50:15,-1.0,4.193957766665335,37.66422536666596,1.6581301333332021,2.022585699999979,3.0363731666672797,4.230179900000053,-1.0,17.281024,53.264384,13.094912,86.884352,196.747264,183.750656,2149.867777777778,-1.0,75.1111111111111,108.16000000000001,65.07111111111111,19.067777777777774,71.12111111111112
2024-03-05 13:50:20,-1.0,4.193957766665335,37.66422536666596,1.6581301333332021,2.022585699999979,3.0363731666672797,4.230179900000053,-1.0,17.281024,53.264384,13.094912,86.884352,196.747264,183.750656,2149.867777777778,-1.0,75.1111111111111,108.16000000000001,65.07111111111111,19.067777777777774,71.12111111111112
2024-03-05 13:50:25,-1.0,4.193957766665335,37.66422536666596,1.6581301333332021,2.022585699999979,3.0363731666672797,4.230179900000053,-1.0,17.281024,53.264384,13.094912,86.884352,196.747264,183.750656,2149.867777777778,-1.0,75.1111111111111,108.16000000000001,65.07111111111111,19.067777777777774,71.12111111111112
2024-03-05 13:50:30,-1.0,4.193957766665335,37.66422536666596,1.8576265000000092,2.1423497666665035,4.751136500000068,4.230179900000053,-1.0,17.281024,53.264384,13.398016,86.822912,196.83328,183.750656,2149.867777777778,-1.0,75.1111111111111,108.16000000000001,21.159999999999997,50.88444444444445,171.60999999999999
2024-03-05 13:50:35,-1.0,5.996232766665343,41.677338866664584,1.8576265000000092,2.1423497666665035,4.751136500000068,4.230179900000053,-1.0,17.281024,53.32992,13.398016,86.822912,196.83328,183.750656,1621.4044444444437,-1.0,75.1111111111111,126.18777777777773,21.159999999999997,50.88444444444445,171.60999999999999
2024-03-05 13:50:40,-1.0,5.996232766665344,41.67733886666459,1.8576265000000092,2.1423497666665035,4.751136500000068,4.3339105000001155,-1.0,17.281024,53.32992,13.398016,86.822912,196.83328,183.865344,1621.4044444444444,-1.0,147.21777777777777,126.18777777777775,21.159999999999997,50.88444444444445,171.60999999999999
2024-03-05 13:50:45,-1.0,5.996232766665344,41.67733886666459,1.8576265000000092,2.1423497666665035,4.751136500000068,4.3339105000001155,-1.0,17.281024,53.32992,13.398016,86.822912,196.83328,183.865344,1621.4044444444444,-1.0,147.21777777777777,126.18777777777775,21.159999999999997,50.88444444444445,171.60999999999999
2024-03-05 13:50:50,-1.0,5.996232766665344,41.67733886666459,1.8576265000000092,2.1423497666665035,4.751136500000068,4.3339105000001155,-1.0,17.281024,53.32992,13.398016,86.822912,196.83328,183.865344,1621.4044444444444,-1.0,147.21777777777777,126.18777777777775,21.159999999999997,50.88444444444445,171.60999999999999
2024-03-05 13:50:55,-1.0,5.996232766665344,41.67733886666459,1.8576265000000092,2.1423497666665035,4.751136500000068,4.3339105000001155,-1.0,17.281024,53.32992,13.398016,86.822912,196.83328,183.865344,1621.4044444444444,-1.0,147.21777777777777,126.18777777777775,21.159999999999997,50.88444444444445,171.60999999999999
2024-03-05 13:51:00,-1.0,5.996232766665344,41.67733886666459,1.3055902000000212,1.8212905333333158,4.9229021666661765,4.3339105000001155,-1.0,17.281024,53.32992,13.443072,86.822912,196.943872,183.865344,1621.4044444444444,-1.0,147.21777777777777,126.18777777777775,33.64,62.93777777777778,113.77777777777777
2024-03-05 13:51:05,-1.0,6.0931432333291005,35.977502166664024,1.3055902000000212,1.8212905333333158,4.9229021666661765,4.3339105000001155,-1.0,17.281024,53.362688,13.443072,86.822912,196.943872,183.865344,6872.409999999999,-1.0,147.21777777777777,123.95111111111106,33.64,62.93777777777778,113.77777777777777
2024-03-05 13:51:10,-1.0,6.093143233329101,35.97750216666403,1.3055902000000212,1.8212905333333158,4.9229021666661765,4.2455819999995965,-1.0,17.281024,53.362688,13.443072,86.822912,196.943872,183.959552,6872.410000000001,-1.0,129.20111111111112,123.9511111111111,33.64,62.93777777777778,113.77777777777777
2024-03-05 13:51:15,-1.0,6.093143233329101,35.97750216666403,1.3055902000000212,1.8212905333333158,4.9229021666661765,4.2455819999995965,-1.0,17.281024,53.362688,13.443072,86.822912,196.943872,183.959552,6872.410000000001,-1.0,129.20111111111112,123.9511111111111,33.64,62.93777777777778,113.77777777777777
2024-03-05 13:51:20,-1.0,6.093143233329101,35.97750216666403,1.3055902000000212,1.8212905333333158,4.9229021666661765,4.2455819999995965,-1.0,17.281024,53.362688,13.443072,86.822912,196.943872,183.959552,6872.410000000001,-1.0,129.20111111111112,123.9511111111111,33.64,62.93777777777778,113.77777777777777
2024-03-05 13:51:25,-1.0,6.093143233329101,35.97750216666403,1.3055902000000212,1.8212905333333158,4.9229021666661765,4.2455819999995965,-1.0,17.281024,53.362688,13.443072,86.822912,196.943872,183.959552,6872.410000000001,-1.0,129.20111111111112,123.9511111111111,33.64,62.93777777777778,113.77777777777777
2024-03-05 13:51:30,-1.0,6.093143233329101,35.97750216666403,2.0399086666666717,1.9705862333334305,26.582568500000058,4.2455819999995965,-1.0,17.281024,53.362688,13.144064,86.822912,196.83328,183.959552,6872.410000000001,-1.0,129.20111111111112,123.9511111111111,86.49000000000001,67.24,158.76
2024-03-05 13:51:35,-1.0,4.66901960000238,49.616830600007226,2.0399086666666717,1.9705862333334305,26.582568500000058,4.2455819999995965,-1.0,17.281024,53.248,13.144064,86.822912,196.83328,183.959552,2752.7511111111107,-1.0,129.20111111111112,149.65444444444438,86.49000000000001,67.24,158.76
2024-03-05 13:51:40,-1.0,4.669019600002381,49.61683060000723,2.0399086666666717,1.9705862333334305,26.582568500000058,3.1594924333338286,-1.0,17.281024,53.248,13.144064,86.822912,196.83328,183.988224,2752.751111111111,-1.0,222.01000000000002,149.65444444444444,86.49000000000001,67.24,158.76
2024-03-05 13:51:45,-1.0,4.669019600002381,49.61683060000723,2.0399086666666717,1.9705862333334305,26.582568500000058,3.1594924333338286,-1.0,17.281024,53.248,13.144064,86.822912,196.83328,183.988224,2752.751111111111,-1.0,222.01000000000002,149.65444444444444,86.49000000000001,67.24,158.76
2024-03-05 13:51:50,-1.0,4.669019600002381,49.61683060000723,2.0399086666666717,1.9705862333334305,26.582568500000058,3.1594924333338286,-1.0,17.281024,53.248,13.144064,86.822912,196.83328,183.988224,2752.751111111111,-1.0,222.01000000000002,149.65444444444444,86.49000000000001,67.24,158.76
2024-03-05 13:51:55,-1.0,4.669019600002381,49.61683060000723,2.0399086666666717,1.9705862333334305,26.582568500000058,3.1594924333338286,-1.0,17.281024,53.248,13.144064,86.822912,196.83328,183.988224,2752.751111111111,-1.0,222.01000000000002,149.65444444444444,86.49000000000001,67.24,158.76
2024-03-05 13:52:00,-1.0,4.669019600002381,49.61683060000723,1.4506070999999565,1.9649798333333024,4.186508600000138,3.1594924333338286,-1.0,17.281024,53.248,13.279232,86.822912,197.005312,183.988224,2752.751111111111,-1.0,222.01000000000002,149.65444444444444,40.53444444444444,40.11111111111111,142.40444444444444
2024-03-05 13:52:05,-1.0,3.0550046666727813,34.626606299995416,1.4506070999999565,1.9649798333333024,4.186508600000138,3.1594924333338286,-1.0,17.281024,53.264384,13.279232,86.822912,197.005312,183.988224,3006.694444444444,-1.0,222.01000000000002,128.44444444444443,40.53444444444444,40.11111111111111,142.40444444444444
2024-03-05 13:52:10,-1.0,3.0550046666727817,34.62660629999543,1.4506070999999565,1.9649798333333024,4.186508600000138,5.234336299999616,-1.0,17.281024,53.264384,13.279232,86.822912,197.005312,184.131584,3006.694444444445,-1.0,87.11111111111113,128.44444444444446,40.53444444444444,40.11111111111111,142.40444444444444
2024-03-05 13:52:15,-1.0,3.0550046666727817,34.62660629999543,1.4506070999999565,1.9649798333333024,4.186508600000138,5.234336299999616,-1.0,17.281024,53.264384,13.279232,86.822912,197.005312,184.131584,3006.694444444445,-1.0,87.11111111111113,128.44444444444446,40.53444444444444,40.11111111111111,142.40444444444444
2024-03-05 13:52:20,-1.0,3.0550046666727817,34.62660629999543,1.4506070999999565,1.9649798333333024,4.186508600000138,5.234336299999616,-1.0,17.281024,53.264384,13.279232,86.822912,197.005312,184.131584,3006.694444444445,-1.0,87.11111111111113,128.44444444444446,40.53444444444444,40.11111111111111,142.40444444444444
2024-03-05 13:52:25,-1.0,3.0550046666727817,34.62660629999543,1.4506070999999565,1.9649798333333024,4.186508600000138,5.234336299999616,-1.0,17.281024,53.264384,13.279232,86.822912,197.005312,184.131584,3006.694444444445,-1.0,87.11111111111113,128.44444444444446,40.53444444444444,40.11111111111111,142.40444444444444
2024-03-05 13:52:30,-1.0,3.0550046666727817,34.62660629999543,1.9950327333333462,2.2302400333335486,3.5038029333331147,5.234336299999616,-1.0,17.281024,53.264384,15.671296,86.79424,196.89472,184.131584,3006.694444444445,-1.0,87.11111111111113,128.44444444444446,34.41777777777777,66.1511111111111,35.60111111111111
2024-03-05 13:52:35,-1.0,8.417484533326082,35.33848766666475,1.9950327333333462,2.2302400333335486,3.5038029333331147,5.234336299999616,-1.0,17.281024,53.264384,15.671296,86.79424,196.89472,184.131584,590.4899999999999,-1.0,87.11111111111113,65.61,34.41777777777777,66.1511111111111,35.60111111111111
2024-03-05 13:52:40,-1.0,8.417484533326084,35.33848766666476,1.9950327333333462,2.2302400333335486,3.5038029333331147,3.7074493666665376,-1.0,17.281024,53.264384,15.671296,86.79424,196.89472,184.23808,590.49,-1.0,100.66777777777777,65.61,34.41777777777777,66.1511111111111,35.60111111111111
2024-03-05 13:52:45,-1.0,8.417484533326084,35.33848766666476,1.9950327333333462,2.2302400333335486,3.5038029333331147,3.7074493666665376,-1.0,17.281024,53.264384,15.671296,86.79424,196.89472,184.23808,590.49,-1.0,100.66777777777777,65.61,34.41777777777777,66.1511111111111,35.60111111111111
2024-03-05 13:52:50,-1.0,8.417484533326084,35.33848766666476,1.9950327333333462,2.2302400333335486,3.5038029333331147,3.7074493666665376,-1.0,17.281024,53.264384,15.671296,86.79424,196.89472,184.23808,590.49,-1.0,100.66777777777777,65.61,34.41777777777777,66.1511111111111,35.60111111111111
2024-03-05 13:52:55,-1.0,8.417484533326084,35.33848766666476,1.9950327333333462,2.2302400333335486,3.5038029333331147,3.7074493666665376,-1.0,17.281024,53.264384,15.671296,86.79424,196.89472,184.23808,590.49,-1.0,100.66777777777777,65.61,34.41777777777777,66.1511111111111,35.60111111111111
2024-03-05 13:53:00,-1.0,8.417484533326084,35.33848766666476,1.4690806333334194,2.1913483333330914,4.935564400000203,3.7074493666665376,-1.0,17.281024,53.264384,14.82752,88.285184,196.497408,184.23808,590.49,-1.0,100.66777777777777,65.61,17.361111111111114,99.33444444444444,157.92111111111112
2024-03-05 13:53:05,-1.0,4.919553666665402,38.02716483333672,1.4690806333334194,2.1913483333330914,4.935564400000203,3.7074493666665376,-1.0,17.281024,53.264384,14.82752,88.285184,196.497408,184.23808,4646.694444444443,-1.0,100.66777777777777,194.13777777777773,17.361111111111114,99.33444444444444,157.92111111111112
2024-03-05 13:53:10,-1.0,4.9195536666654025,38.02716483333673,1.4690806333334194,2.1913483333330914,4.935564400000203,4.702007199999987,-1.0,17.281024,53.264384,14.82752,88.285184,196.497408,184.307712,4646.694444444445,-1.0,51.361111111111114,194.13777777777779,17.361111111111114,99.33444444444444,157.92111111111112
2024-03-05 13:53:15,-1.0,4.9195536666654025,38.02716483333673,1.4690806333334194,2.1913483333330914,4.935564400000203,4.702007199999987,-1.0,17.281024,53.264384,14.82752,88.285184,196.497408,184.307712,4646.694444444445,-1.0,51.361111111111114,194.13777777777779,17.361111111111114,99.33444444444444,157.92111111111112
2024-03-05 13:53:20,-1.0,4.9195536666654025,38.02716483333673,1.4690806333334194,2.1913483333330914,4.935564400000203,4.702007199999987,-1.0,17.281024,53.264384,14.82752,88.285184,196.497408,184.307712,4646.694444444445,-1.0,51.361111111111114,194.13777777777779,17.361111111111114,99.33444444444444,157.92111111111112
2024-03-05 13:53:25,-1.0,4.9195536666654025,38.02716483333673,1.4690806333334194,2.1913483333330914,4.935564400000203,4.702007199999987,-1.0,17.281024,53.264384,14.82752,88.285184,196.497408,184.307712,4646.694444444445,-1.0,51.361111111111114,194.13777777777779,17.361111111111114,99.33444444444444,157.92111111111112
2024-03-05 13:53:30,-1.0,4.9195536666654025,38.02716483333673,1.6812046333332848,1.8474937333332755,4.86148253333359,4.702007199999987,-1.0,17.281024,53.264384,15.106048,88.285184,196.653056,184.307712,4646.694444444445,-1.0,51.361111111111114,194.13777777777779,66.1511111111111,43.121111111111105,187.68999999999997
2024-03-05 13:53:35,-1.0,3.310363133338493,43.51378963333445,1.6812046333332848,1.8474937333332755,4.86148253333359,4.702007199999987,-1.0,17.281024,53.264384,15.106048,88.285184,196.653056,184.307712,2798.409999999999,-1.0,51.361111111111114,141.60999999999996,66.1511111111111,43.121111111111105,187.68999999999997
2024-03-05 13:53:40,-1.0,3.3103631333384937,43.513789633334454,1.6812046333332848,1.8474937333332755,4.86148253333359,1.6708399999998846,-1.0,17.281024,53.264384,15.106048,88.285184,196.653056,184.385536,2798.41,-1.0,153.76000000000002,141.61,66.1511111111111,43.121111111111105,187.68999999999997
2024-03-05 13:53:45,-1.0,3.3103631333384937,43.513789633334454,1.6812046333332848,1.8474937333332755,4.86148253333359,1.6708399999998846,-1.0,17.281024,53.264384,15.106048,88.285184,196.653056,184.385536,2798.41,-1.0,153.76000000000002,141.61,66.1511111111111,43.121111111111105,187.68999999999997
2024-03-05 13:53:50,-1.0,3.3103631333384937,43.513789633334454,1.6812046333332848,1.8474937333332755,4.86148253333359,1.6708399999998846,-1.0,17.281024,53.264384,15.106048,88.285184,196.653056,184.385536,2798.41,-1.0,153.76000000000002,141.61,66.1511111111111,43.121111111111105,187.68999999999997
2024-03-05 13:53:55,-1.0,3.3103631333384937,43.513789633334454,1.6812046333332848,1.8474937333332755,4.86148253333359,1.6708399999998846,-1.0,17.281024,53.264384,15.106048,88.285184,196.653056,184.385536,2798.41,-1.0,153.76000000000002,141.61,66.1511111111111,43.121111111111105,187.68999999999997
2024-03-05 13:54:00,-1.0,3.3103631333384937,43.513789633334454,1.633038100000069,2.4116858666668386,5.119001166666711,1.6708399999998846,-1.0,17.281024,53.264384,15.351808,88.383488,196.763648,184.385536,2798.41,-1.0,153.76000000000002,141.61,21.777777777777782,23.361111111111107,55.254444444444445
2024-03-05 13:54:05,-1.0,6.109390700006163,37.97169873333435,1.633038100000069,2.4116858666668386,5.119001166666711,1.6708399999998846,-1.0,17.281024,53.264384,15.351808,88.383488,196.763648,184.385536,4788.6399999999985,-1.0,153.76000000000002,114.48999999999995,21.777777777777782,23.361111111111107,55.254444444444445
2024-03-05 13:54:10,-1.0,6.1093907000061645,37.97169873333436,1.633038100000069,2.4116858666668386,5.119001166666711,4.572043800000832,-1.0,17.281024,53.264384,15.351808,88.383488,196.763648,184.516608,4788.64,-1.0,120.26777777777778,114.48999999999998,21.777777777777782,23.361111111111107,55.254444444444445
2024-03-05 13:54:15,-1.0,6.1093907000061645,37.97169873333436,1.633038100000069,2.4116858666668386,5.119001166666711,4.572043800000832,-1.0,17.281024,53.264384,15.351808,88.383488,196.763648,184.516608,4788.64,-1.0,120.26777777777778,114.48999999999998,21.777777777777782,23.361111111111107,55.254444444444445
2024-03-05 13:54:20,-1.0,6.1093907000061645,37.97169873333436,1.633038100000069,2.4116858666668386,5.119001166666711,4.572043800000832,-1.0,17.281024,53.264384,15.351808,88.383488,196.763648,184.516608,4788.64,-1.0,120.26777777777778,114.48999999999998,21.777777777777782,23.361111111111107,55.254444444444445
2024-03-05 13:54:25,-1.0,6.1093907000061645,37.97169873333436,1.633038100000069,2.4116858666668386,5.119001166666711,4.572043800000832,-1.0,17.281024,53.264384,15.351808,88.383488,196.763648,184.516608,4788.64,-1.0,120.26777777777778,114.48999999999998,21.777777777777782,23.361111111111107,55.254444444444445
2024-03-05 13:54:30,-1.0,6.1093907000061645,37.97169873333436,1.7861035333332609,1.8729868999997734,4.588460266666061,4.572043800000832,-1.0,17.281024,53.264384,14.811136,88.383488,196.85376,184.516608,4788.64,-1.0,120.26777777777778,114.48999999999998,46.239999999999995,117.36111111111113,147.21777777777777
2024-03-05 13:54:35,-1.0,5.5245755666571,43.18539549999513,1.7861035333332609,1.8729868999997734,4.588460266666061,4.572043800000832,-1.0,17.281024,53.362688,14.811136,88.383488,196.85376,184.516608,2316.817777777777,-1.0,120.26777777777778,160.44444444444437,46.239999999999995,117.36111111111113,147.21777777777777
2024-03-05 13:54:40,-1.0,5.524575566657101,43.18539549999514,1.7861035333332609,1.8729868999997734,4.588460266666061,4.373075066665896,-1.0,17.281024,53.362688,14.811136,88.383488,196.85376,184.56576,2316.817777777778,-1.0,151.29000000000002,160.44444444444443,46.239999999999995,117.36111111111113,147.21777777777777
2024-03-05 13:54:45,-1.0,5.524575566657101,43.18539549999514,1.7861035333332609,1.8729868999997734,4.588460266666061,4.373075066665896,-1.0,17.281024,53.362688,14.811136,88.383488,196.85376,184.56576,2316.817777777778,-1.0,151.29000000000002,160.44444444444443,46.239999999999995,117.36111111111113,147.21777777777777
2024-03-05 13:54:50,-1.0,5.524575566657101,43.18539549999514,1.7861035333332609,1.8729868999997734,4.588460266666061,4.373075066665896,-1.0,17.281024,53.362688,14.811136,88.383488,196.85376,184.56576,2316.817777777778,-1.0,151.29000000000002,160.44444444444443,46.239999999999995,117.36111111111113,147.21777777777777
2024-03-05 13:54:55,-1.0,5.524575566657101,43.18539549999514,1.7861035333332609,1.8729868999997734,4.588460266666061,4.373075066665896,-1.0,17.281024,53.362688,14.811136,88.383488,196.85376,184.56576,2316.817777777778,-1.0,151.29000000000002,160.44444444444443,46.239999999999995,117.36111111111113,147.21777777777777
2024-03-05 13:55:00,-1.0,5.524575566657101,43.18539549999514,1.69714660000011,2.748513166667029,4.598150999999954,4.373075066665896,-1.0,17.281024,53.362688,15.028224,88.383488,196.878336,184.56576,2316.817777777778,-1.0,151.29000000000002,160.44444444444443,52.321111111111115,55.254444444444445,136.1111111111111
2024-03-05 13:55:05,-1.0,4.295834566664779,43.98908020000362,1.69714660000011,2.748513166667029,4.598150999999954,4.373075066665896,-1.0,17.281024,53.149696,15.028224,88.383488,196.878336,184.56576,2944.87111111111,-1.0,151.29000000000002,106.77777777777776,52.321111111111115,55.254444444444445,136.1111111111111
2024-03-05 13:55:10,-1.0,4.29583456666478,43.98908020000363,1.69714660000011,2.748513166667029,4.598150999999954,4.829671266667408,-1.0,17.281024,53.149696,15.028224,88.383488,196.878336,184.77056,2944.871111111111,-1.0,87.11111111111113,106.77777777777779,52.321111111111115,55.254444444444445,136.1111111111111
2024-03-05 13:55:15,-1.0,4.29583456666478,43.98908020000363,1.69714660000011,2.748513166667029,4.598150999999954,4.829671266667408,-1.0,17.281024,53.149696,15.028224,88.383488,196.878336,184.77056,2944.871111111111,-1.0,87.11111111111113,106.77777777777779,52.321111111111115,55.254444444444445,136.1111111111111
2024-03-05 13:55:20,-1.0,4.29583456666478,43.98908020000363,1.69714660000011,2.748513166667029,4.598150999999954,4.829671266667408,-1.0,17.281024,53.149696,15.028224,88.383488,196.878336,184.77056,2944.871111111111,-1.0,87.11111111111113,106.77777777777779,52.321111111111115,55.254444444444445,136.1111111111111
2024-03-05 13:55:25,-1.0,4.29583456666478,43.98908020000363,1.69714660000011,2.748513166667029,4.598150999999954,4.829671266667408,-1.0,17.281024,53.149696,15.028224,88.383488,196.878336,184.77056,2944.871111111111,-1.0,87.11111111111113,106.77777777777779,52.321111111111115,55.254444444444445,136.1111111111111
2024-03-05 13:55:30,-1.0,4.29583456666478,43.98908020000363,1.416058499999906,1.5828012333329866,3.4632525000006353,4.829671266667408,-1.0,17.281024,53.149696,15.097856,88.354816,196.8128,184.77056,2944.871111111111,-1.0,87.11111111111113,106.77777777777779,33.254444444444445,54.26777777777777,92.8011111111111
2024-03-05 13:55:35,-1.0,5.78960256668021,42.18091756666429,1.416058499999906,1.5828012333329866,3.4632525000006353,4.829671266667408,-1.0,17.297408,53.403648,15.097856,88.354816,196.8128,184.77056,880.111111111111,-1.0,87.11111111111113,131.4844444444444,33.254444444444445,54.26777777777777,92.8011111111111
2024-03-05 13:55:40,-1.0,5.789602566680211,42.1809175666643,1.416058499999906,1.5828012333329866,3.4632525000006353,3.0847538333328353,-1.0,17.297408,53.403648,15.097856,88.354816,196.8128,184.815616,880.1111111111112,-1.0,82.80999999999999,131.48444444444445,33.254444444444445,54.26777777777777,92.8011111111111
2024-03-05 13:55:45,-1.0,5.789602566680211,42.1809175666643,1.416058499999906,1.5828012333329866,3.4632525000006353,3.0847538333328353,-1.0,17.297408,53.403648,15.097856,88.354816,196.8128,184.815616,880.1111111111112,-1.0,82.80999999999999,131.48444444444445,33.254444444444445,54.26777777777777,92.8011111111111
2024-03-05 13:55:50,-1.0,5.789602566680211,42.1809175666643,1.416058499999906,1.5828012333329866,3.4632525000006353,3.0847538333328353,-1.0,17.297408,53.403648,15.097856,88.354816,196.8128,184.815616,880.1111111111112,-1.0,82.80999999999999,131.48444444444445,33.254444444444445,54.26777777777777,92.8011111111111
2024-03-05 13:55:55,-1.0,5.789602566680211,42.1809175666643,1.416058499999906,1.5828012333329866,3.4632525000006353,3.0847538333328353,-1.0,17.297408,53.403648,15.097856,88.354816,196.8128,184.815616,880.1111111111112,-1.0,82.80999999999999,131.48444444444445,33.254444444444445,54.26777777777777,92.8011111111111
2024-03-05 13:56:00,-1.0,5.789602566680211,42.1809175666643,0.8970460666667179,1.6247389000000112,4.47175619999977,3.0847538333328353,-1.0,17.297408,53.403648,14.78656,88.354816,196.861952,184.815616,880.1111111111112,-1.0,82.80999999999999,131.48444444444445,23.04,47.61000000000001,92.16
2024-03-05 13:56:05,0.0,4.6690247666598825,40.70810073333177,0.8970460666667179,1.6247389000000112,4.47175619999977,3.0847538333328353,0.0,17.297408,53.604352,14.78656,88.354816,196.861952,184.815616,2268.9344444444437,0.0,82.80999999999999,168.99999999999994,23.04,47.61000000000001,92.16
2024-03-05 13:56:10,0.0,4.669024766659883,40.708100733331776,0.8970460666667179,1.6247389000000112,4.47175619999977,3.5196025666664355,0.0,17.297408,53.604352,14.78656,88.354816,196.861952,184.930304,2268.9344444444446,0.0,143.20111111111112,169.0,23.04,47.61000000000001,92.16
2024-03-05 13:56:15,0.0,4.669024766659883,40.708100733331776,0.8970460666667179,1.6247389000000112,4.47175619999977,3.5196025666664355,0.0,17.297408,53.604352,14.78656,88.354816,196.861952,184.930304,2268.9344444444446,0.0,143.20111111111112,169.0,23.04,47.61000000000001,92.16
2024-03-05 13:56:20,0.0,4.669024766659883,40.708100733331776,0.8970460666667179,1.6247389000000112,4.47175619999977,3.5196025666664355,0.0,17.297408,53.604352,14.78656,88.354816,196.861952,184.930304,2268.9344444444446,0.0,143.20111111111112,169.0,23.04,47.61000000000001,92.16
2024-03-05 13:56:25,0.0,4.669024766659883,40.708100733331776,0.8970460666667179,1.6247389000000112,4.47175619999977,3.5196025666664355,0.0,17.297408,53.604352,14.78656,88.354816,196.861952,184.930304,2268.9344444444446,0.0,143.20111111111112,169.0,23.04,47.61000000000001,92.16
2024-03-05 13:56:30,0.0,4.669024766659883,40.708100733331776,1.732505733333293,1.7674464333334563,4.3167139666669145,3.5196025666664355,16.932864,17.297408,53.604352,15.085568,88.670208,195.690496,184.930304,2268.9344444444446,0.0,143.20111111111112,169.0,53.29,42.684444444444445,102.00999999999999
2024-03-05 13:56:35,0.0,3.296820933337585,26.87072290000287,1.732505733333293,1.7674464333334563,4.3167139666669145,3.5196025666664355,16.932864,17.281024,53.395456,15.085568,88.670208,195.690496,184.930304,3716.9344444444437,0.0,143.20111111111112,251.75111111111107,53.29,42.684444444444445,102.00999999999999
2024-03-05 13:56:40,0.0,3.2968209333375853,26.870722900002875,1.732505733333293,1.7674464333334563,4.3167139666669145,3.3125306000007035,16.932864,17.281024,53.395456,15.085568,88.670208,195.690496,184.979456,3716.9344444444446,0.0,29.521111111111114,251.75111111111113,53.29,42.684444444444445,102.00999999999999
2024-03-05 13:56:45,0.0,3.2968209333375853,26.870722900002875,1.732505733333293,1.7674464333334563,4.3167139666669145,3.3125306000007035,16.932864,17.281024,53.395456,15.085568,88.670208,195.690496,184.979456,3716.9344444444446,0.0,29.521111111111114,251.75111111111113,53.29,42.684444444444445,102.00999999999999
2024-03-05 13:56:50,0.0,3.2968209333375853,26.870722900002875,1.732505733333293,1.7674464333334563,4.3167139666669145,3.3125306000007035,16.932864,17.281024,53.395456,15.085568,88.670208,195.690496,184.979456,3716.9344444444446,0.0,29.521111111111114,251.75111111111113,53.29,42.684444444444445,102.00999999999999
2024-03-05 13:56:55,0.0,3.2968209333375853,26.870722900002875,1.732505733333293,1.7674464333334563,4.3167139666669145,3.3125306000007035,16.932864,17.281024,53.395456,15.085568,88.670208,195.690496,184.979456,3716.9344444444446,0.0,29.521111111111114,251.75111111111113,53.29,42.684444444444445,102.00999999999999
2024-03-05 13:57:00,3.119779799999999,3.2968209333375853,26.870722900002875,1.2892254000000491,2.347793566666686,2.5686499999996686,3.3125306000007035,16.81408,17.281024,53.395456,15.106048,88.674304,195.82976,184.979456,3716.9344444444446,40.96000000000001,29.521111111111114,251.75111111111113,92.8011111111111,56.25,111.65444444444444
2024-03-05 13:57:05,3.119779799999999,2.6511047333315214,43.8129027333313,1.2892254000000491,2.347793566666686,2.5686499999996686,3.3125306000007035,16.81408,17.26464,53.301248,15.106048,88.674304,195.82976,184.979456,3753.6044444444433,40.96000000000001,29.521111111111114,120.26777777777774,92.8011111111111,56.25,111.65444444444444
2024-03-05 13:57:10,3.119779799999999,2.651104733331522,43.812902733331306,1.2892254000000491,2.347793566666686,2.5686499999996686,3.6874025666662646,16.81408,17.26464,53.301248,15.106048,88.674304,195.82976,185.151488,3753.604444444444,40.96000000000001,160.44444444444443,120.26777777777778,92.8011111111111,56.25,111.65444444444444
2024-03-05 13:57:15,3.119779799999999,2.651104733331522,43.812902733331306,1.2892254000000491,2.347793566666686,2.5686499999996686,3.6874025666662646,16.81408,17.26464,53.301248,15.106048,88.674304,195.82976,185.151488,3753.604444444444,40.96000000000001,160.44444444444443,120.26777777777778,92.8011111111111,56.25,111.65444444444444
2024-03-05 13:57:20,3.119779799999999,2.651104733331522,43.812902733331306,1.2892254000000491,2.347793566666686,2.5686499999996686,3.6874025666662646,16.81408,17.26464,53.301248,15.106048,88.674304,195.82976,185.151488,3753.604444444444,40.96000000000001,160.44444444444443,120.26777777777778,92.8011111111111,56.25,111.65444444444444
2024-03-05 13:57:25,3.119779799999999,2.651104733331522,43.812902733331306,1.2892254000000491,2.347793566666686,2.5686499999996686,3.6874025666662646,16.81408,17.26464,53.301248,15.106048,88.674304,195.82976,185.151488,3753.604444444444,40.96000000000001,160.44444444444443,120.26777777777778,92.8011111111111,56.25,111.65444444444444
2024-03-05 13:57:30,3.2233137000000003,2.651104733331522,43.812902733331306,1.3198981999998693,2.003778433333518,5.711308466666765,3.6874025666662646,16.85504,17.26464,53.301248,15.253504,88.674304,195.682304,185.151488,3753.604444444444,44.44444444444445,160.44444444444443,120.26777777777778,34.41777777777777,38.85444444444445,126.18777777777775
2024-03-05 13:57:35,3.2233137000000003,1.0231484333265446,45.40332079999795,1.3198981999998693,2.003778433333518,5.711308466666765,3.6874025666662646,16.85504,17.26464,53.252096,15.253504,88.674304,195.682304,185.151488,2345.7877777777767,44.44444444444445,160.44444444444443,55.7511111111111,34.41777777777777,38.85444444444445,126.18777777777775
2024-03-05 13:57:40,3.2233137000000003,1.0231484333265448,45.40332079999796,1.3198981999998693,2.003778433333518,5.711308466666765,3.9430407999996455,16.85504,17.26464,53.252096,15.253504,88.674304,195.682304,185.2416,2345.7877777777776,44.44444444444445,126.9377777777778,55.751111111111115,34.41777777777777,38.85444444444445,126.18777777777775
2024-03-05 13:57:45,3.2233137000000003,1.0231484333265448,45.40332079999796,1.3198981999998693,2.003778433333518,5.711308466666765,3.9430407999996455,16.85504,17.26464,53.252096,15.253504,88.674304,195.682304,185.2416,2345.7877777777776,44.44444444444445,126.9377777777778,55.751111111111115,34.41777777777777,38.85444444444445,126.18777777777775
2024-03-05 13:57:50,3.2233137000000003,1.0231484333265448,45.40332079999796,1.3198981999998693,2.003778433333518,5.711308466666765,3.9430407999996455,16.85504,17.26464,53.252096,15.253504,88.674304,195.682304,185.2416,2345.7877777777776,44.44444444444445,126.9377777777778,55.751111111111115,34.41777777777777,38.85444444444445,126.18777777777775
2024-03-05 13:57:55,3.2233137000000003,1.0231484333265448,45.40332079999796,1.3198981999998693,2.003778433333518,5.711308466666765,3.9430407999996455,16.85504,17.26464,53.252096,15.253504,88.674304,195.682304,185.2416,2345.7877777777776,44.44444444444445,126.9377777777778,55.751111111111115,34.41777777777777,38.85444444444445,126.18777777777775
2024-03-05 13:58:00,3.1364181666666675,1.0231484333265448,45.40332079999796,1.8693416000000223,2.124453666666663,2.2178091333330485,3.9430407999996455,16.879616,17.26464,53.252096,15.609856,90.873856,195.76832,185.2416,2345.7877777777776,11.787777777777777,126.9377777777778,55.751111111111115,31.359999999999996,47.61000000000001,96.04000000000002
2024-03-05 13:58:05,3.1364181666666675,3.724156133330325,39.118184666669244,1.8693416000000223,2.124453666666663,2.2178091333330485,3.9430407999996455,16.879616,17.26464,53.235712,15.609856,90.873856,195.76832,185.2416,3885.444444444444,11.787777777777777,126.9377777777778,96.69444444444441,31.359999999999996,47.61000000000001,96.04000000000002
2024-03-05 13:58:10,3.1364181666666675,3.7241561333303252,39.11818466666925,1.8693416000000223,2.124453666666663,2.2178091333330485,3.3017466666668347,16.879616,17.26464,53.235712,15.609856,90.873856,195.76832,185.331712,3885.444444444445,11.787777777777777,39.69,96.69444444444446,31.359999999999996,47.61000000000001,96.04000000000002
2024-03-05 13:58:15,3.1364181666666675,3.7241561333303252,39.11818466666925,1.8693416000000223,2.124453666666663,2.2178091333330485,3.3017466666668347,16.879616,17.26464,53.235712,15.609856,90.873856,195.76832,185.331712,3885.444444444445,11.787777777777777,39.69,96.69444444444446,31.359999999999996,47.61000000000001,96.04000000000002
2024-03-05 13:58:20,3.1364181666666675,3.7241561333303252,39.11818466666925,1.8693416000000223,2.124453666666663,2.2178091333330485,3.3017466666668347,16.879616,17.26464,53.235712,15.609856,90.873856,195.76832,185.331712,3885.444444444445,11.787777777777777,39.69,96.69444444444446,31.359999999999996,47.61000000000001,96.04000000000002
2024-03-05 13:58:25,3.1364181666666675,3.7241561333303252,39.11818466666925,1.8693416000000223,2.124453666666663,2.2178091333330485,3.3017466666668347,16.879616,17.26464,53.235712,15.609856,90.873856,195.76832,185.331712,3885.444444444445,11.787777777777777,39.69,96.69444444444446,31.359999999999996,47.61000000000001,96.04000000000002
2024-03-05 13:58:30,3.072003000000001,3.7241561333303252,39.11818466666925,1.6003214666667986,1.773079033333147,4.32650629999974,3.3017466666668347,16.572416,17.26464,53.235712,14.843904,90.312704,195.858432,185.331712,3885.444444444445,70.56,39.69,96.69444444444446,22.404444444444444,55.254444444444445,93.44444444444443
2024-03-05 13:58:35,3.072003000000001,2.6087740000093613,37.02113776666919,1.6003214666667986,1.773079033333147,4.32650629999974,3.3017466666668347,16.572416,17.281024,53.293056,14.843904,90.312704,195.858432,185.331712,2930.417777777777,70.56,39.69,103.36111111111106,22.404444444444444,55.254444444444445,93.44444444444443
2024-03-05 13:58:40,3.072003000000001,2.6087740000093618,37.0211377666692,1.6003214666667986,1.773079033333147,4.32650629999974,4.060097333334056,16.572416,17.281024,53.293056,14.843904,90.312704,195.858432,185.42592,2930.4177777777777,70.56,123.21,103.3611111111111,22.404444444444444,55.254444444444445,93.44444444444443
2024-03-05 13:58:45,3.072003000000001,2.6087740000093618,37.0211377666692,1.6003214666667986,1.773079033333147,4.32650629999974,4.060097333334056,16.572416,17.281024,53.293056,14.843904,90.312704,195.858432,185.42592,2930.4177777777777,70.56,123.21,103.3611111111111,22.404444444444444,55.254444444444445,93.44444444444443
2024-03-05 13:58:50,3.072003000000001,2.6087740000093618,37.0211377666692,1.6003214666667986,1.773079033333147,4.32650629999974,4.060097333334056,16.572416,17.281024,53.293056,14.843904,90.312704,195.858432,185.42592,2930.4177777777777,70.56,123.21,103.3611111111111,22.404444444444444,55.254444444444445,93.44444444444443
2024-03-05 13:58:55,3.072003000000001,2.6087740000093618,37.0211377666692,1.6003214666667986,1.773079033333147,4.32650629999974,4.060097333334056,16.572416,17.281024,53.293056,14.843904,90.312704,195.858432,185.42592,2930.4177777777777,70.56,123.21,103.3611111111111,22.404444444444444,55.254444444444445,93.44444444444443
2024-03-05 13:59:00,3.7674685000000006,2.6087740000093618,37.0211377666692,1.8680103333333402,1.6384388333335664,4.432066033334081,4.060097333334056,16.441344,17.281024,53.293056,15.065088,90.312704,195.948544,185.42592,2930.4177777777777,52.321111111111115,123.21,103.3611111111111,40.53444444444444,53.77777777777777,111.65444444444444
2024-03-05 13:59:05,3.7674685000000006,1.7131784333287212,25.41544153333082,1.8680103333333402,1.6384388333335664,4.432066033334081,4.060097333334056,16.441344,17.248256,53.178368,15.065088,90.312704,195.948544,185.42592,778.4099999999997,52.321111111111115,123.21,82.80999999999996,40.53444444444444,53.77777777777777,111.65444444444444
2024-03-05 13:59:10,3.7674685000000006,1.7131784333287214,25.415441533330824,1.8680103333333402,1.6384388333335664,4.432066033334081,3.722865399999857,16.441344,17.248256,53.178368,15.065088,90.312704,195.948544,185.524224,778.41,52.321111111111115,110.9511111111111,82.80999999999999,40.53444444444444,53.77777777777777,111.65444444444444
2024-03-05 13:59:15,3.7674685000000006,1.7131784333287214,25.415441533330824,1.8680103333333402,1.6384388333335664,4.432066033334081,3.722865399999857,16.441344,17.248256,53.178368,15.065088,90.312704,195.948544,185.524224,778.41,52.321111111111115,110.9511111111111,82.80999999999999,40.53444444444444,53.77777777777777,111.65444444444444
2024-03-05 13:59:20,3.7674685000000006,1.7131784333287214,25.415441533330824,1.8680103333333402,1.6384388333335664,4.432066033334081,3.722865399999857,16.441344,17.248256,53.178368,15.065088,90.312704,195.948544,185.524224,778.41,52.321111111111115,110.9511111111111,82.80999999999999,40.53444444444444,53.77777777777777,111.65444444444444
2024-03-05 13:59:25,3.7674685000000006,1.7131784333287214,25.415441533330824,1.8680103333333402,1.6384388333335664,4.432066033334081,3.722865399999857,16.441344,17.248256,53.178368,15.065088,90.312704,195.948544,185.524224,778.41,52.321111111111115,110.9511111111111,82.80999999999999,40.53444444444444,53.77777777777777,111.65444444444444
2024-03-05 13:59:30,-1.0,1.7131784333287214,25.415441533330824,1.666505766666641,2.4584161333332113,5.21127799999969,3.722865399999857,-1.0,17.248256,53.178368,15.335424,90.140672,196.268032,185.524224,778.41,-1.0,110.9511111111111,82.80999999999999,45.33777777777778,70.00111111111111,226.0011111111111
2024-03-05 13:59:35,-1.0,4.2804270000033275,67.96313966666881,1.666505766666641,2.4584161333332113,5.21127799999969,3.722865399999857,-1.0,17.281024,53.293056,15.335424,90.140672,196.268032,185.524224,6734.9377777777745,-1.0,110.9511111111111,138.4544444444444,45.33777777777778,70.00111111111111,226.0011111111111
2024-03-05 13:59:40,-1.0,4.280427000003328,67.96313966666882,1.666505766666641,2.4584161333332113,5.21127799999969,4.257977666666571,-1.0,17.281024,53.293056,15.335424,90.140672,196.268032,185.618432,6734.937777777777,-1.0,119.53777777777778,138.45444444444448,45.33777777777778,70.00111111111111,226.0011111111111
2024-03-05 13:59:45,-1.0,4.280427000003328,67.96313966666882,1.666505766666641,2.4584161333332113,5.21127799999969,4.257977666666571,-1.0,17.281024,53.293056,15.335424,90.140672,196.268032,185.618432,6734.937777777777,-1.0,119.53777777777778,138.45444444444448,45.33777777777778,70.00111111111111,226.0011111111111
2024-03-05 13:59:50,-1.0,4.280427000003328,67.96313966666882,1.666505766666641,2.4584161333332113,5.21127799999969,4.257977666666571,-1.0,17.281024,53.293056,15.335424,90.140672,196.268032,185.618432,6734.937777777777,-1.0,119.53777777777778,138.45444444444448,45.33777777777778,70.00111111111111,226.0011111111111
2024-03-05 13:59:55,-1.0,4.280427000003328,67.96313966666882,1.666505766666641,2.4584161333332113,5.21127799999969,4.257977666666571,-1.0,17.281024,53.293056,15.335424,90.140672,196.268032,185.618432,6734.937777777777,-1.0,119.53777777777778,138.45444444444448,45.33777777777778,70.00111111111111,226.0011111111111
2024-03-05 14:00:00,-1.0,4.280427000003328,67.96313966666882,1.852748666666552,1.3460035666663352,5.0262215333333415,4.257977666666571,-1.0,17.281024,53.293056,17.358848,90.140672,196.386816,185.618432,6734.937777777777,-1.0,119.53777777777778,138.45444444444448,68.33777777777779,66.1511111111111,102.00999999999999
2024-03-05 14:00:05,-1.0,7.724230066666374,25.205927333331598,1.852748666666552,1.3460035666663352,5.0262215333333415,4.257977666666571,-1.0,17.281024,53.178368,17.358848,90.140672,196.386816,185.618432,3222.4544444444437,-1.0,119.53777777777778,191.3611111111111,68.33777777777779,66.1511111111111,102.00999999999999
2024-03-05 14:00:10,-1.0,7.724230066666375,25.2059273333316,1.852748666666552,1.3460035666663352,5.0262215333333415,3.7969756999994315,-1.0,17.281024,53.178368,17.358848,90.140672,196.386816,185.749504,3222.4544444444446,-1.0,104.03999999999999,191.36111111111111,68.33777777777779,66.1511111111111,102.00999999999999
2024-03-05 14:00:15,-1.0,7.724230066666375,25.2059273333316,1.852748666666552,1.3460035666663352,5.0262215333333415,3.7969756999994315,-1.0,17.281024,53.178368,17.358848,90.140672,196.386816,185.749504,3222.4544444444446,-1.0,104.03999999999999,191.36111111111111,68.33777777777779,66.1511111111111,102.00999999999999
2024-03-05 14:00:20,-1.0,7.724230066666375,25.2059273333316,1.852748666666552,1.3460035666663352,5.0262215333333415,3.7969756999994315,-1.0,17.281024,53.178368,17.358848,90.140672,196.386816,185.749504,3222.4544444444446,-1.0,104.03999999999999,191.36111111111111,68.33777777777779,66.1511111111111,102.00999999999999
2024-03-05 14:00:25,-1.0,7.724230066666375,25.2059273333316,1.852748666666552,1.3460035666663352,5.0262215333333415,3.7969756999994315,-1.0,17.281024,53.178368,17.358848,90.140672,196.386816,185.749504,3222.4544444444446,-1.0,104.03999999999999,191.36111111111111,68.33777777777779,66.1511111111111,102.00999999999999
2024-03-05 14:00:30,-1.0,7.724230066666375,25.2059273333316,1.5459922666667105,3.0347289666669512,4.1354279999997825,3.7969756999994315,-1.0,17.281024,53.178368,17.3056,90.148864,196.472832,185.749504,3222.4544444444446,-1.0,104.03999999999999,191.36111111111111,36.0,56.75111111111111,123.21
2024-03-05 14:00:35,-1.0,4.420646166666604,61.710443166665144,1.5459922666667105,3.0347289666669512,4.1354279999997825,3.7969756999994315,-1.0,17.297408,53.538816,17.3056,90.148864,196.472832,185.749504,1992.1344444444437,-1.0,104.03999999999999,143.99999999999997,36.0,56.75111111111111,123.21
2024-03-05 14:00:40,-1.0,4.4206461666666055,61.71044316666515,1.5459922666667105,3.0347289666669512,4.1354279999997825,4.096317800000786,-1.0,17.297408,53.538816,17.3056,90.148864,196.472832,185.839616,1992.1344444444444,-1.0,241.28444444444443,144.0,36.0,56.75111111111111,123.21
2024-03-05 14:00:45,-1.0,4.4206461666666055,61.71044316666515,1.5459922666667105,3.0347289666669512,4.1354279999997825,4.096317800000786,-1.0,17.297408,53.538816,17.3056,90.148864,196.472832,185.839616,1992.1344444444444,-1.0,241.28444444444443,144.0,36.0,56.75111111111111,123.21
2024-03-05 14:00:50,-1.0,4.4206461666666055,61.71044316666515,1.5459922666667105,3.0347289666669512,4.1354279999997825,4.096317800000786,-1.0,17.297408,53.538816,17.3056,90.148864,196.472832,185.839616,1992.1344444444444,-1.0,241.28444444444443,144.0,36.0,56.75111111111111,123.21
2024-03-05 14:00:55,-1.0,4.4206461666666055,61.71044316666515,1.5459922666667105,3.0347289666669512,4.1354279999997825,4.096317800000786,-1.0,17.297408,53.538816,17.3056,90.148864,196.472832,185.839616,1992.1344444444444,-1.0,241.28444444444443,144.0,36.0,56.75111111111111,123.21
2024-03-05 14:01:00,-1.0,4.4206461666666055,61.71044316666515,1.8160028666666033,2.0299881333334233,6.406431433333637,4.096317800000786,-1.0,17.297408,53.538816,17.678336,90.148864,196.616192,185.839616,1992.1344444444444,-1.0,241.28444444444443,144.0,47.61000000000001,42.25,126.18777777777775
2024-03-05 14:01:05,-1.0,5.777464666668189,42.49161923333607,1.8160028666666033,2.0299881333334233,6.406431433333637,4.096317800000786,-1.0,17.281024,53.39136,17.678336,90.148864,196.616192,185.839616,3290.9344444444437,-1.0,241.28444444444443,79.20999999999998,47.61000000000001,42.25,126.18777777777775
2024-03-05 14:01:10,-1.0,5.77746466666819,42.491619233336074,1.8160028666666033,2.0299881333334233,6.406431433333637,5.313718699999488,-1.0,17.281024,53.39136,17.678336,90.148864,196.616192,185.97888,3290.9344444444446,-1.0,82.20444444444443,79.21000000000001,47.61000000000001,42.25,126.18777777777775
2024-03-05 14:01:15,-1.0,5.77746466666819,42.491619233336074,1.8160028666666033,2.0299881333334233,6.406431433333637,5.313718699999488,-1.0,17.281024,53.39136,17.678336,90.148864,196.616192,185.97888,3290.9344444444446,-1.0,82.20444444444443,79.21000000000001,47.61000000000001,42.25,126.18777777777775
2024-03-05 14:01:20,-1.0,5.77746466666819,42.491619233336074,1.8160028666666033,2.0299881333334233,6.406431433333637,5.313718699999488,-1.0,17.281024,53.39136,17.678336,90.148864,196.616192,185.97888,3290.9344444444446,-1.0,82.20444444444443,79.21000000000001,47.61000000000001,42.25,126.18777777777775
2024-03-05 14:01:25,-1.0,5.77746466666819,42.491619233336074,1.8160028666666033,2.0299881333334233,6.406431433333637,5.313718699999488,-1.0,17.281024,53.39136,17.678336,90.148864,196.616192,185.97888,3290.9344444444446,-1.0,82.20444444444443,79.21000000000001,47.61000000000001,42.25,126.18777777777775
2024-03-05 14:01:30,-1.0,5.77746466666819,42.491619233336074,1.3204972333333842,1.7276916000000142,2.981571233333587,5.313718699999488,-1.0,17.281024,53.39136,17.94048,90.148864,196.780032,185.97888,3290.9344444444446,-1.0,82.20444444444443,79.21000000000001,42.684444444444445,70.56,64.0
2024-03-05 14:01:35,-1.0,5.033888766668799,43.86564726666317,1.3204972333333842,1.7276916000000142,2.981571233333587,5.313718699999488,-1.0,17.297408,53.178368,17.94048,90.148864,196.780032,185.97888,3306.249999999999,-1.0,82.20444444444443,229.01777777777772,42.684444444444445,70.56,64.0
2024-03-05 14:01:40,-1.0,5.0338887666688,43.865647266663174,1.3204972333333842,1.7276916000000142,2.981571233333587,2.695311933333263,-1.0,17.297408,53.178368,17.94048,90.148864,196.780032,186.048512,3306.25,-1.0,107.46777777777778,229.01777777777775,42.684444444444445,70.56,64.0
2024-03-05 14:01:45,-1.0,5.0338887666688,43.865647266663174,1.3204972333333842,1.7276916000000142,2.981571233333587,2.695311933333263,-1.0,17.297408,53.178368,17.94048,90.148864,196.780032,186.048512,3306.25,-1.0,107.46777777777778,229.01777777777775,42.684444444444445,70.56,64.0
2024-03-05 14:01:50,-1.0,5.0338887666688,43.865647266663174,1.3204972333333842,1.7276916000000142,2.981571233333587,2.695311933333263,-1.0,17.297408,53.178368,17.94048,90.148864,196.780032,186.048512,3306.25,-1.0,107.46777777777778,229.01777777777775,42.684444444444445,70.56,64.0
2024-03-05 14:01:55,-1.0,5.0338887666688,43.865647266663174,1.3204972333333842,1.7276916000000142,2.981571233333587,2.695311933333263,-1.0,17.297408,53.178368,17.94048,90.148864,196.780032,186.048512,3306.25,-1.0,107.46777777777778,229.01777777777775,42.684444444444445,70.56,64.0
2024-03-05 14:02:00,-1.0,5.0338887666688,43.865647266663174,1.6352444666668002,2.404203066666355,5.049169900000076,2.695311933333263,-1.0,17.297408,53.178368,17.010688,90.148864,196.726784,186.048512,3306.25,-1.0,107.46777777777778,229.01777777777775,22.404444444444444,78.02777777777779,150.47111111111113
2024-03-05 14:02:05,-1.0,5.824693133323914,23.60866753333539,1.6352444666668002,2.404203066666355,5.049169900000076,2.695311933333263,-1.0,17.281024,53.293056,17.010688,90.148864,196.726784,186.048512,2955.734444444444,-1.0,107.46777777777778,68.33777777777776,22.404444444444444,78.02777777777779,150.47111111111113
2024-03-05 14:02:10,-1.0,5.8246931333239145,23.608667533335392,1.6352444666668002,2.404203066666355,5.049169900000076,3.942543366666958,-1.0,17.281024,53.293056,17.010688,90.148864,196.726784,186.171392,2955.7344444444443,-1.0,118.81,68.33777777777779,22.404444444444444,78.02777777777779,150.47111111111113
2024-03-05 14:02:15,-1.0,5.8246931333239145,23.608667533335392,1.6352444666668002,2.404203066666355,5.049169900000076,3.942543366666958,-1.0,17.281024,53.293056,17.010688,90.148864,196.726784,186.171392,2955.7344444444443,-1.0,118.81,68.33777777777779,22.404444444444444,78.02777777777779,150.47111111111113
2024-03-05 14:02:20,-1.0,5.8246931333239145,23.608667533335392,1.6352444666668002,2.404203066666355,5.049169900000076,3.942543366666958,-1.0,17.281024,53.293056,17.010688,90.148864,196.726784,186.171392,2955.7344444444443,-1.0,118.81,68.33777777777779,22.404444444444444,78.02777777777779,150.47111111111113
2024-03-05 14:02:25,-1.0,5.8246931333239145,23.608667533335392,1.6352444666668002,2.404203066666355,5.049169900000076,3.942543366666958,-1.0,17.281024,53.293056,17.010688,90.148864,196.726784,186.171392,2955.7344444444443,-1.0,118.81,68.33777777777779,22.404444444444444,78.02777777777779,150.47111111111113
2024-03-05 14:02:30,-1.0,5.8246931333239145,23.608667533335392,1.712944433333282,2.3944815333337033,4.9844184333333414,3.942543366666958,-1.0,17.281024,53.293056,17.26464,91.303936,200.552448,186.171392,2955.7344444444443,-1.0,118.81,68.33777777777779,34.41777777777777,58.26777777777778,96.69444444444446
2024-03-05 14:02:35,-1.0,5.874192966666668,45.00715453333061,1.712944433333282,2.3944815333337033,4.9844184333333414,3.942543366666958,-1.0,17.281024,53.182464,17.26464,91.303936,200.552448,186.171392,3375.609999999999,-1.0,118.81,200.69444444444437,34.41777777777777,58.26777777777778,96.69444444444446
2024-03-05 14:02:40,-1.0,5.874192966666669,45.00715453333062,1.712944433333282,2.3944815333337033,4.9844184333333414,4.796350433333411,-1.0,17.281024,53.182464,17.26464,91.303936,200.552448,186.322944,3375.61,-1.0,109.55111111111111,200.69444444444443,34.41777777777777,58.26777777777778,96.69444444444446
2024-03-05 14:02:45,-1.0,5.874192966666669,45.00715453333062,1.712944433333282,2.3944815333337033,4.9844184333333414,4.796350433333411,-1.0,17.281024,53.182464,17.26464,91.303936,200.552448,186.322944,3375.61,-1.0,109.55111111111111,200.69444444444443,34.41777777777777,58.26777777777778,96.69444444444446
2024-03-05 14:02:50,-1.0,5.874192966666669,45.00715453333062,1.712944433333282,2.3944815333337033,4.9844184333333414,4.796350433333411,-1.0,17.281024,53.182464,17.26464,91.303936,200.552448,186.322944,3375.61,-1.0,109.55111111111111,200.69444444444443,34.41777777777777,58.26777777777778,96.69444444444446
2024-03-05 14:02:55,-1.0,5.874192966666669,45.00715453333062,1.712944433333282,2.3944815333337033,4.9844184333333414,4.796350433333411,-1.0,17.281024,53.182464,17.26464,91.303936,200.552448,186.322944,3375.61,-1.0,109.55111111111111,200.69444444444443,34.41777777777777,58.26777777777778,96.69444444444446
2024-03-05 14:03:00,-1.0,5.874192966666669,45.00715453333062,2.117841466666685,2.2241009666662612,3.9405319999995445,4.796350433333411,-1.0,17.281024,53.182464,16.584704,90.963968,200.597504,186.322944,3375.61,-1.0,109.55111111111111,200.69444444444443,40.96000000000001,23.04,121.0
2024-03-05 14:03:05,-1.0,3.814170900007714,54.52558163333378,2.117841466666685,2.2241009666662612,3.9405319999995445,4.796350433333411,-1.0,17.297408,53.284864,16.584704,90.963968,200.597504,186.322944,2193.361111111111,-1.0,109.55111111111111,157.92111111111106,40.96000000000001,23.04,121.0
2024-03-05 14:03:10,-1.0,3.8141709000077144,54.525581633333786,2.117841466666685,2.2241009666662612,3.9405319999995445,4.720464099999806,-1.0,17.297408,53.284864,16.584704,90.963968,200.597504,186.454016,2193.3611111111113,-1.0,93.44444444444443,157.92111111111112,40.96000000000001,23.04,121.0
2024-03-05 14:03:15,-1.0,3.8141709000077144,54.525581633333786,2.117841466666685,2.2241009666662612,3.9405319999995445,4.720464099999806,-1.0,17.297408,53.284864,16.584704,90.963968,200.597504,186.454016,2193.3611111111113,-1.0,93.44444444444443,157.92111111111112,40.96000000000001,23.04,121.0
2024-03-05 14:03:20,-1.0,3.8141709000077144,54.525581633333786,2.117841466666685,2.2241009666662612,3.9405319999995445,4.720464099999806,-1.0,17.297408,53.284864,16.584704,90.963968,200.597504,186.454016,2193.3611111111113,-1.0,93.44444444444443,157.92111111111112,40.96000000000001,23.04,121.0
2024-03-05 14:03:25,-1.0,3.8141709000077144,54.525581633333786,2.117841466666685,2.2241009666662612,3.9405319999995445,4.720464099999806,-1.0,17.297408,53.284864,16.584704,90.963968,200.597504,186.454016,2193.3611111111113,-1.0,93.44444444444443,157.92111111111112,40.96000000000001,23.04,121.0
2024-03-05 14:03:30,-1.0,3.8141709000077144,54.525581633333786,1.5359512333333214,2.373875433333694,5.013849699999658,4.720464099999806,-1.0,17.297408,53.284864,16.683008,90.963968,200.76544,186.454016,2193.3611111111113,-1.0,93.44444444444443,157.92111111111112,57.25444444444444,108.16000000000001,211.21777777777777
2024-03-05 14:03:35,-1.0,6.714837466658232,40.97069876666713,1.5359512333333214,2.373875433333694,5.013849699999658,4.720464099999806,-1.0,17.281024,53.43232,16.683008,90.963968,200.76544,186.454016,2490.0099999999993,-1.0,93.44444444444443,88.98777777777775,57.25444444444444,108.16000000000001,211.21777777777777
2024-03-05 14:03:40,-1.0,6.714837466658233,40.970698766667134,1.5359512333333214,2.373875433333694,5.013849699999658,4.459085800000177,-1.0,17.281024,53.43232,16.683008,90.963968,200.76544,186.576896,2490.0099999999998,-1.0,52.321111111111115,88.98777777777778,57.25444444444444,108.16000000000001,211.21777777777777
2024-03-05 14:03:45,-1.0,6.714837466658233,40.970698766667134,1.5359512333333214,2.373875433333694,5.013849699999658,4.459085800000177,-1.0,17.281024,53.43232,16.683008,90.963968,200.76544,186.576896,2490.0099999999998,-1.0,52.321111111111115,88.98777777777778,57.25444444444444,108.16000000000001,211.21777777777777
2024-03-05 14:03:50,-1.0,6.714837466658233,40.970698766667134,1.5359512333333214,2.373875433333694,5.013849699999658,4.459085800000177,-1.0,17.281024,53.43232,16.683008,90.963968,200.76544,186.576896,2490.0099999999998,-1.0,52.321111111111115,88.98777777777778,57.25444444444444,108.16000000000001,211.21777777777777
2024-03-05 14:03:55,-1.0,6.714837466658233,40.970698766667134,1.5359512333333214,2.373875433333694,5.013849699999658,4.459085800000177,-1.0,17.281024,53.43232,16.683008,90.963968,200.76544,186.576896,2490.0099999999998,-1.0,52.321111111111115,88.98777777777778,57.25444444444444,108.16000000000001,211.21777777777777
2024-03-05 14:04:00,-1.0,6.714837466658233,40.970698766667134,1.460061633333254,1.3039480999997484,4.836328733334009,4.459085800000177,-1.0,17.281024,53.43232,16.211968,90.374144,200.937472,186.576896,2490.0099999999998,-1.0,52.321111111111115,88.98777777777778,28.09,54.26777777777777,49.467777777777776
