timestamp,details-v1-b788479c5-bbg6t_cpu,productpage-v1-7fb564989f-lvdk6_cpu,ratings-v1-5b6b66f9b5-n4ddg_cpu,ratings-v1-5b6b66f9b5-7bln6_cpu,reviews-v1-7b76c4f45d-x9mxc_cpu,reviews-v3-5fd56449d8-tv4wp_cpu,reviews-v2-6ccf99c555-fqvhb_cpu,details-v1-b788479c5-bbg6t_memory,productpage-v1-7fb564989f-lvdk6_memory,ratings-v1-5b6b66f9b5-n4ddg_memory,ratings-v1-5b6b66f9b5-7bln6_memory,reviews-v1-7b76c4f45d-x9mxc_memory,reviews-v3-5fd56449d8-tv4wp_memory,reviews-v2-6ccf99c555-fqvhb_memory,details-v1-b788479c5-bbg6t_network,reviews-v3-5fd56449d8-tv4wp_network,productpage-v1-7fb564989f-lvdk6_network,reviews-v2-6ccf99c555-fqvhb_network,ratings-v1-5b6b66f9b5-7bln6_network,ratings-v1-5b6b66f9b5-n4ddg_network,reviews-v1-7b76c4f45d-x9mxc_network
2024-03-06 01:45:03,5.683928799999194,28.853400466664425,1.671843566661361,-1.0,1.4093996666673547,43.172509133334344,4.057013833335077,24.133632,55.222272,15.683584,-1.0,85.87264,334.372864,322.453504,96.69444444444446,50.41,4242.351111111112,144.8011111111111,-1.0,67.24,47.151111111111106
2024-03-06 01:45:08,5.683928799999194,28.853400466664425,1.671843566661361,-1.0,1.4093996666673547,43.172509133334344,4.057013833335077,24.133632,55.222272,15.683584,-1.0,85.87264,334.372864,322.453504,96.69444444444446,50.41,4242.351111111112,144.8011111111111,-1.0,67.24,47.151111111111106
2024-03-06 01:45:13,5.683928799999194,28.853400466664425,1.671843566661361,-1.0,1.4093996666673547,43.172509133334344,4.057013833335077,24.133632,55.222272,15.683584,-1.0,85.87264,334.372864,322.453504,96.69444444444446,50.41,4242.351111111112,144.8011111111111,-1.0,67.24,47.151111111111106
2024-03-06 01:45:18,5.9892605333213105,63.616195700001306,1.671843566661361,-1.0,1.4093996666673547,43.172509133334344,5.595774566666023,24.117248,55.0912,15.683584,-1.0,85.87264,334.372864,322.584576,148.84000000000003,50.41,6368.040000000002,296.9877777777778,-1.0,67.24,47.151111111111106
2024-03-06 01:45:23,5.9892605333213105,63.616195700001306,1.697984633339426,-1.0,2.7910726666666124,5.428019699998761,5.595774566666023,24.117248,55.0912,14.839808,-1.0,85.87264,334.483456,322.584576,148.84000000000003,294.69444444444446,6368.040000000002,296.9877777777778,-1.0,68.33777777777779,82.80999999999999
2024-03-06 01:45:28,5.98926053332131,63.61619570000129,1.697984633339426,-1.0,2.7910726666666124,5.428019699998761,5.595774566666023,24.117248,55.0912,14.839808,-1.0,85.87264,334.483456,322.584576,148.83999999999997,294.69444444444446,6368.04,296.9877777777778,-1.0,68.33777777777779,82.80999999999999
2024-03-06 01:45:33,5.98926053332131,63.61619570000129,1.697984633339426,-1.0,2.7910726666666124,5.428019699998761,5.595774566666023,24.117248,55.0912,14.839808,-1.0,85.87264,334.483456,322.584576,148.83999999999997,294.69444444444446,6368.04,296.9877777777778,-1.0,68.33777777777779,82.80999999999999
2024-03-06 01:45:38,5.98926053332131,63.61619570000129,1.697984633339426,-1.0,2.7910726666666124,5.428019699998761,5.595774566666023,24.117248,55.0912,14.839808,-1.0,85.87264,334.483456,322.584576,148.83999999999997,294.69444444444446,6368.04,296.9877777777778,-1.0,68.33777777777779,82.80999999999999
2024-03-06 01:45:43,5.98926053332131,63.61619570000129,1.697984633339426,-1.0,2.7910726666666124,5.428019699998761,5.595774566666023,24.117248,55.0912,14.839808,-1.0,85.87264,334.483456,322.584576,148.83999999999997,294.69444444444446,6368.04,296.9877777777778,-1.0,68.33777777777779,82.80999999999999
2024-03-06 01:45:48,6.152404233337924,22.778498033335385,1.697984633339426,-1.0,2.7910726666666124,5.428019699998761,4.058240233333285,24.117248,55.0912,14.839808,-1.0,85.87264,334.483456,322.736128,162.13777777777784,294.69444444444446,3648.1600000000017,70.56,-1.0,68.33777777777779,82.80999999999999
2024-03-06 01:45:53,6.152404233337924,22.778498033335385,1.6948648000000806,-1.0,2.022926033332813,3.2742873666677497,4.058240233333285,24.117248,55.0912,15.077376,-1.0,86.03648,334.139392,322.736128,162.13777777777784,142.40444444444444,3648.1600000000017,70.56,-1.0,52.321111111111115,59.80444444444444
2024-03-06 01:45:58,6.152404233337923,22.77849803333538,1.6948648000000806,-1.0,2.022926033332813,3.2742873666677497,4.058240233333285,24.117248,55.0912,15.077376,-1.0,86.03648,334.139392,322.736128,162.13777777777776,142.40444444444444,3648.16,70.56,-1.0,52.321111111111115,59.80444444444444
2024-03-06 01:46:03,6.152404233337923,22.77849803333538,1.6948648000000806,-1.0,2.022926033332813,3.2742873666677497,4.058240233333285,24.117248,55.0912,15.077376,-1.0,86.03648,334.139392,322.736128,162.13777777777776,142.40444444444444,3648.16,70.56,-1.0,52.321111111111115,59.80444444444444
2024-03-06 01:46:08,6.152404233337923,22.77849803333538,1.6948648000000806,-1.0,2.022926033332813,3.2742873666677497,4.058240233333285,24.117248,55.0912,15.077376,-1.0,86.03648,334.139392,322.736128,162.13777777777776,142.40444444444444,3648.16,70.56,-1.0,52.321111111111115,59.80444444444444
2024-03-06 01:46:13,6.152404233337923,22.77849803333538,1.6948648000000806,-1.0,2.022926033332813,3.2742873666677497,4.058240233333285,24.117248,55.0912,15.077376,-1.0,86.03648,334.139392,322.736128,162.13777777777776,142.40444444444444,3648.16,70.56,-1.0,52.321111111111115,59.80444444444444
2024-03-06 01:46:18,3.8877392666715127,65.77071259999533,1.6948648000000806,-1.0,2.022926033332813,3.2742873666677497,4.539516433332362,24.133632,55.304192,15.077376,-1.0,86.03648,334.139392,322.850816,188.60444444444457,142.40444444444444,3039.684444444446,292.41,-1.0,52.321111111111115,59.80444444444444
2024-03-06 01:46:23,3.8877392666715127,65.77071259999533,1.917472199996458,-1.0,1.6424587333337588,5.636801199998823,4.539516433332362,24.133632,55.304192,14.696448,-1.0,86.03648,334.340096,322.850816,188.60444444444457,92.8011111111111,3039.684444444446,292.41,-1.0,61.36111111111111,68.33777777777779
2024-03-06 01:46:28,3.887739266671512,65.77071259999532,1.917472199996458,-1.0,1.6424587333337588,5.636801199998823,4.539516433332362,24.133632,55.304192,14.696448,-1.0,86.03648,334.340096,322.850816,188.60444444444443,92.8011111111111,3039.6844444444446,292.41,-1.0,61.36111111111111,68.33777777777779
2024-03-06 01:46:33,3.887739266671512,65.77071259999532,1.917472199996458,-1.0,1.6424587333337588,5.636801199998823,4.539516433332362,24.133632,55.304192,14.696448,-1.0,86.03648,334.340096,322.850816,188.60444444444443,92.8011111111111,3039.6844444444446,292.41,-1.0,61.36111111111111,68.33777777777779
2024-03-06 01:46:38,3.887739266671512,65.77071259999532,1.917472199996458,-1.0,1.6424587333337588,5.636801199998823,4.539516433332362,24.133632,55.304192,14.696448,-1.0,86.03648,334.340096,322.850816,188.60444444444443,92.8011111111111,3039.6844444444446,292.41,-1.0,61.36111111111111,68.33777777777779
2024-03-06 01:46:43,3.887739266671512,65.77071259999532,1.917472199996458,-1.0,1.6424587333337588,5.636801199998823,4.539516433332362,24.133632,55.304192,14.696448,-1.0,86.03648,334.340096,322.850816,188.60444444444443,92.8011111111111,3039.6844444444446,292.41,-1.0,61.36111111111111,68.33777777777779
2024-03-06 01:46:48,6.52043809999062,48.913125466666926,1.917472199996458,-1.0,1.6424587333337588,5.636801199998823,5.293154435780751,24.12544,55.205888,14.696448,-1.0,86.03648,334.340096,323.03104,193.21000000000012,92.8011111111111,1354.2400000000002,174.17032490322572,-1.0,61.36111111111111,68.33777777777779
2024-03-06 01:46:53,6.52043809999062,48.913125466666926,2.0375415333319324,-1.0,2.417313266666573,5.49581830000155,5.293154435780751,24.12544,55.205888,15.147008,-1.0,86.15936,334.184448,323.03104,193.21000000000012,221.01777777777778,1354.2400000000002,174.17032490322572,-1.0,75.68999999999998,48.534444444444446
2024-03-06 01:46:58,6.520438099990618,48.91312546666692,2.0375415333319324,-1.0,2.417313266666573,5.49581830000155,5.293154435780751,24.12544,55.205888,15.147008,-1.0,86.15936,334.184448,323.03104,193.21,221.01777777777778,1354.2399999999998,174.17032490322572,-1.0,75.68999999999998,48.534444444444446
2024-03-06 01:47:03,6.520438099990618,48.91312546666692,2.0375415333319324,-1.0,2.417313266666573,5.49581830000155,5.293154435780751,24.12544,55.205888,15.147008,-1.0,86.15936,334.184448,323.03104,193.21,221.01777777777778,1354.2399999999998,174.17032490322572,-1.0,75.68999999999998,48.534444444444446
2024-03-06 01:47:08,6.520438099990618,48.91312546666692,2.0375415333319324,-1.0,2.417313266666573,5.49581830000155,5.293154435780751,24.12544,55.205888,15.147008,-1.0,86.15936,334.184448,323.03104,193.21,221.01777777777778,1354.2399999999998,174.17032490322572,-1.0,75.68999999999998,48.534444444444446
2024-03-06 01:47:13,6.520438099990618,48.91312546666692,2.0375415333319324,-1.0,2.417313266666573,5.49581830000155,5.293154435780751,24.12544,55.205888,15.147008,-1.0,86.15936,334.184448,323.03104,193.21,221.01777777777778,1354.2399999999998,174.17032490322572,-1.0,75.68999999999998,48.534444444444446
2024-03-06 01:47:18,4.989900533337278,28.243804066664786,2.0375415333319324,-1.0,2.417313266666573,5.49581830000155,3.870918283656793,24.141824,55.156736,15.147008,-1.0,86.15936,334.184448,323.129344,135.33444444444447,221.01777777777778,3839.86777777778,84.06139897491178,-1.0,75.68999999999998,48.534444444444446
2024-03-06 01:47:23,4.989900533337278,28.243804066664786,1.8109477333382529,-1.0,2.480969933333199,4.595396133332012,3.870918283656793,24.141824,55.156736,14.516224,-1.0,86.15936,334.286848,323.129344,135.33444444444447,43.121111111111105,3839.86777777778,84.06139897491178,-1.0,45.78777777777778,112.36
2024-03-06 01:47:28,4.989900533337277,28.24380406666478,1.8109477333382529,-1.0,2.480969933333199,4.595396133332012,3.870918283656793,24.141824,55.156736,14.516224,-1.0,86.15936,334.286848,323.129344,135.33444444444444,43.121111111111105,3839.867777777778,84.06139897491178,-1.0,45.78777777777778,112.36
2024-03-06 01:47:33,4.989900533337277,28.24380406666478,1.8109477333382529,-1.0,2.480969933333199,4.595396133332012,3.870918283656793,24.141824,55.156736,14.516224,-1.0,86.15936,334.286848,323.129344,135.33444444444444,43.121111111111105,3839.867777777778,84.06139897491178,-1.0,45.78777777777778,112.36
2024-03-06 01:47:38,4.989900533337277,28.24380406666478,1.8109477333382529,-1.0,2.480969933333199,4.595396133332012,3.870918283656793,24.141824,55.156736,14.516224,-1.0,86.15936,334.286848,323.129344,135.33444444444444,43.121111111111105,3839.867777777778,84.06139897491178,-1.0,45.78777777777778,112.36
2024-03-06 01:47:43,4.989900533337277,28.24380406666478,1.8109477333382529,-1.0,2.480969933333199,4.595396133332012,3.870918283656793,24.141824,55.156736,14.516224,-1.0,86.15936,334.286848,323.129344,135.33444444444444,43.121111111111105,3839.867777777778,84.06139897491178,-1.0,45.78777777777778,112.36
2024-03-06 01:47:48,7.1334801666732055,60.38863680000003,1.8109477333382529,-1.0,2.480969933333199,4.595396133332012,4.692939733333409,24.12544,55.205888,14.516224,-1.0,86.15936,334.286848,323.21536,321.6044444444446,43.121111111111105,5821.690000000001,216.08999999999997,-1.0,45.78777777777778,112.36
2024-03-06 01:47:53,7.1334801666732055,60.38863680000003,1.6590335666630078,-1.0,1.7411211666664408,5.648015900000776,4.692939733333409,24.12544,55.205888,14.852096,-1.0,86.15936,334.446592,323.21536,321.6044444444446,122.4711111111111,5821.690000000001,216.08999999999997,-1.0,154.58777777777777,28.444444444444443
2024-03-06 01:47:58,7.133480166673204,60.388636800000015,1.6590335666630078,-1.0,1.7411211666664408,5.648015900000776,4.692939733333409,24.12544,55.205888,14.852096,-1.0,86.15936,334.446592,323.21536,321.6044444444444,122.4711111111111,5821.69,216.08999999999997,-1.0,154.58777777777777,28.444444444444443
2024-03-06 01:48:03,7.133480166673204,60.388636800000015,1.6590335666630078,-1.0,1.7411211666664408,5.648015900000776,4.692939733333409,24.12544,55.205888,14.852096,-1.0,86.15936,334.446592,323.21536,321.6044444444444,122.4711111111111,5821.69,216.08999999999997,-1.0,154.58777777777777,28.444444444444443
2024-03-06 01:48:08,7.133480166673204,60.388636800000015,1.6590335666630078,-1.0,1.7411211666664408,5.648015900000776,4.692939733333409,24.12544,55.205888,14.852096,-1.0,86.15936,334.446592,323.21536,321.6044444444444,122.4711111111111,5821.69,216.08999999999997,-1.0,154.58777777777777,28.444444444444443
2024-03-06 01:48:13,7.133480166673204,60.388636800000015,1.6590335666630078,-1.0,1.7411211666664408,5.648015900000776,4.692939733333409,24.12544,55.205888,14.852096,-1.0,86.15936,334.446592,323.21536,321.6044444444444,122.4711111111111,5821.69,216.08999999999997,-1.0,154.58777777777777,28.444444444444443
2024-03-06 01:48:18,4.647906899996695,44.80938110000353,1.6590335666630078,-1.0,1.7411211666664408,5.648015900000776,4.6017944999997935,24.141824,55.205888,14.852096,-1.0,86.15936,334.446592,323.284992,43.121111111111134,122.4711111111111,3310.084444444446,201.64,-1.0,154.58777777777777,28.444444444444443
2024-03-06 01:48:23,4.647906899996695,44.80938110000353,0.9581397999985105,-1.0,2.0273239666674194,5.981198466666153,4.6017944999997935,24.141824,55.205888,14.688256,-1.0,86.15936,334.56128,323.284992,43.121111111111134,170.73777777777778,3310.084444444446,201.64,-1.0,45.78777777777778,59.290000000000006
2024-03-06 01:48:28,4.647906899996694,44.80938110000352,0.9581397999985105,-1.0,2.0273239666674194,5.981198466666153,4.6017944999997935,24.141824,55.205888,14.688256,-1.0,86.15936,334.56128,323.284992,43.121111111111105,170.73777777777778,3310.084444444444,201.64,-1.0,45.78777777777778,59.290000000000006
2024-03-06 01:48:33,4.647906899996694,44.80938110000352,0.9581397999985105,-1.0,2.0273239666674194,5.981198466666153,4.6017944999997935,24.141824,55.205888,14.688256,-1.0,86.15936,334.56128,323.284992,43.121111111111105,170.73777777777778,3310.084444444444,201.64,-1.0,45.78777777777778,59.290000000000006
2024-03-06 01:48:38,4.647906899996694,44.80938110000352,0.9581397999985105,-1.0,2.0273239666674194,5.981198466666153,4.6017944999997935,24.141824,55.205888,14.688256,-1.0,86.15936,334.56128,323.284992,43.121111111111105,170.73777777777778,3310.084444444444,201.64,-1.0,45.78777777777778,59.290000000000006
2024-03-06 01:48:43,4.647906899996694,44.80938110000352,0.9581397999985105,-1.0,2.0273239666674194,5.981198466666153,4.6017944999997935,24.141824,55.205888,14.688256,-1.0,86.15936,334.56128,323.284992,43.121111111111105,170.73777777777778,3310.084444444444,201.64,-1.0,45.78777777777778,59.290000000000006
2024-03-06 01:48:48,5.231225799995325,37.396894066667606,0.9581397999985105,-1.0,2.0273239666674194,5.981198466666153,3.7924121333333005,24.12544,55.0912,14.688256,-1.0,86.15936,334.56128,323.35872,258.1377777777779,170.73777777777778,2717.8844444444458,275.56000000000006,-1.0,45.78777777777778,59.290000000000006
2024-03-06 01:48:53,5.231225799995325,37.396894066667606,1.845530666666188,-1.0,1.6773382999995572,3.0559312333328608,3.7924121333333005,24.12544,55.0912,15.142912,-1.0,86.15936,334.688256,323.35872,258.1377777777779,159.6011111111111,2717.8844444444458,275.56000000000006,-1.0,68.89000000000001,76.85444444444445
2024-03-06 01:48:58,5.231225799995324,37.3968940666676,1.845530666666188,-1.0,1.6773382999995572,3.0559312333328608,3.7924121333333005,24.12544,55.0912,15.142912,-1.0,86.15936,334.688256,323.35872,258.1377777777778,159.6011111111111,2717.8844444444444,275.56000000000006,-1.0,68.89000000000001,76.85444444444445
2024-03-06 01:49:03,5.231225799995324,37.3968940666676,1.845530666666188,-1.0,1.6773382999995572,3.0559312333328608,3.7924121333333005,24.12544,55.0912,15.142912,-1.0,86.15936,334.688256,323.35872,258.1377777777778,159.6011111111111,2717.8844444444444,275.56000000000006,-1.0,68.89000000000001,76.85444444444445
2024-03-06 01:49:08,5.231225799995324,37.3968940666676,1.845530666666188,-1.0,1.6773382999995572,3.0559312333328608,3.7924121333333005,24.12544,55.0912,15.142912,-1.0,86.15936,334.688256,323.35872,258.1377777777778,159.6011111111111,2717.8844444444444,275.56000000000006,-1.0,68.89000000000001,76.85444444444445
2024-03-06 01:49:13,5.231225799995324,37.3968940666676,1.845530666666188,-1.0,1.6773382999995572,3.0559312333328608,3.7924121333333005,24.12544,55.0912,15.142912,-1.0,86.15936,334.688256,323.35872,258.1377777777778,159.6011111111111,2717.8844444444444,275.56000000000006,-1.0,68.89000000000001,76.85444444444445
2024-03-06 01:49:18,6.318160800007416,46.713113833334326,1.845530666666188,-1.0,1.6773382999995572,3.0559312333328608,5.178868599999001,24.12544,55.0912,15.142912,-1.0,86.15936,334.688256,323.50208,138.4544444444445,159.6011111111111,5069.440000000002,197.8711111111111,-1.0,68.89000000000001,76.85444444444445
2024-03-06 01:49:23,6.318160800007416,46.713113833334326,2.11757500000355,-1.0,3.0567599000003534,5.574510000000524,5.178868599999001,24.12544,55.0912,14.712832,-1.0,86.294528,334.548992,323.50208,138.4544444444445,236.13444444444445,5069.440000000002,197.8711111111111,-1.0,39.69,59.290000000000006
2024-03-06 01:49:28,6.318160800007414,46.71311383333432,2.11757500000355,-1.0,3.0567599000003534,5.574510000000524,5.178868599999001,24.12544,55.0912,14.712832,-1.0,86.294528,334.548992,323.50208,138.45444444444448,236.13444444444445,5069.4400000000005,197.8711111111111,-1.0,39.69,59.290000000000006
2024-03-06 01:49:33,6.318160800007414,46.71311383333432,2.11757500000355,-1.0,3.0567599000003534,5.574510000000524,5.178868599999001,24.12544,55.0912,14.712832,-1.0,86.294528,334.548992,323.50208,138.45444444444448,236.13444444444445,5069.4400000000005,197.8711111111111,-1.0,39.69,59.290000000000006
2024-03-06 01:49:38,6.318160800007414,46.71311383333432,2.11757500000355,-1.0,3.0567599000003534,5.574510000000524,5.178868599999001,24.12544,55.0912,14.712832,-1.0,86.294528,334.548992,323.50208,138.45444444444448,236.13444444444445,5069.4400000000005,197.8711111111111,-1.0,39.69,59.290000000000006
2024-03-06 01:49:43,6.318160800007414,46.71311383333432,2.11757500000355,-1.0,3.0567599000003534,5.574510000000524,5.178868599999001,24.12544,55.0912,14.712832,-1.0,86.294528,334.548992,323.50208,138.45444444444448,236.13444444444445,5069.4400000000005,197.8711111111111,-1.0,39.69,59.290000000000006
2024-03-06 01:49:48,5.7822608999989225,37.915930666667926,2.11757500000355,-1.0,3.0567599000003534,5.574510000000524,4.409135333334765,24.12544,55.205888,14.712832,-1.0,86.294528,334.548992,323.657728,160.44444444444449,236.13444444444445,4113.084444444447,43.559999999999995,-1.0,39.69,59.290000000000006
2024-03-06 01:49:53,5.7822608999989225,37.915930666667926,1.850036799995299,-1.0,1.375222033332572,4.18281893333301,4.409135333334765,24.12544,55.205888,15.200256,-1.0,86.294528,334.626816,323.657728,160.44444444444449,129.20111111111112,4113.084444444447,43.559999999999995,-1.0,108.16000000000001,78.61777777777779
2024-03-06 01:49:58,5.782260899998922,37.91593066666792,1.850036799995299,-1.0,1.375222033332572,4.18281893333301,4.409135333334765,24.12544,55.205888,15.200256,-1.0,86.294528,334.626816,323.657728,160.44444444444443,129.20111111111112,4113.084444444446,43.559999999999995,-1.0,108.16000000000001,78.61777777777779
2024-03-06 01:50:03,5.782260899998922,37.91593066666792,1.850036799995299,-1.0,1.375222033332572,4.18281893333301,4.409135333334765,24.12544,55.205888,15.200256,-1.0,86.294528,334.626816,323.657728,160.44444444444443,129.20111111111112,4113.084444444446,43.559999999999995,-1.0,108.16000000000001,78.61777777777779
2024-03-06 01:50:08,5.782260899998922,37.91593066666792,1.850036799995299,-1.0,1.375222033332572,4.18281893333301,4.409135333334765,24.12544,55.205888,15.200256,-1.0,86.294528,334.626816,323.657728,160.44444444444443,129.20111111111112,4113.084444444446,43.559999999999995,-1.0,108.16000000000001,78.61777777777779
2024-03-06 01:50:13,5.782260899998922,37.91593066666792,1.850036799995299,-1.0,1.375222033332572,4.18281893333301,4.409135333334765,24.12544,55.205888,15.200256,-1.0,86.294528,334.626816,323.657728,160.44444444444443,129.20111111111112,4113.084444444446,43.559999999999995,-1.0,108.16000000000001,78.61777777777779
2024-03-06 01:50:18,4.518141066667645,36.977632233326105,1.850036799995299,-1.0,1.375222033332572,4.18281893333301,4.517881466665585,24.12544,55.205888,15.200256,-1.0,86.294528,334.626816,323.784704,179.56000000000012,129.20111111111112,3721.000000000002,296.9877777777778,-1.0,108.16000000000001,78.61777777777779
2024-03-06 01:50:23,4.518141066667645,36.977632233326105,1.0670856666668744,-1.0,2.9349923666671884,4.5918619000000644,4.517881466665585,24.12544,55.205888,15.0528,-1.0,86.294528,334.76608,323.784704,179.56000000000012,147.21777777777777,3721.000000000002,296.9877777777778,-1.0,68.33777777777779,47.151111111111106
2024-03-06 01:50:28,4.518141066667644,36.9776322333261,1.0670856666668744,-1.0,2.9349923666671884,4.5918619000000644,4.517881466665585,24.12544,55.205888,15.0528,-1.0,86.294528,334.76608,323.784704,179.56,147.21777777777777,3721.0,296.9877777777778,-1.0,68.33777777777779,47.151111111111106
2024-03-06 01:50:33,4.518141066667644,36.9776322333261,1.0670856666668744,-1.0,2.9349923666671884,4.5918619000000644,4.517881466665585,24.12544,55.205888,15.0528,-1.0,86.294528,334.76608,323.784704,179.56,147.21777777777777,3721.0,296.9877777777778,-1.0,68.33777777777779,47.151111111111106
2024-03-06 01:50:38,4.518141066667644,36.9776322333261,1.0670856666668744,-1.0,2.9349923666671884,4.5918619000000644,4.517881466665585,24.12544,55.205888,15.0528,-1.0,86.294528,334.76608,323.784704,179.56,147.21777777777777,3721.0,296.9877777777778,-1.0,68.33777777777779,47.151111111111106
2024-03-06 01:50:43,4.518141066667644,36.9776322333261,1.0670856666668744,-1.0,2.9349923666671884,4.5918619000000644,4.517881466665585,24.12544,55.205888,15.0528,-1.0,86.294528,334.76608,323.784704,179.56,147.21777777777777,3721.0,296.9877777777778,-1.0,68.33777777777779,47.151111111111106
2024-03-06 01:50:48,6.497843300000267,42.31972816667167,1.0670856666668744,-1.0,2.9349923666671884,4.5918619000000644,2.5609448000011525,24.141824,55.0912,15.0528,-1.0,86.294528,334.76608,324.001792,56.25000000000003,147.21777777777777,3893.7600000000016,64.53444444444445,-1.0,68.33777777777779,47.151111111111106
2024-03-06 01:50:53,6.497843300000267,42.31972816667167,2.551153400001264,-1.0,1.089847199999857,32.52791619999963,2.5609448000011525,24.141824,55.0912,15.09376,-1.0,86.294528,335.069184,324.001792,56.25000000000003,169.0,3893.7600000000016,64.53444444444445,-1.0,45.78777777777778,57.76
2024-03-06 01:50:58,6.497843300000265,42.319728166671666,2.551153400001264,-1.0,1.089847199999857,32.52791619999963,2.5609448000011525,24.141824,55.0912,15.09376,-1.0,86.294528,335.069184,324.001792,56.25,169.0,3893.7599999999998,64.53444444444445,-1.0,45.78777777777778,57.76
2024-03-06 01:51:03,6.497843300000265,42.319728166671666,2.551153400001264,-1.0,1.089847199999857,32.52791619999963,2.5609448000011525,24.141824,55.0912,15.09376,-1.0,86.294528,335.069184,324.001792,56.25,169.0,3893.7599999999998,64.53444444444445,-1.0,45.78777777777778,57.76
2024-03-06 01:51:08,6.497843300000265,42.319728166671666,2.551153400001264,-1.0,1.089847199999857,32.52791619999963,2.5609448000011525,24.141824,55.0912,15.09376,-1.0,86.294528,335.069184,324.001792,56.25,169.0,3893.7599999999998,64.53444444444445,-1.0,45.78777777777778,57.76
2024-03-06 01:51:13,6.497843300000265,42.319728166671666,2.551153400001264,-1.0,1.089847199999857,32.52791619999963,2.5609448000011525,24.141824,55.0912,15.09376,-1.0,86.294528,335.069184,324.001792,56.25,169.0,3893.7599999999998,64.53444444444445,-1.0,45.78777777777778,57.76
2024-03-06 01:51:18,4.784857699868013,46.16655633685552,2.551153400001264,-1.0,1.089847199999857,32.52791619999963,5.678278499999578,24.141824,55.41888,15.09376,-1.0,86.294528,335.069184,324.018176,172.40397986740075,169.0,1466.2056908508487,189.52111111111114,-1.0,45.78777777777778,57.76
2024-03-06 01:51:23,4.784857699868013,46.16655633685552,1.7125014000005954,-1.0,2.628760333333465,3.11489560000003,5.678278499999578,24.141824,55.41888,15.499264,-1.0,86.26176,334.778368,324.018176,172.40397986740075,71.12111111111112,1466.2056908508487,189.52111111111114,-1.0,72.25,94.73777777777777
2024-03-06 01:51:28,4.784857699868013,46.16655633685552,1.7125014000005954,-1.0,2.628760333333465,3.11489560000003,5.678278499999578,24.141824,55.41888,15.499264,-1.0,86.26176,334.778368,324.018176,172.40397986740075,71.12111111111112,1466.2056908508487,189.52111111111114,-1.0,72.25,94.73777777777777
2024-03-06 01:51:33,4.784857699868013,46.16655633685552,1.7125014000005954,-1.0,2.628760333333465,3.11489560000003,5.678278499999578,24.141824,55.41888,15.499264,-1.0,86.26176,334.778368,324.018176,172.40397986740075,71.12111111111112,1466.2056908508487,189.52111111111114,-1.0,72.25,94.73777777777777
2024-03-06 01:51:38,4.784857699868013,46.16655633685552,1.7125014000005954,-1.0,2.628760333333465,3.11489560000003,5.678278499999578,24.141824,55.41888,15.499264,-1.0,86.26176,334.778368,324.018176,172.40397986740075,71.12111111111112,1466.2056908508487,189.52111111111114,-1.0,72.25,94.73777777777777
2024-03-06 01:51:43,4.784857699868013,46.16655633685552,1.7125014000005954,-1.0,2.628760333333465,3.11489560000003,5.678278499999578,24.141824,55.41888,15.499264,-1.0,86.26176,334.778368,324.018176,172.40397986740075,71.12111111111112,1466.2056908508487,189.52111111111114,-1.0,72.25,94.73777777777777
2024-03-06 01:51:48,7.839740005998082,52.646693295100505,1.7125014000005954,-1.0,2.628760333333465,3.11489560000003,3.8400674999991224,24.141824,55.287808,15.499264,-1.0,86.26176,334.778368,324.108288,163.06386537036244,71.12111111111112,4450.966875544836,186.77777777777777,-1.0,72.25,94.73777777777777
2024-03-06 01:51:53,7.839740005998082,52.646693295100505,265.3503379666669,-1.0,12.534152166666482,15.642163733334275,3.8400674999991224,24.141824,55.287808,719.286272,-1.0,82.61632,325.03808,324.108288,163.06386537036244,385.46777777777777,4450.966875544836,186.77777777777777,-1.0,126.18777777777775,62.410000000000004
2024-03-06 01:51:58,7.839740005998082,52.646693295100505,265.3503379666669,-1.0,12.534152166666482,15.642163733334275,3.8400674999991224,24.141824,55.287808,719.286272,-1.0,82.61632,325.03808,324.108288,163.06386537036244,385.46777777777777,4450.966875544836,186.77777777777777,-1.0,126.18777777777775,62.410000000000004
2024-03-06 01:52:03,7.839740005998082,52.646693295100505,265.3503379666669,-1.0,12.534152166666482,15.642163733334275,3.8400674999991224,24.141824,55.287808,719.286272,-1.0,82.61632,325.03808,324.108288,163.06386537036244,385.46777777777777,4450.966875544836,186.77777777777777,-1.0,126.18777777777775,62.410000000000004
2024-03-06 01:52:08,7.839740005998082,52.646693295100505,265.3503379666669,-1.0,12.534152166666482,15.642163733334275,3.8400674999991224,24.141824,55.287808,719.286272,-1.0,82.61632,325.03808,324.108288,163.06386537036244,385.46777777777777,4450.966875544836,186.77777777777777,-1.0,126.18777777777775,62.410000000000004
2024-03-06 01:52:13,7.839740005998082,52.646693295100505,265.3503379666669,-1.0,12.534152166666482,15.642163733334275,3.8400674999991224,24.141824,55.287808,719.286272,-1.0,82.61632,325.03808,324.108288,163.06386537036244,385.46777777777777,4450.966875544836,186.77777777777777,-1.0,126.18777777777775,62.410000000000004
2024-03-06 01:52:18,4.099374600006438,38.10842836666477,265.3503379666669,-1.0,12.534152166666482,15.642163733334275,9.798154812691132,24.158208,56.172544,719.286272,-1.0,82.61632,325.03808,327.630848,129.96000000000004,385.46777777777777,5490.810000000001,473.6614596345605,-1.0,126.18777777777775,62.410000000000004
2024-03-06 01:52:23,4.099374600006438,38.10842836666477,0.0,-1.0,1.4319467333336888,14.501943933333905,9.798154812691132,24.158208,56.172544,1.29024,-1.0,87.7568,332.41088,327.630848,129.96000000000004,203.5377777777778,5490.810000000001,473.6614596345605,-1.0,574.401111111111,12.017777777777779
2024-03-06 01:52:28,4.0993746000064375,38.10842836666476,0.0,-1.0,1.4319467333336888,14.501943933333905,9.798154812691132,24.158208,56.172544,1.29024,-1.0,87.7568,332.41088,327.630848,129.96,203.5377777777778,5490.8099999999995,473.6614596345605,-1.0,574.401111111111,12.017777777777779
2024-03-06 01:52:33,4.0993746000064375,38.10842836666476,0.0,-1.0,1.4319467333336888,14.501943933333905,9.798154812691132,24.158208,56.172544,1.29024,-1.0,87.7568,332.41088,327.630848,129.96,203.5377777777778,5490.8099999999995,473.6614596345605,-1.0,574.401111111111,12.017777777777779
2024-03-06 01:52:38,4.0993746000064375,38.10842836666476,0.0,-1.0,1.4319467333336888,14.501943933333905,9.798154812691132,24.158208,56.172544,1.29024,-1.0,87.7568,332.41088,327.630848,129.96,203.5377777777778,5490.8099999999995,473.6614596345605,-1.0,574.401111111111,12.017777777777779
2024-03-06 01:52:43,4.0993746000064375,38.10842836666476,0.0,0.0,1.4319467333336888,14.501943933333905,9.798154812691132,24.158208,56.172544,1.29024,0.0,87.7568,332.41088,327.630848,129.96,203.5377777777778,5490.8099999999995,473.6614596345605,0.0,574.401111111111,12.017777777777779
2024-03-06 01:52:48,4.929318566655639,43.50478000000446,0.0,0.0,1.4319467333336888,14.501943933333905,5.287848694956697,24.12544,55.82848,1.29024,1.96608,87.7568,332.41088,328.036352,357.2100000000001,203.5377777777778,5232.111111111112,450.8845029103225,0.0,574.401111111111,12.017777777777779
2024-03-06 01:52:53,4.929318566655639,43.50478000000446,3.0826790140300004,0.0,2.803479366666769,3.603234766666219,5.287848694956697,24.12544,55.82848,10.739712,1.96608,87.339008,332.529664,328.036352,357.2100000000001,504.751111111111,5232.111111111112,450.8845029103225,0.0,100.0,180.45444444444445
2024-03-06 01:52:58,4.929318566655638,43.50478000000445,3.5113602973633333,0.0,2.803479366666769,3.603234766666219,5.287848694956697,24.12544,55.82848,10.739712,1.96608,87.339008,332.529664,328.036352,357.2099999999999,504.751111111111,5232.11111111111,450.8845029103225,0.0,100.0,180.45444444444445
2024-03-06 01:53:03,4.929318566655638,43.50478000000445,3.940041580696667,0.0,2.803479366666769,3.603234766666219,5.287848694956697,24.12544,55.82848,10.739712,1.96608,87.339008,332.529664,328.036352,357.2099999999999,504.751111111111,5232.11111111111,450.8845029103225,0.0,100.0,180.45444444444445
2024-03-06 01:53:08,4.929318566655638,43.50478000000445,4.36872286403,0.0,2.803479366666769,3.603234766666219,5.287848694956697,24.12544,55.82848,10.739712,1.96608,87.339008,332.529664,328.036352,357.2099999999999,504.751111111111,5232.11111111111,450.8845029103225,0.0,100.0,180.45444444444445
2024-03-06 01:53:13,4.929318566655638,43.50478000000445,4.797404147363334,0.0,2.803479366666769,3.603234766666219,5.287848694956697,24.12544,55.82848,10.739712,1.96608,87.339008,332.529664,328.036352,357.2099999999999,504.751111111111,5232.11111111111,450.8845029103225,0.0,100.0,180.45444444444445
2024-03-06 01:53:18,5.14802935786817,56.13783071744554,5.144175400000001,2.302921585215547,2.803479366666769,3.603234766666219,4.592050905090717,24.12544,55.82848,10.739712,5.05856,87.339008,332.529664,328.17152,60.284934724632215,504.751111111111,3730.9710815636654,157.9527000715984,0.0,100.0,180.45444444444445
2024-03-06 01:53:23,5.14802935786817,56.13783071744554,2.0351025230810245,2.604591578661957,2.176737326267091,4.575770922908158,4.592050905090717,24.12544,55.82848,11.808768,5.05856,87.339008,332.8,328.17152,60.284934724632215,126.91239402984787,3730.9710815636654,157.9527000715984,0.0,26.00479878019597,43.11248818234975
2024-03-06 01:53:28,5.148029357868169,56.13783071744554,2.0351025230810245,2.9062615721083676,2.176737326267091,4.575770922908158,4.592050905090717,24.12544,55.82848,11.808768,5.05856,87.339008,332.8,328.17152,60.2849347246322,126.91239402984787,3730.9710815636645,157.9527000715984,0.0,26.00479878019597,43.11248818234975
2024-03-06 01:53:33,5.148029357868169,56.13783071744554,2.0351025230810245,3.207931565554778,2.176737326267091,4.575770922908158,4.592050905090717,24.12544,55.82848,11.808768,5.05856,87.339008,332.8,328.17152,60.2849347246322,126.91239402984787,3730.9710815636645,157.9527000715984,0.0,26.00479878019597,43.11248818234975
2024-03-06 01:53:38,5.148029357868169,56.13783071744554,2.0351025230810245,3.5096015590011884,2.176737326267091,4.575770922908158,4.592050905090717,24.12544,55.82848,11.808768,5.05856,87.339008,332.8,328.17152,60.2849347246322,126.91239402984787,3730.9710815636645,157.9527000715984,0.0,26.00479878019597,43.11248818234975
2024-03-06 01:53:43,5.148029357868169,56.13783071744554,2.0351025230810245,3.620039921356927,2.176737326267091,4.575770922908158,4.592050905090717,24.12544,55.82848,11.808768,5.05856,87.339008,332.8,328.17152,60.2849347246322,126.91239402984787,3730.9710815636645,157.9527000715984,0.0,26.00479878019597,43.11248818234975
2024-03-06 01:53:48,6.949373612082437,39.13367473575322,2.0351025230810245,1.0748591910906604,2.176737326267091,4.575770922908158,5.0493836666665475,24.12544,55.82848,11.808768,5.09952,87.339008,332.8,328.413184,192.39986704868568,126.91239402984787,3171.592670158756,144.8011111111111,34.04820363562083,26.00479878019597,43.11248818234975
2024-03-06 01:53:53,6.949373612082437,39.13367473575322,1.7575946594659464,1.0748591910906604,1.0534166083277188,6.004195552887647,5.0493836666665475,24.12544,55.82848,13.12768,5.09952,87.728128,332.9024,328.413184,192.39986704868568,121.75879498585363,3171.592670158756,144.8011111111111,34.04820363562083,36.00720108014401,8.411682252333643
2024-03-06 01:53:58,6.949373612082435,39.13367473575321,1.7575946594659464,1.0748591910906602,1.0534166083277188,6.004195552887647,5.0493836666665475,24.12544,55.82848,13.12768,5.09952,87.728128,332.9024,328.413184,192.39986704868562,121.75879498585363,3171.5926701587546,144.8011111111111,34.048203635620816,36.00720108014401,8.411682252333643
2024-03-06 01:54:03,6.949373612082435,39.13367473575321,1.7575946594659464,1.0748591910906602,1.0534166083277188,6.004195552887647,5.0493836666665475,24.12544,55.82848,13.12768,5.09952,87.728128,332.9024,328.413184,192.39986704868562,121.75879498585363,3171.5926701587546,144.8011111111111,34.048203635620816,36.00720108014401,8.411682252333643
2024-03-06 01:54:08,6.949373612082435,39.13367473575321,1.7575946594659464,1.0748591910906602,1.0534166083277188,6.004195552887647,5.0493836666665475,24.12544,55.82848,13.12768,5.09952,87.728128,332.9024,328.413184,192.39986704868562,121.75879498585363,3171.5926701587546,144.8011111111111,34.048203635620816,36.00720108014401,8.411682252333643
2024-03-06 01:54:13,6.949373612082435,39.13367473575321,1.7575946594659464,1.0748591910906602,1.0534166083277188,6.004195552887647,5.0493836666665475,24.12544,55.82848,13.12768,5.09952,87.728128,332.9024,328.413184,192.39986704868562,121.75879498585363,3171.5926701587546,144.8011111111111,34.048203635620816,36.00720108014401,8.411682252333643
2024-03-06 01:54:18,5.796584166667648,53.23531366667189,1.7575946594659464,1.5437172333333333,1.0534166083277188,6.004195552887647,4.955210666668108,24.141824,56.07424,13.12768,5.984256,87.728128,332.9024,328.4992,176.00444444444457,121.75879498585363,3348.5511111111127,226.0011111111111,22.721111111111117,36.00720108014401,8.411682252333643
2024-03-06 01:54:23,5.796584166667648,53.23531366667189,1.9871309000000004,1.5437172333333333,2.6606642333329473,3.8894335999998475,4.955210666668108,24.141824,56.07424,13.152256,5.984256,88.629248,333.017088,328.4992,176.00444444444457,106.09000000000002,3348.5511111111127,226.0011111111111,22.721111111111117,52.321111111111115,51.361111111111114
2024-03-06 01:54:28,5.796584166667647,53.23531366667188,1.9871309000000004,1.543717233333333,2.6606642333329473,3.8894335999998475,4.955210666668108,24.141824,56.07424,13.152256,5.984256,88.629248,333.017088,328.4992,176.00444444444446,106.09000000000002,3348.5511111111114,226.0011111111111,22.72111111111111,52.321111111111115,51.361111111111114
2024-03-06 01:54:33,5.796584166667647,53.23531366667188,1.9871309000000004,1.543717233333333,2.6606642333329473,3.8894335999998475,4.955210666668108,24.141824,56.07424,13.152256,5.984256,88.629248,333.017088,328.4992,176.00444444444446,106.09000000000002,3348.5511111111114,226.0011111111111,22.72111111111111,52.321111111111115,51.361111111111114
2024-03-06 01:54:38,5.796584166667647,53.23531366667188,1.9871309000000004,1.543717233333333,2.6606642333329473,3.8894335999998475,4.955210666668108,24.141824,56.07424,13.152256,5.984256,88.629248,333.017088,328.4992,176.00444444444446,106.09000000000002,3348.5511111111114,226.0011111111111,22.72111111111111,52.321111111111115,51.361111111111114
2024-03-06 01:54:43,5.796584166667647,53.23531366667188,1.9871309000000004,1.543717233333333,2.6606642333329473,3.8894335999998475,4.955210666668108,24.141824,56.07424,13.152256,5.984256,88.629248,333.017088,328.4992,176.00444444444446,106.09000000000002,3348.5511111111114,226.0011111111111,22.72111111111111,52.321111111111115,51.361111111111114
2024-03-06 01:54:48,2.7924150333243842,21.384178499996178,1.9871309000000004,1.8614555666666674,2.6606642333329473,3.8894335999998475,2.662664333333472,24.141824,56.057856,13.152256,6.193152,88.629248,333.017088,328.544256,93.44444444444447,106.09000000000002,3279.471111111113,134.56,68.33777777777782,52.321111111111115,51.361111111111114
2024-03-06 01:54:53,2.7924150333243842,21.384178499996178,1.703931066666666,1.8614555666666674,2.162696033333115,5.868287500000709,2.662664333333472,24.141824,56.057856,14.938112,6.193152,89.387008,336.683008,328.544256,93.44444444444447,114.48999999999998,3279.471111111113,134.56,68.33777777777782,9.0,27.387777777777778
2024-03-06 01:54:58,2.792415033324384,21.384178499996175,1.703931066666666,1.861455566666667,2.162696033333115,5.868287500000709,2.662664333333472,24.141824,56.057856,14.938112,6.193152,89.387008,336.683008,328.544256,93.44444444444443,114.48999999999998,3279.471111111111,134.56,68.33777777777779,9.0,27.387777777777778
2024-03-06 01:55:03,2.792415033324384,21.384178499996175,1.703931066666666,1.861455566666667,2.162696033333115,5.868287500000709,2.662664333333472,24.141824,56.057856,14.938112,6.193152,89.387008,336.683008,328.544256,93.44444444444443,114.48999999999998,3279.471111111111,134.56,68.33777777777779,9.0,27.387777777777778
2024-03-06 01:55:08,2.792415033324384,21.384178499996175,1.703931066666666,1.861455566666667,2.162696033333115,5.868287500000709,2.662664333333472,24.141824,56.057856,14.938112,6.193152,89.387008,336.683008,328.544256,93.44444444444443,114.48999999999998,3279.471111111111,134.56,68.33777777777779,9.0,27.387777777777778
2024-03-06 01:55:13,2.792415033324384,21.384178499996175,1.703931066666666,1.861455566666667,2.162696033333115,5.868287500000709,2.662664333333472,24.141824,56.057856,14.938112,6.193152,89.387008,336.683008,328.544256,93.44444444444443,114.48999999999998,3279.471111111111,134.56,68.33777777777779,9.0,27.387777777777778
2024-03-06 01:55:18,6.8908157333377575,53.66022700000032,1.703931066666666,1.5957031666666663,2.162696033333115,5.868287500000709,4.3339350333326365,24.12544,55.943168,14.938112,6.311936,89.387008,336.683008,328.630272,144.00000000000006,114.48999999999998,2463.4677777777783,132.25,27.04000000000001,9.0,27.387777777777778
2024-03-06 01:55:23,6.8908157333377575,53.66022700000032,0.890095533333333,1.5957031666666663,1.7438465333337185,5.275524533332524,4.3339350333326365,24.12544,55.943168,15.48288,6.311936,89.755648,336.781312,328.630272,144.00000000000006,86.49000000000001,2463.4677777777783,132.25,27.04000000000001,42.25,65.07111111111111
2024-03-06 01:55:28,6.890815733337756,53.660227000000305,0.890095533333333,1.595703166666666,1.7438465333337185,5.275524533332524,4.3339350333326365,24.12544,55.943168,15.48288,6.311936,89.755648,336.781312,328.630272,144.0,86.49000000000001,2463.467777777778,132.25,27.040000000000003,42.25,65.07111111111111
2024-03-06 01:55:33,6.890815733337756,53.660227000000305,0.890095533333333,1.595703166666666,1.7438465333337185,5.275524533332524,4.3339350333326365,24.12544,55.943168,15.48288,6.311936,89.755648,336.781312,328.630272,144.0,86.49000000000001,2463.467777777778,132.25,27.040000000000003,42.25,65.07111111111111
2024-03-06 01:55:38,6.890815733337756,53.660227000000305,0.890095533333333,1.595703166666666,1.7438465333337185,5.275524533332524,4.3339350333326365,24.12544,55.943168,15.48288,6.311936,89.755648,336.781312,328.630272,144.0,86.49000000000001,2463.467777777778,132.25,27.040000000000003,42.25,65.07111111111111
2024-03-06 01:55:43,6.890815733337756,53.660227000000305,0.890095533333333,1.595703166666666,1.7438465333337185,5.275524533332524,4.3339350333326365,24.12544,55.943168,15.48288,6.311936,89.755648,336.781312,328.630272,144.0,86.49000000000001,2463.467777777778,132.25,27.040000000000003,42.25,65.07111111111111
2024-03-06 01:55:48,5.026832200004114,45.277945333335396,0.890095533333333,0.7453551000000004,1.7438465333337185,5.275524533332524,4.9895924666657265,24.12544,55.943168,15.48288,5.697536,89.755648,336.781312,328.810496,188.60444444444457,86.49000000000001,4728.854444444446,72.25,52.80444444444447,42.25,65.07111111111111
2024-03-06 01:55:53,5.026832200004114,45.277945333335396,1.2607354000000015,0.7453551000000004,7.8602543666666715,4.618441633334669,4.9895924666657265,24.12544,55.943168,17.764352,5.697536,90.791936,336.683008,328.810496,188.60444444444457,125.43999999999998,4728.854444444446,72.25,52.80444444444447,37.61777777777778,17.921111111111113
2024-03-06 01:55:58,5.0268322000041135,45.27794533333539,1.2607354000000015,0.7453551000000003,7.8602543666666715,4.618441633334669,4.9895924666657265,24.12544,55.943168,17.764352,5.697536,90.791936,336.683008,328.810496,188.60444444444443,125.43999999999998,4728.854444444444,72.25,52.80444444444444,37.61777777777778,17.921111111111113
2024-03-06 01:56:03,5.0268322000041135,45.27794533333539,1.2607354000000015,0.7453551000000003,7.8602543666666715,4.618441633334669,4.9895924666657265,24.12544,55.943168,17.764352,5.697536,90.791936,336.683008,328.810496,188.60444444444443,125.43999999999998,4728.854444444444,72.25,52.80444444444444,37.61777777777778,17.921111111111113
2024-03-06 01:56:08,5.0268322000041135,45.27794533333539,1.2607354000000015,0.7453551000000003,7.8602543666666715,4.618441633334669,4.9895924666657265,24.12544,55.943168,17.764352,5.697536,90.791936,336.683008,328.810496,188.60444444444443,125.43999999999998,4728.854444444444,72.25,52.80444444444444,37.61777777777778,17.921111111111113
2024-03-06 01:56:13,5.0268322000041135,45.27794533333539,1.2607354000000015,0.7453551000000003,7.8602543666666715,4.618441633334669,4.9895924666657265,24.12544,55.943168,17.764352,5.697536,90.791936,336.683008,328.810496,188.60444444444443,125.43999999999998,4728.854444444444,72.25,52.80444444444444,37.61777777777778,17.921111111111113
2024-03-06 01:56:18,6.634858566667392,33.31775233333096,1.2607354000000015,2.085808266666667,7.8602543666666715,4.618441633334669,4.65164090000106,24.12544,55.82848,17.764352,6.20544,90.791936,336.683008,328.916992,213.16000000000008,125.43999999999998,3340.840000000002,219.04000000000002,54.26777777777781,37.61777777777778,17.921111111111113
2024-03-06 01:56:23,6.634858566667392,33.31775233333096,-1.0,2.085808266666667,2.1500361000003445,3.018661899998657,4.65164090000106,24.12544,55.82848,-1.0,6.20544,90.800128,336.71168,328.916992,213.16000000000008,83.41777777777777,3340.840000000002,219.04000000000002,54.26777777777781,-1.0,50.41
2024-03-06 01:56:28,6.63485856666739,33.317752333330944,-1.0,2.0858082666666666,2.1500361000003445,3.018661899998657,4.65164090000106,24.12544,55.82848,-1.0,6.20544,90.800128,336.71168,328.916992,213.16,83.41777777777777,3340.8399999999997,219.04000000000002,54.26777777777777,-1.0,50.41
2024-03-06 01:56:33,6.63485856666739,33.317752333330944,-1.0,2.0858082666666666,2.1500361000003445,3.018661899998657,4.65164090000106,24.12544,55.82848,-1.0,6.20544,90.800128,336.71168,328.916992,213.16,83.41777777777777,3340.8399999999997,219.04000000000002,54.26777777777777,-1.0,50.41
2024-03-06 01:56:38,6.63485856666739,33.317752333330944,-1.0,2.0858082666666666,2.1500361000003445,3.018661899998657,4.65164090000106,24.12544,55.82848,-1.0,6.20544,90.800128,336.71168,328.916992,213.16,83.41777777777777,3340.8399999999997,219.04000000000002,54.26777777777777,-1.0,50.41
2024-03-06 01:56:43,6.63485856666739,33.317752333330944,-1.0,2.0858082666666666,2.1500361000003445,3.018661899998657,4.65164090000106,24.12544,55.82848,-1.0,6.20544,90.800128,336.71168,328.916992,213.16,83.41777777777777,3340.8399999999997,219.04000000000002,54.26777777777777,-1.0,50.41
2024-03-06 01:56:48,5.623385396885529,45.16909986343501,-1.0,3.594379567635989,2.1500361000003445,3.018661899998657,5.792287166665726,24.141824,55.82848,-1.0,6.381568,90.800128,336.71168,329.080832,95.25437497816463,83.41777777777777,2672.594835436697,50.88444444444445,51.28928098598307,-1.0,50.41
2024-03-06 01:56:53,5.623385396885529,45.16909986343501,-1.0,3.594379567635989,0.9370725333326391,5.921431533333059,5.792287166665726,24.141824,55.82848,-1.0,6.381568,90.800128,336.605184,329.080832,95.25437497816463,152.11111111111111,2672.594835436697,50.88444444444445,51.28928098598307,-1.0,34.81
2024-03-06 01:56:58,5.623385396885529,45.16909986343501,-1.0,3.594379567635989,0.9370725333326391,5.921431533333059,5.792287166665726,24.141824,55.82848,-1.0,6.381568,90.800128,336.605184,329.080832,95.25437497816463,152.11111111111111,2672.594835436697,50.88444444444445,51.28928098598307,-1.0,34.81
2024-03-06 01:57:03,5.623385396885528,45.169099863435,-1.0,3.5943795676359884,0.9370725333326391,5.921431533333059,5.792287166665726,24.141824,55.82848,-1.0,6.381568,90.800128,336.605184,329.080832,95.2543749781646,152.11111111111111,2672.594835436697,50.88444444444445,51.28928098598306,-1.0,34.81
2024-03-06 01:57:08,5.623385396885528,45.169099863435,-1.0,3.5943795676359884,0.9370725333326391,5.921431533333059,5.792287166665726,24.141824,55.82848,-1.0,6.381568,90.800128,336.605184,329.080832,95.2543749781646,152.11111111111111,2672.594835436697,50.88444444444445,51.28928098598306,-1.0,34.81
2024-03-06 01:57:13,5.623385396885528,45.169099863435,-1.0,3.5943795676359884,0.9370725333326391,5.921431533333059,5.792287166665726,24.141824,55.82848,-1.0,6.381568,90.800128,336.605184,329.080832,95.2543749781646,152.11111111111111,2672.594835436697,50.88444444444445,51.28928098598306,-1.0,34.81
2024-03-06 01:57:18,6.170295940495066,71.04509960305256,-1.0,2.327911671503384,0.9370725333326391,5.921431533333059,3.673056100001304,24.141824,55.943168,-1.0,6.008832,90.800128,336.605184,329.179136,112.51746932349293,152.11111111111111,3949.3671788604875,159.6011111111111,140.22402269978642,-1.0,34.81
2024-03-06 01:57:23,6.170295940495066,71.04509960305256,-1.0,2.327911671503384,2.63722836666697,4.51246630000052,3.673056100001304,24.141824,55.943168,-1.0,6.008832,90.804224,336.44544,329.179136,112.51746932349293,145.60444444444443,3949.3671788604875,159.6011111111111,140.22402269978642,-1.0,38.85444444444445
2024-03-06 01:57:28,6.170295940495066,71.04509960305256,-1.0,2.327911671503384,2.63722836666697,4.51246630000052,3.673056100001304,24.141824,55.943168,-1.0,6.008832,90.804224,336.44544,329.179136,112.51746932349293,145.60444444444443,3949.3671788604875,159.6011111111111,140.22402269978642,-1.0,38.85444444444445
2024-03-06 01:57:33,6.170295940495066,71.04509960305256,-1.0,2.327911671503384,2.63722836666697,4.51246630000052,3.673056100001304,24.141824,55.943168,-1.0,6.008832,90.804224,336.44544,329.179136,112.51746932349293,145.60444444444443,3949.3671788604875,159.6011111111111,140.22402269978642,-1.0,38.85444444444445
2024-03-06 01:57:38,6.170295940495066,71.04509960305256,-1.0,2.327911671503384,2.63722836666697,4.51246630000052,3.673056100001304,24.141824,55.943168,-1.0,6.008832,90.804224,336.44544,329.179136,112.51746932349293,145.60444444444443,3949.3671788604875,159.6011111111111,140.22402269978642,-1.0,38.85444444444445
2024-03-06 01:57:43,6.170295940495066,71.04509960305256,-1.0,2.327911671503384,2.63722836666697,4.51246630000052,3.673056100001304,24.141824,55.943168,-1.0,6.008832,90.804224,336.44544,329.179136,112.51746932349293,145.60444444444443,3949.3671788604875,159.6011111111111,140.22402269978642,-1.0,38.85444444444445
2024-03-06 01:57:48,6.0155887666648304,32.5312610000007,-1.0,2.55803186666667,2.63722836666697,4.51246630000052,4.432139199999104,24.12544,55.82848,-1.0,5.914624,90.804224,336.44544,329.273344,258.1377777777779,145.60444444444443,6480.250000000003,210.25,15.47111111111112,-1.0,38.85444444444445
2024-03-06 01:57:53,6.0155887666648304,32.5312610000007,-1.0,2.55803186666667,2.228688233333287,5.155439866666711,4.432139199999104,24.12544,55.82848,-1.0,5.914624,90.804224,336.822272,329.273344,258.1377777777779,74.53444444444443,6480.250000000003,210.25,15.47111111111112,-1.0,26.009999999999998
2024-03-06 01:57:58,6.01558876666483,32.53126100000069,-1.0,2.5580318666666697,2.228688233333287,5.155439866666711,4.432139199999104,24.12544,55.82848,-1.0,5.914624,90.804224,336.822272,329.273344,258.1377777777778,74.53444444444443,6480.25,210.25,15.47111111111111,-1.0,26.009999999999998
2024-03-06 01:58:03,6.01558876666483,32.53126100000069,-1.0,2.5580318666666697,2.228688233333287,5.155439866666711,4.432139199999104,24.12544,55.82848,-1.0,5.914624,90.804224,336.822272,329.273344,258.1377777777778,74.53444444444443,6480.25,210.25,15.47111111111111,-1.0,26.009999999999998
2024-03-06 01:58:08,6.01558876666483,32.53126100000069,-1.0,2.5580318666666697,2.228688233333287,5.155439866666711,4.432139199999104,24.12544,55.82848,-1.0,5.914624,90.804224,336.822272,329.273344,258.1377777777778,74.53444444444443,6480.25,210.25,15.47111111111111,-1.0,26.009999999999998
2024-03-06 01:58:13,6.01558876666483,32.53126100000069,-1.0,2.5580318666666697,2.228688233333287,5.155439866666711,4.432139199999104,24.12544,55.82848,-1.0,5.914624,90.804224,336.822272,329.273344,258.1377777777778,74.53444444444443,6480.25,210.25,15.47111111111111,-1.0,26.009999999999998
2024-03-06 01:58:18,6.310706033324704,51.67416516666589,-1.0,2.504665433333331,2.228688233333287,5.155439866666711,4.431276966666549,24.141824,55.82848,-1.0,6.422528,90.804224,336.822272,329.412608,116.64000000000006,74.53444444444443,1502.8544444444449,134.56,119.53777777777782,-1.0,26.009999999999998
2024-03-06 01:58:23,6.310706033324704,51.67416516666589,-1.0,2.504665433333331,2.4229795333335837,4.981828499999589,4.431276966666549,24.141824,55.82848,-1.0,6.422528,90.804224,336.44544,329.412608,116.64000000000006,143.20111111111112,1502.8544444444449,134.56,119.53777777777782,-1.0,24.66777777777778
2024-03-06 01:58:28,6.310706033324702,51.67416516666587,-1.0,2.5046654333333307,2.4229795333335837,4.981828499999589,4.431276966666549,24.141824,55.82848,-1.0,6.422528,90.804224,336.44544,329.412608,116.64000000000001,143.20111111111112,1502.8544444444444,134.56,119.53777777777778,-1.0,24.66777777777778
2024-03-06 01:58:33,6.310706033324702,51.67416516666587,-1.0,2.5046654333333307,2.4229795333335837,4.981828499999589,4.431276966666549,24.141824,55.82848,-1.0,6.422528,90.804224,336.44544,329.412608,116.64000000000001,143.20111111111112,1502.8544444444444,134.56,119.53777777777778,-1.0,24.66777777777778
2024-03-06 01:58:38,6.310706033324702,51.67416516666587,-1.0,2.5046654333333307,2.4229795333335837,4.981828499999589,4.431276966666549,24.141824,55.82848,-1.0,6.422528,90.804224,336.44544,329.412608,116.64000000000001,143.20111111111112,1502.8544444444444,134.56,119.53777777777778,-1.0,24.66777777777778
2024-03-06 01:58:43,6.310706033324702,51.67416516666587,-1.0,2.5046654333333307,2.4229795333335837,4.981828499999589,4.431276966666549,24.141824,55.82848,-1.0,6.422528,90.804224,336.44544,329.412608,116.64000000000001,143.20111111111112,1502.8544444444444,134.56,119.53777777777778,-1.0,24.66777777777778
2024-03-06 01:58:48,6.0294971333405565,27.673334699996612,-1.0,2.645889366666669,2.4229795333335837,4.981828499999589,4.0979671333332135,24.141824,56.025088,-1.0,6.201344,90.804224,336.44544,329.535488,138.4544444444445,143.20111111111112,4246.694444444447,153.76000000000002,98.67111111111114,-1.0,24.66777777777778
2024-03-06 01:58:53,6.0294971333405565,27.673334699996612,-1.0,2.645889366666669,2.2299115333330137,5.167062933334894,4.0979671333332135,24.141824,56.025088,-1.0,6.201344,90.804224,336.531456,329.535488,138.4544444444445,140.8177777777778,4246.694444444447,153.76000000000002,98.67111111111114,-1.0,36.80444444444444
2024-03-06 01:58:58,6.029497133340556,27.673334699996605,-1.0,2.6458893666666685,2.2299115333330137,5.167062933334894,4.0979671333332135,24.141824,56.025088,-1.0,6.201344,90.804224,336.531456,329.535488,138.45444444444448,140.8177777777778,4246.694444444445,153.76000000000002,98.67111111111112,-1.0,36.80444444444444
2024-03-06 01:59:03,6.029497133340556,27.673334699996605,-1.0,2.6458893666666685,2.2299115333330137,5.167062933334894,4.0979671333332135,24.141824,56.025088,-1.0,6.201344,90.804224,336.531456,329.535488,138.45444444444448,140.8177777777778,4246.694444444445,153.76000000000002,98.67111111111112,-1.0,36.80444444444444
2024-03-06 01:59:08,6.029497133340556,27.673334699996605,-1.0,2.6458893666666685,2.2299115333330137,5.167062933334894,4.0979671333332135,24.141824,56.025088,-1.0,6.201344,90.804224,336.531456,329.535488,138.45444444444448,140.8177777777778,4246.694444444445,153.76000000000002,98.67111111111112,-1.0,36.80444444444444
2024-03-06 01:59:13,6.029497133340556,27.673334699996605,-1.0,2.6458893666666685,2.2299115333330137,5.167062933334894,4.0979671333332135,24.141824,56.025088,-1.0,6.201344,90.804224,336.531456,329.535488,138.45444444444448,140.8177777777778,4246.694444444445,153.76000000000002,98.67111111111112,-1.0,36.80444444444444
2024-03-06 01:59:18,3.149447133334131,52.849537133336845,-1.0,2.1062615666666678,2.2299115333330137,5.167062933334894,4.698636233333294,24.141824,56.057856,-1.0,6.168576,90.804224,336.531456,329.662464,240.2500000000001,140.8177777777778,5036.26777777778,93.44444444444443,82.20444444444448,-1.0,36.80444444444444
2024-03-06 01:59:23,3.149447133334131,52.849537133336845,-1.0,2.1062615666666678,1.2654419333330225,5.991219233332383,4.698636233333294,24.141824,56.057856,-1.0,6.168576,90.80832,336.109568,329.662464,240.2500000000001,49.0,5036.26777777778,93.44444444444443,82.20444444444448,-1.0,34.02777777777777
2024-03-06 01:59:28,3.1494471333341303,52.84953713333683,-1.0,2.1062615666666673,1.2654419333330225,5.991219233332383,4.698636233333294,24.141824,56.057856,-1.0,6.168576,90.80832,336.109568,329.662464,240.25,49.0,5036.267777777778,93.44444444444443,82.20444444444443,-1.0,34.02777777777777
2024-03-06 01:59:33,3.1494471333341303,52.84953713333683,-1.0,2.1062615666666673,1.2654419333330225,5.991219233332383,4.698636233333294,24.141824,56.057856,-1.0,6.168576,90.80832,336.109568,329.662464,240.25,49.0,5036.267777777778,93.44444444444443,82.20444444444443,-1.0,34.02777777777777
2024-03-06 01:59:38,3.1494471333341303,52.84953713333683,-1.0,2.1062615666666673,1.2654419333330225,5.991219233332383,4.698636233333294,24.141824,56.057856,-1.0,6.168576,90.80832,336.109568,329.662464,240.25,49.0,5036.267777777778,93.44444444444443,82.20444444444443,-1.0,34.02777777777777
2024-03-06 01:59:43,3.1494471333341303,52.84953713333683,-1.0,2.1062615666666673,1.2654419333330225,5.991219233332383,4.698636233333294,24.141824,56.057856,-1.0,6.168576,90.80832,336.109568,329.662464,240.25,49.0,5036.267777777778,93.44444444444443,82.20444444444443,-1.0,34.02777777777777
2024-03-06 01:59:48,5.998715433330897,51.31670943333121,-1.0,2.3174761000000013,1.2654419333330225,5.991219233332383,3.595582999999654,24.12544,55.82848,-1.0,6.504448,90.80832,336.109568,329.732096,35.60111111111112,49.0,4011.111111111113,148.02777777777777,20.55111111111112,-1.0,34.02777777777777
2024-03-06 01:59:53,5.998715433330897,51.31670943333121,-1.0,2.3174761000000013,2.919467600000303,4.973755100000214,3.595582999999654,24.12544,55.82848,-1.0,6.504448,90.80832,336.166912,329.732096,35.60111111111112,106.77777777777779,4011.111111111113,148.02777777777777,20.55111111111112,-1.0,35.20444444444445
2024-03-06 01:59:58,5.998715433330896,51.3167094333312,-1.0,2.317476100000001,2.919467600000303,4.973755100000214,3.595582999999654,24.12544,55.82848,-1.0,6.504448,90.80832,336.166912,329.732096,35.60111111111111,106.77777777777779,4011.1111111111113,148.02777777777777,20.55111111111111,-1.0,35.20444444444445
2024-03-06 02:00:03,5.998715433330896,51.3167094333312,-1.0,2.317476100000001,2.919467600000303,4.973755100000214,3.595582999999654,24.12544,55.82848,-1.0,6.504448,90.80832,336.166912,329.732096,35.60111111111111,106.77777777777779,4011.1111111111113,148.02777777777777,20.55111111111111,-1.0,35.20444444444445
