timestamp,details-v1-b788479c5-255pf_cpu,details-v1-b788479c5-bbg6t_cpu,productpage-v1-7fb564989f-hm9g2_cpu,ratings-v1-5b6b66f9b5-n4ddg_cpu,reviews-v1-7b76c4f45d-x9mxc_cpu,reviews-v3-5fd56449d8-tv4wp_cpu,reviews-v2-6ccf99c555-fqvhb_cpu,details-v1-b788479c5-255pf_memory,details-v1-b788479c5-bbg6t_memory,productpage-v1-7fb564989f-hm9g2_memory,ratings-v1-5b6b66f9b5-n4ddg_memory,reviews-v1-7b76c4f45d-x9mxc_memory,reviews-v3-5fd56449d8-tv4wp_memory,reviews-v2-6ccf99c555-fqvhb_memory,productpage-v1-7fb564989f-hm9g2_network,details-v1-b788479c5-255pf_network,reviews-v2-6ccf99c555-fqvhb_network,details-v1-b788479c5-bbg6t_network,reviews-v1-7b76c4f45d-x9mxc_network,ratings-v1-5b6b66f9b5-n4ddg_network,reviews-v3-5fd56449d8-tv4wp_network
2024-03-05 08:01:01,-1.0,7.940379499999986,45.69011766666715,1.9293493999999949,2.919694166666649,5.341119833333607,2.412533333333518,-1.0,15.593472,51.8144,15.245312,90.800128,125.394944,115.212288,2672.8900000000003,-1.0,127.69000000000001,156.25,32.49,111.65444444444444,87.11111111111113
2024-03-05 08:01:06,-1.0,5.375802499997916,41.13210183333346,1.9293493999999949,2.919694166666649,5.341119833333607,2.412533333333518,-1.0,15.634432,51.879936,15.245312,90.800128,125.394944,115.212288,2869.3877777777766,-1.0,127.69000000000001,162.9877777777777,32.49,111.65444444444444,87.11111111111113
2024-03-05 08:01:11,-1.0,5.375802499997917,41.132101833333465,1.9293493999999949,2.919694166666649,5.341119833333607,5.623807033333132,-1.0,15.634432,51.879936,15.245312,90.800128,125.394944,115.335168,2869.387777777778,-1.0,112.36,162.9877777777778,32.49,111.65444444444444,87.11111111111113
2024-03-05 08:01:16,-1.0,5.375802499997917,41.132101833333465,1.9293493999999949,2.919694166666649,5.341119833333607,5.623807033333132,-1.0,15.634432,51.879936,15.245312,90.800128,125.394944,115.335168,2869.387777777778,-1.0,112.36,162.9877777777778,32.49,111.65444444444444,87.11111111111113
2024-03-05 08:01:21,-1.0,5.375802499997917,41.132101833333465,1.9293493999999949,2.919694166666649,5.341119833333607,5.623807033333132,-1.0,15.634432,51.879936,15.245312,90.800128,125.394944,115.335168,2869.387777777778,-1.0,112.36,162.9877777777778,32.49,111.65444444444444,87.11111111111113
2024-03-05 08:01:26,-1.0,5.375802499997917,41.132101833333465,1.9293493999999949,2.919694166666649,5.341119833333607,5.623807033333132,-1.0,15.634432,51.879936,15.245312,90.800128,125.394944,115.335168,2869.387777777778,-1.0,112.36,162.9877777777778,32.49,111.65444444444444,87.11111111111113
2024-03-05 08:01:31,-1.0,5.375802499997917,41.132101833333465,1.7558623666666642,1.9501097000000318,2.9822400666664826,5.623807033333132,-1.0,15.634432,51.879936,15.794176,90.800128,125.46048,115.335168,2869.387777777778,-1.0,112.36,162.9877777777778,47.151111111111106,20.55111111111111,149.65444444444444
2024-03-05 08:01:36,-1.0,4.675946533332837,40.0851277333326,1.7558623666666642,1.9501097000000318,2.9822400666664826,5.623807033333132,-1.0,15.618048,52.043776,15.794176,90.800128,125.46048,115.335168,4951.467777777775,-1.0,112.36,46.23999999999999,47.151111111111106,20.55111111111111,149.65444444444444
2024-03-05 08:01:41,-1.0,4.675946533332838,40.085127733332605,1.7558623666666642,1.9501097000000318,2.9822400666664826,4.983048966666578,-1.0,15.618048,52.043776,15.794176,90.800128,125.46048,115.429376,4951.467777777777,-1.0,91.52111111111111,46.239999999999995,47.151111111111106,20.55111111111111,149.65444444444444
2024-03-05 08:01:46,-1.0,4.675946533332838,40.085127733332605,1.7558623666666642,1.9501097000000318,2.9822400666664826,4.983048966666578,-1.0,15.618048,52.043776,15.794176,90.800128,125.46048,115.429376,4951.467777777777,-1.0,91.52111111111111,46.239999999999995,47.151111111111106,20.55111111111111,149.65444444444444
2024-03-05 08:01:51,-1.0,4.675946533332838,40.085127733332605,1.7558623666666642,1.9501097000000318,2.9822400666664826,4.983048966666578,-1.0,15.618048,52.043776,15.794176,90.800128,125.46048,115.429376,4951.467777777777,-1.0,91.52111111111111,46.239999999999995,47.151111111111106,20.55111111111111,149.65444444444444
2024-03-05 08:01:56,-1.0,4.675946533332838,40.085127733332605,1.7558623666666642,1.9501097000000318,2.9822400666664826,4.983048966666578,-1.0,15.618048,52.043776,15.794176,90.800128,125.46048,115.429376,4951.467777777777,-1.0,91.52111111111111,46.239999999999995,47.151111111111106,20.55111111111111,149.65444444444444
2024-03-05 08:02:01,-1.0,4.675946533332838,40.085127733332605,1.7294996333333756,1.1636840000001314,5.9498688000000275,4.983048966666578,-1.0,15.618048,52.043776,16.187392,90.800128,125.628416,115.429376,4951.467777777777,-1.0,91.52111111111111,46.239999999999995,27.737777777777776,65.07111111111111,65.61
2024-03-05 08:02:06,-1.0,6.350770700002309,49.762053333334194,1.7294996333333756,1.1636840000001314,5.9498688000000275,4.983048966666578,-1.0,15.642624,51.8144,16.187392,90.800128,125.628416,115.429376,1722.2499999999993,-1.0,91.52111111111111,148.83999999999995,27.737777777777776,65.07111111111111,65.61
2024-03-05 08:02:11,-1.0,6.35077070000231,49.7620533333342,1.7294996333333756,1.1636840000001314,5.9498688000000275,4.791182733333699,-1.0,15.642624,51.8144,16.187392,90.800128,125.628416,115.535872,1722.25,-1.0,141.61,148.83999999999997,27.737777777777776,65.07111111111111,65.61
2024-03-05 08:02:16,-1.0,6.35077070000231,49.7620533333342,1.7294996333333756,1.1636840000001314,5.9498688000000275,4.791182733333699,-1.0,15.642624,51.8144,16.187392,90.800128,125.628416,115.535872,1722.25,-1.0,141.61,148.83999999999997,27.737777777777776,65.07111111111111,65.61
2024-03-05 08:02:21,-1.0,6.35077070000231,49.7620533333342,1.7294996333333756,1.1636840000001314,5.9498688000000275,4.791182733333699,-1.0,15.642624,51.8144,16.187392,90.800128,125.628416,115.535872,1722.25,-1.0,141.61,148.83999999999997,27.737777777777776,65.07111111111111,65.61
2024-03-05 08:02:26,-1.0,6.35077070000231,49.7620533333342,1.7294996333333756,1.1636840000001314,5.9498688000000275,4.791182733333699,-1.0,15.642624,51.8144,16.187392,90.800128,125.628416,115.535872,1722.25,-1.0,141.61,148.83999999999997,27.737777777777776,65.07111111111111,65.61
2024-03-05 08:02:31,-1.0,6.35077070000231,49.7620533333342,2.1914632333333017,2.1610047999999438,5.159884033333147,4.791182733333699,-1.0,15.642624,51.8144,15.83104,90.800128,125.730816,115.535872,1722.25,-1.0,141.61,148.83999999999997,14.95111111111111,65.61,143.20111111111112
2024-03-05 08:02:36,-1.0,5.663573700000294,53.028106133333104,2.1914632333333017,2.1610047999999438,5.159884033333147,4.791182733333699,-1.0,15.630336,52.06016,15.83104,90.800128,125.730816,115.535872,2944.87111111111,-1.0,141.61,169.86777777777772,14.95111111111111,65.61,143.20111111111112
2024-03-05 08:02:41,-1.0,5.663573700000295,53.02810613333311,2.1914632333333017,2.1610047999999438,5.159884033333147,4.762123466666424,-1.0,15.630336,52.06016,15.83104,90.800128,125.730816,115.658752,2944.871111111111,-1.0,152.11111111111111,169.86777777777777,14.95111111111111,65.61,143.20111111111112
2024-03-05 08:02:46,-1.0,5.663573700000295,53.02810613333311,2.1914632333333017,2.1610047999999438,5.159884033333147,4.762123466666424,-1.0,15.630336,52.06016,15.83104,90.800128,125.730816,115.658752,2944.871111111111,-1.0,152.11111111111111,169.86777777777777,14.95111111111111,65.61,143.20111111111112
2024-03-05 08:02:51,-1.0,5.663573700000295,53.02810613333311,2.1914632333333017,2.1610047999999438,5.159884033333147,4.762123466666424,-1.0,15.630336,52.06016,15.83104,90.800128,125.730816,115.658752,2944.871111111111,-1.0,152.11111111111111,169.86777777777777,14.95111111111111,65.61,143.20111111111112
2024-03-05 08:02:56,-1.0,5.663573700000295,53.02810613333311,2.1914632333333017,2.1610047999999438,5.159884033333147,4.762123466666424,-1.0,15.630336,52.06016,15.83104,90.800128,125.730816,115.658752,2944.871111111111,-1.0,152.11111111111111,169.86777777777777,14.95111111111111,65.61,143.20111111111112
2024-03-05 08:03:01,-1.0,5.663573700000295,53.02810613333311,1.7824358000000373,2.96078280000008,5.515627600000054,4.762123466666424,-1.0,15.630336,52.06016,15.499264,90.333184,125.91104,115.658752,2944.871111111111,-1.0,152.11111111111111,169.86777777777777,28.09,84.63999999999999,45.33777777777778
2024-03-05 08:03:06,-1.0,7.01771333333075,28.206140399998954,1.7824358000000373,2.96078280000008,5.515627600000054,4.762123466666424,-1.0,15.634432,51.8144,15.499264,90.333184,125.91104,115.658752,6560.999999999997,-1.0,152.11111111111111,185.86777777777772,28.09,84.63999999999999,45.33777777777778
2024-03-05 08:03:11,-1.0,7.017713333330751,28.206140399998958,1.7824358000000373,2.96078280000008,5.515627600000054,5.915844033333428,-1.0,15.634432,51.8144,15.499264,90.333184,125.91104,115.781632,6561.0,-1.0,110.9511111111111,185.86777777777777,28.09,84.63999999999999,45.33777777777778
2024-03-05 08:03:16,-1.0,7.017713333330751,28.206140399998958,1.7824358000000373,2.96078280000008,5.515627600000054,5.915844033333428,-1.0,15.634432,51.8144,15.499264,90.333184,125.91104,115.781632,6561.0,-1.0,110.9511111111111,185.86777777777777,28.09,84.63999999999999,45.33777777777778
2024-03-05 08:03:21,-1.0,7.017713333330751,28.206140399998958,1.7824358000000373,2.96078280000008,5.515627600000054,5.915844033333428,-1.0,15.634432,51.8144,15.499264,90.333184,125.91104,115.781632,6561.0,-1.0,110.9511111111111,185.86777777777777,28.09,84.63999999999999,45.33777777777778
2024-03-05 08:03:26,-1.0,7.017713333330751,28.206140399998958,1.7824358000000373,2.96078280000008,5.515627600000054,5.915844033333428,-1.0,15.634432,51.8144,15.499264,90.333184,125.91104,115.781632,6561.0,-1.0,110.9511111111111,185.86777777777777,28.09,84.63999999999999,45.33777777777778
2024-03-05 08:03:31,-1.0,7.017713333330751,28.206140399998958,1.662486199999987,1.875359933333224,5.504560666666691,5.915844033333428,-1.0,15.634432,51.8144,15.72864,89.88672,125.779968,115.781632,6561.0,-1.0,110.9511111111111,185.86777777777777,46.239999999999995,45.78777777777778,104.7211111111111
2024-03-05 08:03:36,-1.0,3.8162010666686297,42.1671568000003,1.662486199999987,1.875359933333224,5.504560666666691,5.915844033333428,-1.0,15.638528,51.8144,15.72864,89.88672,125.779968,115.781632,3256.6044444444433,-1.0,110.9511111111111,187.68999999999994,46.239999999999995,45.78777777777778,104.7211111111111
2024-03-05 08:03:41,-1.0,3.81620106666863,42.167156800000306,1.662486199999987,1.875359933333224,5.504560666666691,4.4617537333332775,-1.0,15.638528,51.8144,15.72864,89.88672,125.779968,115.87584,3256.6044444444447,-1.0,173.3611111111111,187.68999999999997,46.239999999999995,45.78777777777778,104.7211111111111
2024-03-05 08:03:46,-1.0,3.81620106666863,42.167156800000306,1.662486199999987,1.875359933333224,5.504560666666691,4.4617537333332775,-1.0,15.638528,51.8144,15.72864,89.88672,125.779968,115.87584,3256.6044444444447,-1.0,173.3611111111111,187.68999999999997,46.239999999999995,45.78777777777778,104.7211111111111
2024-03-05 08:03:51,-1.0,3.81620106666863,42.167156800000306,1.662486199999987,1.875359933333224,5.504560666666691,4.4617537333332775,-1.0,15.638528,51.8144,15.72864,89.88672,125.779968,115.87584,3256.6044444444447,-1.0,173.3611111111111,187.68999999999997,46.239999999999995,45.78777777777778,104.7211111111111
2024-03-05 08:03:56,-1.0,3.81620106666863,42.167156800000306,1.662486199999987,1.875359933333224,5.504560666666691,4.4617537333332775,-1.0,15.638528,51.8144,15.72864,89.88672,125.779968,115.87584,3256.6044444444447,-1.0,173.3611111111111,187.68999999999997,46.239999999999995,45.78777777777778,104.7211111111111
2024-03-05 08:04:01,-1.0,3.81620106666863,42.167156800000306,1.7254182999999776,1.6208483333334318,4.8200221666666225,4.4617537333332775,-1.0,15.638528,51.8144,16.080896,89.88672,125.898752,115.87584,3256.6044444444447,-1.0,173.3611111111111,187.68999999999997,29.884444444444444,129.96,148.02777777777777
2024-03-05 08:04:06,-1.0,5.998594933331938,63.76833229999949,1.7254182999999776,1.6208483333334318,4.8200221666666225,4.4617537333332775,-1.0,15.642624,51.8144,16.080896,89.88672,125.898752,115.87584,2103.7511111111103,-1.0,173.3611111111111,112.35999999999996,29.884444444444444,129.96,148.02777777777777
2024-03-05 08:04:11,-1.0,5.998594933331939,63.76833229999951,1.7254182999999776,1.6208483333334318,4.8200221666666225,4.448674566666474,-1.0,15.642624,51.8144,16.080896,89.88672,125.898752,115.982336,2103.751111111111,-1.0,129.20111111111112,112.36,29.884444444444444,129.96,148.02777777777777
2024-03-05 08:04:16,-1.0,5.998594933331939,63.76833229999951,1.7254182999999776,1.6208483333334318,4.8200221666666225,4.448674566666474,-1.0,15.642624,51.8144,16.080896,89.88672,125.898752,115.982336,2103.751111111111,-1.0,129.20111111111112,112.36,29.884444444444444,129.96,148.02777777777777
2024-03-05 08:04:21,-1.0,5.998594933331939,63.76833229999951,1.7254182999999776,1.6208483333334318,4.8200221666666225,4.448674566666474,-1.0,15.642624,51.8144,16.080896,89.88672,125.898752,115.982336,2103.751111111111,-1.0,129.20111111111112,112.36,29.884444444444444,129.96,148.02777777777777
2024-03-05 08:04:26,-1.0,5.998594933331939,63.76833229999951,1.7254182999999776,1.6208483333334318,4.8200221666666225,4.448674566666474,-1.0,15.642624,51.8144,16.080896,89.88672,125.898752,115.982336,2103.751111111111,-1.0,129.20111111111112,112.36,29.884444444444444,129.96,148.02777777777777
2024-03-05 08:04:31,-1.0,5.998594933331939,63.76833229999951,1.430637266666679,2.2909064333333617,3.3606850666667283,4.448674566666474,-1.0,15.642624,51.8144,16.0768,89.88672,125.923328,115.982336,2103.751111111111,-1.0,129.20111111111112,112.36,29.160000000000004,13.444444444444443,140.8177777777778
2024-03-05 08:04:36,-1.0,6.691966566665996,40.89382953333332,1.430637266666679,2.2909064333333617,3.3606850666667283,4.448674566666474,-1.0,15.64672,51.8144,16.0768,89.88672,125.923328,115.982336,5188.801111111109,-1.0,129.20111111111112,295.83999999999986,29.160000000000004,13.444444444444443,140.8177777777778
2024-03-05 08:04:41,-1.0,6.691966566665997,40.893829533333324,1.430637266666679,2.2909064333333617,3.3606850666667283,4.256451366666644,-1.0,15.64672,51.8144,16.0768,89.88672,125.923328,116.076544,5188.801111111111,-1.0,73.96,295.84,29.160000000000004,13.444444444444443,140.8177777777778
2024-03-05 08:04:46,-1.0,6.691966566665997,40.893829533333324,1.430637266666679,2.2909064333333617,3.3606850666667283,4.256451366666644,-1.0,15.64672,51.8144,16.0768,89.88672,125.923328,116.076544,5188.801111111111,-1.0,73.96,295.84,29.160000000000004,13.444444444444443,140.8177777777778
2024-03-05 08:04:51,-1.0,6.691966566665997,40.893829533333324,1.430637266666679,2.2909064333333617,3.3606850666667283,4.256451366666644,-1.0,15.64672,51.8144,16.0768,89.88672,125.923328,116.076544,5188.801111111111,-1.0,73.96,295.84,29.160000000000004,13.444444444444443,140.8177777777778
2024-03-05 08:04:56,-1.0,6.691966566665997,40.893829533333324,1.430637266666679,2.2909064333333617,3.3606850666667283,4.256451366666644,-1.0,15.64672,51.8144,16.0768,89.88672,125.923328,116.076544,5188.801111111111,-1.0,73.96,295.84,29.160000000000004,13.444444444444443,140.8177777777778
2024-03-05 08:05:01,-1.0,6.691966566665997,40.893829533333324,1.6945144666666558,2.146313233333312,6.20448503333364,4.256451366666644,-1.0,15.64672,51.8144,15.36,89.88672,126.078976,116.076544,5188.801111111111,-1.0,73.96,295.84,50.88444444444445,57.76,109.55111111111111
2024-03-05 08:05:06,-1.0,6.670489700002235,33.58961929999963,1.6945144666666558,2.146313233333312,6.20448503333364,4.256451366666644,-1.0,15.650816,51.929088,15.36,89.88672,126.078976,116.076544,2094.587777777777,-1.0,73.96,67.24,50.88444444444445,57.76,109.55111111111111
2024-03-05 08:05:11,-1.0,6.670489700002236,33.58961929999964,1.6945144666666558,2.146313233333312,6.20448503333364,5.391871233333726,-1.0,15.650816,51.929088,15.36,89.88672,126.078976,116.20352,2094.587777777778,-1.0,183.1511111111111,67.24,50.88444444444445,57.76,109.55111111111111
2024-03-05 08:05:16,-1.0,6.670489700002236,33.58961929999964,1.6945144666666558,2.146313233333312,6.20448503333364,5.391871233333726,-1.0,15.650816,51.929088,15.36,89.88672,126.078976,116.20352,2094.587777777778,-1.0,183.1511111111111,67.24,50.88444444444445,57.76,109.55111111111111
2024-03-05 08:05:21,-1.0,6.670489700002236,33.58961929999964,1.6945144666666558,2.146313233333312,6.20448503333364,5.391871233333726,-1.0,15.650816,51.929088,15.36,89.88672,126.078976,116.20352,2094.587777777778,-1.0,183.1511111111111,67.24,50.88444444444445,57.76,109.55111111111111
2024-03-05 08:05:26,-1.0,6.670489700002236,33.58961929999964,1.6945144666666558,2.146313233333312,6.20448503333364,5.391871233333726,-1.0,15.650816,51.929088,15.36,89.88672,126.078976,116.20352,2094.587777777778,-1.0,183.1511111111111,67.24,50.88444444444445,57.76,109.55111111111111
2024-03-05 08:05:31,-1.0,6.670489700002236,33.58961929999964,1.6822888333333452,1.989066533333291,5.050499333332918,5.391871233333726,-1.0,15.650816,51.929088,15.798272,89.88672,126.287872,116.20352,2094.587777777778,-1.0,183.1511111111111,67.24,10.454444444444444,144.0,102.68444444444444
2024-03-05 08:05:36,-1.0,3.559758333331804,45.208652433334834,1.6822888333333452,1.989066533333291,5.050499333332918,5.391871233333726,-1.0,15.671296,51.879936,15.798272,89.88672,126.287872,116.20352,5088.444444444442,-1.0,183.1511111111111,143.99999999999997,10.454444444444444,144.0,102.68444444444444
2024-03-05 08:05:41,-1.0,3.5597583333318044,45.20865243333484,1.6822888333333452,1.989066533333291,5.050499333332918,4.982475233333143,-1.0,15.671296,51.879936,15.798272,89.88672,126.287872,116.30592,5088.444444444443,-1.0,131.48444444444445,144.0,10.454444444444444,144.0,102.68444444444444
2024-03-05 08:05:46,-1.0,3.5597583333318044,45.20865243333484,1.6822888333333452,1.989066533333291,5.050499333332918,4.982475233333143,-1.0,15.671296,51.879936,15.798272,89.88672,126.287872,116.30592,5088.444444444443,-1.0,131.48444444444445,144.0,10.454444444444444,144.0,102.68444444444444
2024-03-05 08:05:51,-1.0,3.5597583333318044,45.20865243333484,1.6822888333333452,1.989066533333291,5.050499333332918,4.982475233333143,-1.0,15.671296,51.879936,15.798272,89.88672,126.287872,116.30592,5088.444444444443,-1.0,131.48444444444445,144.0,10.454444444444444,144.0,102.68444444444444
2024-03-05 08:05:56,-1.0,3.5597583333318044,45.20865243333484,1.6822888333333452,1.989066533333291,5.050499333332918,4.982475233333143,-1.0,15.671296,51.879936,15.798272,89.88672,126.287872,116.30592,5088.444444444443,-1.0,131.48444444444445,144.0,10.454444444444444,144.0,102.68444444444444
2024-03-05 08:06:01,-1.0,3.5597583333318044,45.20865243333484,2.1387014666666815,2.452865233333294,6.457804233333301,4.982475233333143,-1.0,15.671296,51.879936,15.302656,89.88672,126.332928,116.30592,5088.444444444443,-1.0,131.48444444444445,144.0,55.254444444444445,46.69444444444444,162.13777777777776
2024-03-05 08:06:06,-1.0,6.07950986666689,48.77616013333181,2.1387014666666815,2.452865233333294,6.457804233333301,4.982475233333143,-1.0,15.68768,52.092928,15.302656,89.88672,126.332928,116.30592,3237.609999999999,-1.0,131.48444444444445,217.07111111111104,55.254444444444445,46.69444444444444,162.13777777777776
2024-03-05 08:06:11,-1.0,6.079509866666891,48.776160133331814,2.1387014666666815,2.452865233333294,6.457804233333301,4.421718766666535,-1.0,15.68768,52.092928,15.302656,89.88672,126.332928,116.404224,3237.6099999999997,-1.0,56.75111111111111,217.0711111111111,55.254444444444445,46.69444444444444,162.13777777777776
2024-03-05 08:06:16,-1.0,6.079509866666891,48.776160133331814,2.1387014666666815,2.452865233333294,6.457804233333301,4.421718766666535,-1.0,15.68768,52.092928,15.302656,89.88672,126.332928,116.404224,3237.6099999999997,-1.0,56.75111111111111,217.0711111111111,55.254444444444445,46.69444444444444,162.13777777777776
2024-03-05 08:06:21,-1.0,6.079509866666891,48.776160133331814,2.1387014666666815,2.452865233333294,6.457804233333301,4.421718766666535,-1.0,15.68768,52.092928,15.302656,89.88672,126.332928,116.404224,3237.6099999999997,-1.0,56.75111111111111,217.0711111111111,55.254444444444445,46.69444444444444,162.13777777777776
2024-03-05 08:06:26,-1.0,6.079509866666891,48.776160133331814,2.1387014666666815,2.452865233333294,6.457804233333301,4.421718766666535,-1.0,15.68768,52.092928,15.302656,89.88672,126.332928,116.404224,3237.6099999999997,-1.0,56.75111111111111,217.0711111111111,55.254444444444445,46.69444444444444,162.13777777777776
2024-03-05 08:06:31,-1.0,6.079509866666891,48.776160133331814,1.8436635999999968,2.209326433333321,2.6785964666667423,4.421718766666535,-1.0,15.68768,52.092928,15.753216,89.88672,126.390272,116.404224,3237.6099999999997,-1.0,56.75111111111111,217.0711111111111,12.017777777777779,66.1511111111111,98.67111111111112
2024-03-05 08:06:36,-1.0,5.615358833335903,34.43040933333349,1.8436635999999968,2.209326433333321,2.6785964666667423,4.421718766666535,-1.0,15.671296,51.8144,15.753216,89.88672,126.390272,116.404224,2848.0011111111103,-1.0,56.75111111111111,157.92111111111106,12.017777777777779,66.1511111111111,98.67111111111112
2024-03-05 08:06:41,-1.0,5.615358833335904,34.4304093333335,1.8436635999999968,2.209326433333321,2.6785964666667423,5.229899433333666,-1.0,15.671296,51.8144,15.753216,89.88672,126.390272,116.527104,2848.001111111111,-1.0,171.60999999999999,157.92111111111112,12.017777777777779,66.1511111111111,98.67111111111112
2024-03-05 08:06:46,-1.0,5.615358833335904,34.4304093333335,1.8436635999999968,2.209326433333321,2.6785964666667423,5.229899433333666,-1.0,15.671296,51.8144,15.753216,89.88672,126.390272,116.527104,2848.001111111111,-1.0,171.60999999999999,157.92111111111112,12.017777777777779,66.1511111111111,98.67111111111112
2024-03-05 08:06:51,-1.0,5.615358833335904,34.4304093333335,1.8436635999999968,2.209326433333321,2.6785964666667423,5.229899433333666,-1.0,15.671296,51.8144,15.753216,89.88672,126.390272,116.527104,2848.001111111111,-1.0,171.60999999999999,157.92111111111112,12.017777777777779,66.1511111111111,98.67111111111112
2024-03-05 08:06:56,-1.0,5.615358833335904,34.4304093333335,1.8436635999999968,2.209326433333321,2.6785964666667423,5.229899433333666,-1.0,15.671296,51.8144,15.753216,89.88672,126.390272,116.527104,2848.001111111111,-1.0,171.60999999999999,157.92111111111112,12.017777777777779,66.1511111111111,98.67111111111112
2024-03-05 08:07:01,-1.0,5.615358833335904,34.4304093333335,1.7955452000000114,2.36928393333334,5.790101399999988,5.229899433333666,-1.0,15.671296,51.8144,16.30208,89.88672,126.496768,116.527104,2848.001111111111,-1.0,171.60999999999999,157.92111111111112,66.69444444444443,29.160000000000004,87.11111111111113
2024-03-05 08:07:06,-1.0,8.362473333333279,49.50359483333386,1.7955452000000114,2.36928393333334,5.790101399999988,5.229899433333666,-1.0,15.695872,51.8144,16.30208,89.88672,126.496768,116.527104,5690.187777777776,-1.0,171.60999999999999,195.06777777777774,66.69444444444443,29.160000000000004,87.11111111111113
2024-03-05 08:07:11,-1.0,8.36247333333328,49.503594833333864,1.7955452000000114,2.36928393333334,5.790101399999988,4.472018466666347,-1.0,15.695872,51.8144,16.30208,89.88672,126.496768,116.625408,5690.187777777778,-1.0,141.61,195.0677777777778,66.69444444444443,29.160000000000004,87.11111111111113
2024-03-05 08:07:16,-1.0,8.36247333333328,49.503594833333864,1.7955452000000114,2.36928393333334,5.790101399999988,4.472018466666347,-1.0,15.695872,51.8144,16.30208,89.88672,126.496768,116.625408,5690.187777777778,-1.0,141.61,195.0677777777778,66.69444444444443,29.160000000000004,87.11111111111113
2024-03-05 08:07:21,-1.0,8.36247333333328,49.503594833333864,1.7955452000000114,2.36928393333334,5.790101399999988,4.472018466666347,-1.0,15.695872,51.8144,16.30208,89.88672,126.496768,116.625408,5690.187777777778,-1.0,141.61,195.0677777777778,66.69444444444443,29.160000000000004,87.11111111111113
2024-03-05 08:07:26,-1.0,8.36247333333328,49.503594833333864,1.7955452000000114,2.36928393333334,5.790101399999988,4.472018466666347,-1.0,15.695872,51.8144,16.30208,89.88672,126.496768,116.625408,5690.187777777778,-1.0,141.61,195.0677777777778,66.69444444444443,29.160000000000004,87.11111111111113
2024-03-05 08:07:31,-1.0,8.36247333333328,49.503594833333864,1.303573699999975,2.011400699999892,5.893374200000304,4.472018466666347,-1.0,15.695872,51.8144,16.306176,89.890816,126.660608,116.625408,5690.187777777778,-1.0,141.61,195.0677777777778,30.617777777777775,78.61777777777779,40.96000000000001
2024-03-05 08:07:36,-1.0,201.8416920999963,45.176827133334044,1.303573699999975,2.011400699999892,5.893374200000304,4.472018466666347,-1.0,18.829312,51.929088,16.306176,89.890816,126.660608,116.625408,1056.2499999999995,-1.0,141.61,61.884444444444426,30.617777777777775,78.61777777777779,40.96000000000001
2024-03-05 08:07:41,-1.0,201.84169209999632,45.17682713333405,1.303573699999975,2.011400699999892,5.893374200000304,4.792337833333704,-1.0,18.829312,51.929088,16.306176,89.890816,126.660608,116.727808,1056.25,-1.0,108.85444444444445,61.88444444444444,30.617777777777775,78.61777777777779,40.96000000000001
2024-03-05 08:07:46,-1.0,201.84169209999632,45.17682713333405,1.303573699999975,2.011400699999892,5.893374200000304,4.792337833333704,-1.0,18.829312,51.929088,16.306176,89.890816,126.660608,116.727808,1056.25,-1.0,108.85444444444445,61.88444444444444,30.617777777777775,78.61777777777779,40.96000000000001
2024-03-05 08:07:51,-1.0,201.84169209999632,45.17682713333405,1.303573699999975,2.011400699999892,5.893374200000304,4.792337833333704,-1.0,18.829312,51.929088,16.306176,89.890816,126.660608,116.727808,1056.25,-1.0,108.85444444444445,61.88444444444444,30.617777777777775,78.61777777777779,40.96000000000001
2024-03-05 08:07:56,-1.0,201.84169209999632,45.17682713333405,1.303573699999975,2.011400699999892,5.893374200000304,4.792337833333704,-1.0,18.829312,51.929088,16.306176,89.890816,126.660608,116.727808,1056.25,-1.0,108.85444444444445,61.88444444444444,30.617777777777775,78.61777777777779,40.96000000000001
2024-03-05 08:08:01,-1.0,201.84169209999632,45.17682713333405,1.9974512999999896,2.263699233333464,5.215296233333315,4.792337833333704,-1.0,18.829312,51.929088,15.843328,89.890816,126.701568,116.727808,1056.25,-1.0,108.85444444444445,61.88444444444444,31.359999999999996,81.60111111111111,184.95999999999998
2024-03-05 08:08:06,-1.0,1439.2991677000014,63.20394719999929,1.9974512999999896,2.263699233333464,5.215296233333315,4.792337833333704,-1.0,18.890752,52.043776,15.843328,89.890816,126.701568,116.727808,5382.667777777775,-1.0,108.85444444444445,205.4444444444444,31.359999999999996,81.60111111111111,184.95999999999998
2024-03-05 08:08:11,-1.0,1439.2991677000018,63.20394719999929,1.9974512999999896,2.263699233333464,5.215296233333315,3.598921299999821,-1.0,18.890752,52.043776,15.843328,89.890816,126.701568,116.842496,5382.667777777777,-1.0,110.9511111111111,205.44444444444446,31.359999999999996,81.60111111111111,184.95999999999998
2024-03-05 08:08:16,-1.0,1439.2991677000018,63.20394719999929,1.9974512999999896,2.263699233333464,5.215296233333315,3.598921299999821,-1.0,18.890752,52.043776,15.843328,89.890816,126.701568,116.842496,5382.667777777777,-1.0,110.9511111111111,205.44444444444446,31.359999999999996,81.60111111111111,184.95999999999998
2024-03-05 08:08:21,0.0,1439.2991677000018,63.20394719999929,1.9974512999999896,2.263699233333464,5.215296233333315,3.598921299999821,0.0,18.890752,52.043776,15.843328,89.890816,126.701568,116.842496,5382.667777777777,0.0,110.9511111111111,205.44444444444446,31.359999999999996,81.60111111111111,184.95999999999998
2024-03-05 08:08:26,0.0,1439.2991677000018,63.20394719999929,1.9974512999999896,2.263699233333464,5.215296233333315,3.598921299999821,0.0,18.890752,52.043776,15.843328,89.890816,126.701568,116.842496,5382.667777777777,0.0,110.9511111111111,205.44444444444446,31.359999999999996,81.60111111111111,184.95999999999998
2024-03-05 08:08:31,0.0,1439.2991677000018,63.20394719999929,1.5089145666666561,2.0796269666666,4.9659392666664335,3.598921299999821,6.148096,18.890752,52.043776,15.95392,89.31328,126.705664,116.842496,5382.667777777777,0.0,110.9511111111111,205.44444444444446,9.20111111111111,53.29,97.35111111111112
2024-03-05 08:08:36,0.0,517.3763814000002,53.86003820000079,1.5089145666666561,2.0796269666666,4.9659392666664335,3.598921299999821,6.148096,18.894848,52.150272,15.95392,89.31328,126.705664,116.842496,1539.254444444444,0.0,110.9511111111111,165.55111111111108,9.20111111111111,53.29,97.35111111111112
2024-03-05 08:08:41,0.0,517.3763814000002,53.8600382000008,1.5089145666666561,2.0796269666666,4.9659392666664335,5.221477266666833,6.148096,18.894848,52.150272,15.95392,89.31328,126.705664,116.998144,1539.2544444444445,0.0,136.1111111111111,165.5511111111111,9.20111111111111,53.29,97.35111111111112
2024-03-05 08:08:46,0.0,517.3763814000002,53.8600382000008,1.5089145666666561,2.0796269666666,4.9659392666664335,5.221477266666833,6.148096,18.894848,52.150272,15.95392,89.31328,126.705664,116.998144,1539.2544444444445,0.0,136.1111111111111,165.5511111111111,9.20111111111111,53.29,97.35111111111112
2024-03-05 08:08:51,0.0,517.3763814000002,53.8600382000008,1.5089145666666561,2.0796269666666,4.9659392666664335,5.221477266666833,6.148096,18.894848,52.150272,15.95392,89.31328,126.705664,116.998144,1539.2544444444445,0.0,136.1111111111111,165.5511111111111,9.20111111111111,53.29,97.35111111111112
2024-03-05 08:08:56,0.0,517.3763814000002,53.8600382000008,1.5089145666666561,2.0796269666666,4.9659392666664335,5.221477266666833,6.148096,18.894848,52.150272,15.95392,89.31328,126.705664,116.998144,1539.2544444444445,0.0,136.1111111111111,165.5511111111111,9.20111111111111,53.29,97.35111111111112
2024-03-05 08:09:01,4.302128572202222,517.3763814000002,53.8600382000008,1.8473009666667057,2.145562366666809,4.909662033333481,5.221477266666833,13.979648,18.894848,52.150272,15.429632,88.961024,126.713856,116.998144,1539.2544444444445,0.0,136.1111111111111,165.5511111111111,67.78777777777776,85.25444444444443,122.4711111111111
2024-03-05 08:09:06,4.897077791646666,1368.457661100001,42.52692433333322,1.8473009666667057,2.145562366666809,4.909662033333481,5.221477266666833,13.979648,18.866176,51.920896,15.429632,88.961024,126.713856,116.998144,5510.587777777776,0.0,136.1111111111111,104.03999999999995,67.78777777777776,85.25444444444443,122.4711111111111
2024-03-05 08:09:11,5.4920270110911105,1368.4576611000011,42.52692433333323,1.8473009666667057,2.145562366666809,4.909662033333481,4.701864866666483,13.979648,18.866176,51.920896,15.429632,88.961024,126.713856,117.088256,5510.587777777778,0.0,132.25,104.03999999999999,67.78777777777776,85.25444444444443,122.4711111111111
2024-03-05 08:09:16,6.086976230535555,1368.4576611000011,42.52692433333323,1.8473009666667057,2.145562366666809,4.909662033333481,4.701864866666483,13.979648,18.866176,51.920896,15.429632,88.961024,126.713856,117.088256,5510.587777777778,0.0,132.25,104.03999999999999,67.78777777777776,85.25444444444443,122.4711111111111
2024-03-05 08:09:21,6.6819254499800005,1368.4576611000011,42.52692433333323,1.8473009666667057,2.145562366666809,4.909662033333481,4.701864866666483,13.979648,18.866176,51.920896,15.429632,88.961024,126.713856,117.088256,5510.587777777778,0.0,132.25,104.03999999999999,67.78777777777776,85.25444444444443,122.4711111111111
2024-03-05 08:09:26,7.139390633333334,1368.4576611000011,42.52692433333323,1.8473009666667057,2.145562366666809,4.909662033333481,4.701864866666483,13.979648,18.866176,51.920896,15.429632,88.961024,126.713856,117.088256,5510.587777777778,0.0,132.25,104.03999999999999,67.78777777777776,85.25444444444443,122.4711111111111
2024-03-05 08:09:31,4.4709913000000014,1368.4576611000011,42.52692433333323,1.430064999999973,1.6610978333332582,4.494764333333497,4.701864866666483,14.024704,18.866176,51.920896,15.671296,88.86272,126.795776,117.088256,5510.587777777778,15.734444444444446,132.25,104.03999999999999,13.20111111111111,76.85444444444445,123.9511111111111
2024-03-05 08:09:36,4.4709913000000014,664.8475637666668,50.08735146666556,1.430064999999973,1.6610978333332582,4.494764333333497,4.701864866666483,14.024704,18.866176,51.822592,15.671296,88.86272,126.795776,117.088256,3774.054444444443,15.734444444444446,132.25,35.99999999999999,13.20111111111111,76.85444444444445,123.9511111111111
2024-03-05 08:09:41,4.4709913000000014,664.8475637666669,50.08735146666557,1.430064999999973,1.6610978333332582,4.494764333333497,4.496705366666731,14.024704,18.866176,51.822592,15.671296,88.86272,126.795776,117.260288,3774.054444444444,15.734444444444446,105.40444444444447,36.0,13.20111111111111,76.85444444444445,123.9511111111111
2024-03-05 08:09:46,4.4709913000000014,664.8475637666669,50.08735146666557,1.430064999999973,1.6610978333332582,4.494764333333497,4.496705366666731,14.024704,18.866176,51.822592,15.671296,88.86272,126.795776,117.260288,3774.054444444444,15.734444444444446,105.40444444444447,36.0,13.20111111111111,76.85444444444445,123.9511111111111
2024-03-05 08:09:51,4.4709913000000014,664.8475637666669,50.08735146666557,1.430064999999973,1.6610978333332582,4.494764333333497,4.496705366666731,14.024704,18.866176,51.822592,15.671296,88.86272,126.795776,117.260288,3774.054444444444,15.734444444444446,105.40444444444447,36.0,13.20111111111111,76.85444444444445,123.9511111111111
2024-03-05 08:09:56,4.4709913000000014,664.8475637666669,50.08735146666557,1.430064999999973,1.6610978333332582,4.494764333333497,4.496705366666731,14.024704,18.866176,51.822592,15.671296,88.86272,126.795776,117.260288,3774.054444444444,15.734444444444446,105.40444444444447,36.0,13.20111111111111,76.85444444444445,123.9511111111111
2024-03-05 08:10:01,3.0528563666666657,664.8475637666669,50.08735146666557,2.0936158000000185,2.555939333333394,4.83341279999981,4.496705366666731,14.045184,18.866176,51.822592,16.19968,88.723456,126.906368,117.260288,3774.054444444444,65.07111111111111,105.40444444444447,36.0,38.02777777777778,64.53444444444445,125.43999999999998
2024-03-05 08:10:06,3.0528563666666657,1223.6092550666663,64.25520776666643,2.0936158000000185,2.555939333333394,4.83341279999981,4.496705366666731,14.045184,18.870272,51.822592,16.19968,88.723456,126.906368,117.260288,4264.089999999999,65.07111111111111,105.40444444444447,87.11111111111109,38.02777777777778,64.53444444444445,125.43999999999998
2024-03-05 08:10:11,3.0528563666666657,1223.6092550666665,64.25520776666644,2.0936158000000185,2.555939333333394,4.83341279999981,5.2396692333331885,14.045184,18.870272,51.822592,16.19968,88.723456,126.906368,117.313536,4264.089999999999,65.07111111111111,110.25,87.11111111111113,38.02777777777778,64.53444444444445,125.43999999999998
2024-03-05 08:10:16,3.0528563666666657,1223.6092550666665,64.25520776666644,2.0936158000000185,2.555939333333394,4.83341279999981,5.2396692333331885,14.045184,18.870272,51.822592,16.19968,88.723456,126.906368,117.313536,4264.089999999999,65.07111111111111,110.25,87.11111111111113,38.02777777777778,64.53444444444445,125.43999999999998
2024-03-05 08:10:21,3.0528563666666657,1223.6092550666665,64.25520776666644,2.0936158000000185,2.555939333333394,4.83341279999981,5.2396692333331885,14.045184,18.870272,51.822592,16.19968,88.723456,126.906368,117.313536,4264.089999999999,65.07111111111111,110.25,87.11111111111113,38.02777777777778,64.53444444444445,125.43999999999998
2024-03-05 08:10:26,3.0528563666666657,1223.6092550666665,64.25520776666644,2.0936158000000185,2.555939333333394,4.83341279999981,5.2396692333331885,14.045184,18.870272,51.822592,16.19968,88.723456,126.906368,117.313536,4264.089999999999,65.07111111111111,110.25,87.11111111111113,38.02777777777778,64.53444444444445,125.43999999999998
2024-03-05 08:10:31,3.7041540333333325,1223.6092550666665,64.25520776666644,1.9369640000000152,2.7706653333332554,4.796385466666682,5.2396692333331885,14.04928,18.870272,51.822592,15.732736,88.53504,126.763008,117.313536,4264.089999999999,104.7211111111111,110.25,87.11111111111113,71.12111111111112,132.25,183.1511111111111
2024-03-05 08:10:36,3.7041540333333325,587.7838118666658,52.82330140000036,1.9369640000000152,2.7706653333332554,4.796385466666682,5.2396692333331885,14.04928,15.745024,52.051968,15.732736,88.53504,126.763008,117.313536,1339.5599999999995,104.7211111111111,110.25,88.35999999999997,71.12111111111112,132.25,183.1511111111111
2024-03-05 08:10:41,3.7041540333333325,587.7838118666659,52.82330140000037,1.9369640000000152,2.7706653333332554,4.796385466666682,5.305294566666893,14.04928,15.745024,52.051968,15.732736,88.53504,126.763008,117.403648,1339.5600000000002,104.7211111111111,161.29,88.36000000000001,71.12111111111112,132.25,183.1511111111111
2024-03-05 08:10:46,3.7041540333333325,587.7838118666659,52.82330140000037,1.9369640000000152,2.7706653333332554,4.796385466666682,5.305294566666893,14.04928,15.745024,52.051968,15.732736,88.53504,126.763008,117.403648,1339.5600000000002,104.7211111111111,161.29,88.36000000000001,71.12111111111112,132.25,183.1511111111111
2024-03-05 08:10:51,3.7041540333333325,587.7838118666659,52.82330140000037,1.9369640000000152,2.7706653333332554,4.796385466666682,5.305294566666893,14.04928,15.745024,52.051968,15.732736,88.53504,126.763008,117.403648,1339.5600000000002,104.7211111111111,161.29,88.36000000000001,71.12111111111112,132.25,183.1511111111111
2024-03-05 08:10:56,3.7041540333333325,587.7838118666659,52.82330140000037,1.9369640000000152,2.7706653333332554,4.796385466666682,5.305294566666893,14.04928,15.745024,52.051968,15.732736,88.53504,126.763008,117.403648,1339.5600000000002,104.7211111111111,161.29,88.36000000000001,71.12111111111112,132.25,183.1511111111111
2024-03-05 08:11:01,4.7323730666666695,587.7838118666659,52.82330140000037,1.5754745999999524,2.1686654666666527,4.447652566666704,5.305294566666893,14.061568,15.745024,52.051968,15.962112,88.313856,126.619648,117.403648,1339.5600000000002,55.254444444444445,161.29,88.36000000000001,27.040000000000003,10.027777777777777,144.0
2024-03-05 08:11:06,4.7323730666666695,3.2683194000014733,40.83778486666649,1.5754745999999524,2.1686654666666527,4.447652566666704,5.305294566666893,14.061568,15.74912,51.822592,15.962112,88.313856,126.619648,117.403648,6437.387777777775,55.254444444444445,161.29,50.40999999999998,27.040000000000003,10.027777777777777,144.0
2024-03-05 08:11:11,4.7323730666666695,3.2683194000014737,40.837784866666496,1.5754745999999524,2.1686654666666527,4.447652566666704,4.923188666666552,14.061568,15.74912,51.822592,15.962112,88.313856,126.619648,117.5552,6437.387777777778,55.254444444444445,203.5377777777778,50.41,27.040000000000003,10.027777777777777,144.0
2024-03-05 08:11:16,4.7323730666666695,3.2683194000014737,40.837784866666496,1.5754745999999524,2.1686654666666527,4.447652566666704,4.923188666666552,14.061568,15.74912,51.822592,15.962112,88.313856,126.619648,117.5552,6437.387777777778,55.254444444444445,203.5377777777778,50.41,27.040000000000003,10.027777777777777,144.0
2024-03-05 08:11:21,4.7323730666666695,3.2683194000014737,40.837784866666496,1.5754745999999524,2.1686654666666527,4.447652566666704,4.923188666666552,14.061568,15.74912,51.822592,15.962112,88.313856,126.619648,117.5552,6437.387777777778,55.254444444444445,203.5377777777778,50.41,27.040000000000003,10.027777777777777,144.0
2024-03-05 08:11:26,4.7323730666666695,3.2683194000014737,40.837784866666496,1.5754745999999524,2.1686654666666527,4.447652566666704,4.923188666666552,14.061568,15.74912,51.822592,15.962112,88.313856,126.619648,117.5552,6437.387777777778,55.254444444444445,203.5377777777778,50.41,27.040000000000003,10.027777777777777,144.0
2024-03-05 08:11:31,-1.0,3.2683194000014737,40.837784866666496,1.7386610333333625,1.7390263666667256,6.669471133333123,4.923188666666552,-1.0,15.74912,51.822592,15.142912,88.313856,126.803968,117.5552,6437.387777777778,-1.0,203.5377777777778,50.41,31.73444444444445,103.3611111111111,49.467777777777776
2024-03-05 08:11:36,-1.0,5.2402232666660575,28.026834700000332,1.7386610333333625,1.7390263666667256,6.669471133333123,4.923188666666552,-1.0,15.7696,51.93728,15.142912,88.313856,126.803968,117.5552,1002.7777777777776,-1.0,203.5377777777778,68.33777777777776,31.73444444444445,103.3611111111111,49.467777777777776
2024-03-05 08:11:41,-1.0,5.240223266666058,28.026834700000336,1.7386610333333625,1.7390263666667256,6.669471133333123,5.449443666666791,-1.0,15.7696,51.93728,15.142912,88.313856,126.803968,117.731328,1002.7777777777778,-1.0,40.53444444444444,68.33777777777779,31.73444444444445,103.3611111111111,49.467777777777776
2024-03-05 08:11:46,-1.0,5.240223266666058,28.026834700000336,1.7386610333333625,1.7390263666667256,6.669471133333123,5.449443666666791,-1.0,15.7696,51.93728,15.142912,88.313856,126.803968,117.731328,1002.7777777777778,-1.0,40.53444444444444,68.33777777777779,31.73444444444445,103.3611111111111,49.467777777777776
2024-03-05 08:11:51,-1.0,5.240223266666058,28.026834700000336,1.7386610333333625,1.7390263666667256,6.669471133333123,5.449443666666791,-1.0,15.7696,51.93728,15.142912,88.313856,126.803968,117.731328,1002.7777777777778,-1.0,40.53444444444444,68.33777777777779,31.73444444444445,103.3611111111111,49.467777777777776
2024-03-05 08:11:56,-1.0,5.240223266666058,28.026834700000336,1.7386610333333625,1.7390263666667256,6.669471133333123,5.449443666666791,-1.0,15.7696,51.93728,15.142912,88.313856,126.803968,117.731328,1002.7777777777778,-1.0,40.53444444444444,68.33777777777779,31.73444444444445,103.3611111111111,49.467777777777776
2024-03-05 08:12:01,-1.0,5.240223266666058,28.026834700000336,2.0894326333333284,2.5657684333332043,4.466899233333284,5.449443666666791,-1.0,15.7696,51.93728,15.896576,88.313856,126.963712,117.731328,1002.7777777777778,-1.0,40.53444444444444,68.33777777777779,30.617777777777775,64.0,196.0
2024-03-05 08:12:06,-1.0,2.478390766664991,50.20875133333409,2.0894326333333284,2.5657684333332043,4.466899233333284,5.449443666666791,-1.0,15.773696,51.822592,15.896576,88.313856,126.963712,117.731328,4011.1111111111104,-1.0,40.53444444444444,191.3611111111111,30.617777777777775,64.0,196.0
2024-03-05 08:12:11,-1.0,2.4783907666649916,50.2087513333341,2.0894326333333284,2.5657684333332043,4.466899233333284,2.9903277999996662,-1.0,15.773696,51.822592,15.896576,88.313856,126.963712,117.776384,4011.1111111111113,-1.0,286.7377777777778,191.36111111111111,30.617777777777775,64.0,196.0
2024-03-05 08:12:16,-1.0,2.4783907666649916,50.2087513333341,2.0894326333333284,2.5657684333332043,4.466899233333284,2.9903277999996662,-1.0,15.773696,51.822592,15.896576,88.313856,126.963712,117.776384,4011.1111111111113,-1.0,286.7377777777778,191.36111111111111,30.617777777777775,64.0,196.0
2024-03-05 08:12:21,-1.0,2.4783907666649916,50.2087513333341,2.0894326333333284,2.5657684333332043,4.466899233333284,2.9903277999996662,-1.0,15.773696,51.822592,15.896576,88.313856,126.963712,117.776384,4011.1111111111113,-1.0,286.7377777777778,191.36111111111111,30.617777777777775,64.0,196.0
2024-03-05 08:12:26,-1.0,2.4783907666649916,50.2087513333341,2.0894326333333284,2.5657684333332043,4.466899233333284,2.9903277999996662,-1.0,15.773696,51.822592,15.896576,88.313856,126.963712,117.776384,4011.1111111111113,-1.0,286.7377777777778,191.36111111111111,30.617777777777775,64.0,196.0
2024-03-05 08:12:31,-1.0,2.4783907666649916,50.2087513333341,2.002416033333295,1.10567200000015,5.3871931000003315,2.9903277999996662,-1.0,15.773696,51.822592,15.335424,88.313856,127.09888,117.776384,4011.1111111111113,-1.0,286.7377777777778,191.36111111111111,45.78777777777778,152.11111111111111,118.81
2024-03-05 08:12:36,-1.0,6.349588766666632,59.6737952333323,2.002416033333295,1.10567200000015,5.3871931000003315,2.9903277999996662,-1.0,15.949824,51.822592,15.335424,88.313856,127.09888,117.776384,5615.004444444443,-1.0,286.7377777777778,189.52111111111103,45.78777777777778,152.11111111111111,118.81
2024-03-05 08:12:41,-1.0,6.349588766666633,59.67379523333231,2.002416033333295,1.10567200000015,5.3871931000003315,4.838665600000051,-1.0,15.949824,51.822592,15.335424,88.313856,127.09888,117.981184,5615.004444444445,-1.0,44.001111111111115,189.52111111111114,45.78777777777778,152.11111111111111,118.81
2024-03-05 08:12:46,-1.0,6.349588766666633,59.67379523333231,2.002416033333295,1.10567200000015,5.3871931000003315,4.838665600000051,-1.0,15.949824,51.822592,15.335424,88.313856,127.09888,117.981184,5615.004444444445,-1.0,44.001111111111115,189.52111111111114,45.78777777777778,152.11111111111111,118.81
2024-03-05 08:12:51,-1.0,6.349588766666633,59.67379523333231,2.002416033333295,1.10567200000015,5.3871931000003315,4.838665600000051,-1.0,15.949824,51.822592,15.335424,88.313856,127.09888,117.981184,5615.004444444445,-1.0,44.001111111111115,189.52111111111114,45.78777777777778,152.11111111111111,118.81
2024-03-05 08:12:56,-1.0,6.349588766666633,59.67379523333231,2.002416033333295,1.10567200000015,5.3871931000003315,4.838665600000051,-1.0,15.949824,51.822592,15.335424,88.313856,127.09888,117.981184,5615.004444444445,-1.0,44.001111111111115,189.52111111111114,45.78777777777778,152.11111111111111,118.81
2024-03-05 08:13:01,-1.0,6.349588766666633,59.67379523333231,1.6318785666667188,2.519990299999838,5.013889399999982,4.838665600000051,-1.0,15.949824,51.822592,15.638528,88.313856,127.20128,117.981184,5615.004444444445,-1.0,44.001111111111115,189.52111111111114,40.96000000000001,83.41777777777777,25.0
2024-03-05 08:13:06,-1.0,5.935402300000684,40.3473948666677,1.6318785666667188,2.519990299999838,5.013889399999982,4.838665600000051,-1.0,16.007168,52.0192,15.638528,88.313856,127.20128,117.981184,3753.6044444444433,-1.0,44.001111111111115,207.35999999999996,40.96000000000001,83.41777777777777,25.0
2024-03-05 08:13:11,-1.0,5.935402300000685,40.347394866667706,1.6318785666667188,2.519990299999838,5.013889399999982,6.071275933333216,-1.0,16.007168,52.0192,15.638528,88.313856,127.20128,118.12864,3753.604444444444,-1.0,210.25,207.36,40.96000000000001,83.41777777777777,25.0
2024-03-05 08:13:16,-1.0,5.935402300000685,40.347394866667706,1.6318785666667188,2.519990299999838,5.013889399999982,6.071275933333216,-1.0,16.007168,52.0192,15.638528,88.313856,127.20128,118.12864,3753.604444444444,-1.0,210.25,207.36,40.96000000000001,83.41777777777777,25.0
2024-03-05 08:13:21,-1.0,5.935402300000685,40.347394866667706,1.6318785666667188,2.519990299999838,5.013889399999982,6.071275933333216,-1.0,16.007168,52.0192,15.638528,88.313856,127.20128,118.12864,3753.604444444444,-1.0,210.25,207.36,40.96000000000001,83.41777777777777,25.0
2024-03-05 08:13:26,-1.0,5.935402300000685,40.347394866667706,1.6318785666667188,2.519990299999838,5.013889399999982,6.071275933333216,-1.0,16.007168,52.0192,15.638528,88.313856,127.20128,118.12864,3753.604444444444,-1.0,210.25,207.36,40.96000000000001,83.41777777777777,25.0
2024-03-05 08:13:31,-1.0,5.935402300000685,40.347394866667706,1.7503037333333062,1.7042591000001532,5.730354699999888,6.071275933333216,-1.0,16.007168,52.0192,16.007168,88.313856,128.233472,118.12864,3753.604444444444,-1.0,210.25,207.36,37.209999999999994,52.80444444444444,225.0
2024-03-05 08:13:36,-1.0,5.861061766665897,37.61934196666629,1.7503037333333062,1.7042591000001532,5.730354699999888,6.071275933333216,-1.0,16.052224,51.93728,16.007168,88.313856,128.233472,118.12864,4876.694444444442,-1.0,210.25,48.53444444444443,37.209999999999994,52.80444444444444,225.0
2024-03-05 08:13:41,-1.0,5.861061766665898,37.6193419666663,1.7503037333333062,1.7042591000001532,5.730354699999888,4.918337233333622,-1.0,16.052224,51.93728,16.007168,88.313856,128.233472,118.276096,4876.694444444443,-1.0,113.06777777777776,48.534444444444446,37.209999999999994,52.80444444444444,225.0
2024-03-05 08:13:46,-1.0,5.861061766665898,37.6193419666663,1.7503037333333062,1.7042591000001532,5.730354699999888,4.918337233333622,-1.0,16.052224,51.93728,16.007168,88.313856,128.233472,118.276096,4876.694444444443,-1.0,113.06777777777776,48.534444444444446,37.209999999999994,52.80444444444444,225.0
2024-03-05 08:13:51,-1.0,5.861061766665898,37.6193419666663,1.7503037333333062,1.7042591000001532,5.730354699999888,4.918337233333622,-1.0,16.052224,51.93728,16.007168,88.313856,128.233472,118.276096,4876.694444444443,-1.0,113.06777777777776,48.534444444444446,37.209999999999994,52.80444444444444,225.0
2024-03-05 08:13:56,-1.0,5.861061766665898,37.6193419666663,1.7503037333333062,1.7042591000001532,5.730354699999888,4.918337233333622,-1.0,16.052224,51.93728,16.007168,88.313856,128.233472,118.276096,4876.694444444443,-1.0,113.06777777777776,48.534444444444446,37.209999999999994,52.80444444444444,225.0
2024-03-05 08:14:01,-1.0,5.861061766665898,37.6193419666663,1.9154296666666681,2.83412813333328,4.6847349666668,4.918337233333622,-1.0,16.052224,51.93728,15.679488,88.313856,128.356352,118.276096,4876.694444444443,-1.0,113.06777777777776,48.534444444444446,25.334444444444443,58.26777777777778,104.03999999999999
2024-03-05 08:14:06,-1.0,5.64446593333514,47.546003566666656,1.9154296666666681,2.83412813333328,4.6847349666668,4.918337233333622,-1.0,16.044032,51.93728,15.679488,88.313856,128.356352,118.276096,1298.4011111111104,-1.0,113.06777777777776,148.83999999999995,25.334444444444443,58.26777777777778,104.03999999999999
2024-03-05 08:14:11,-1.0,5.644465933335141,47.54600356666667,1.9154296666666681,2.83412813333328,4.6847349666668,4.645966866666621,-1.0,16.044032,51.93728,15.679488,88.313856,128.356352,118.39488,1298.401111111111,-1.0,37.61777777777778,148.83999999999997,25.334444444444443,58.26777777777778,104.03999999999999
2024-03-05 08:14:16,-1.0,5.644465933335141,47.54600356666667,1.9154296666666681,2.83412813333328,4.6847349666668,4.645966866666621,-1.0,16.044032,51.93728,15.679488,88.313856,128.356352,118.39488,1298.401111111111,-1.0,37.61777777777778,148.83999999999997,25.334444444444443,58.26777777777778,104.03999999999999
2024-03-05 08:14:21,-1.0,5.644465933335141,47.54600356666667,1.9154296666666681,2.83412813333328,4.6847349666668,4.645966866666621,-1.0,16.044032,51.93728,15.679488,88.313856,128.356352,118.39488,1298.401111111111,-1.0,37.61777777777778,148.83999999999997,25.334444444444443,58.26777777777778,104.03999999999999
2024-03-05 08:14:26,-1.0,5.644465933335141,47.54600356666667,1.9154296666666681,2.83412813333328,4.6847349666668,4.645966866666621,-1.0,16.044032,51.93728,15.679488,88.313856,128.356352,118.39488,1298.401111111111,-1.0,37.61777777777778,148.83999999999997,25.334444444444443,58.26777777777778,104.03999999999999
2024-03-05 08:14:31,-1.0,5.644465933335141,47.54600356666667,1.7748226666666274,2.7477780000000487,16.536263666666667,4.645966866666621,-1.0,16.044032,51.93728,15.773696,88.313856,127.688704,118.39488,1298.401111111111,-1.0,37.61777777777778,148.83999999999997,30.617777777777775,57.76,41.81777777777778
2024-03-05 08:14:36,-1.0,6.757554766666846,37.991729199999696,1.7748226666666274,2.7477780000000487,16.536263666666667,4.645966866666621,-1.0,16.101376,51.822592,15.773696,88.313856,127.688704,118.39488,4057.6899999999996,-1.0,37.61777777777778,179.55999999999997,30.617777777777775,57.76,41.81777777777778
2024-03-05 08:14:41,-1.0,6.757554766666848,37.9917291999997,1.7748226666666274,2.7477780000000487,16.536263666666667,2.7298282666668188,-1.0,16.101376,51.822592,15.773696,88.313856,127.688704,118.448128,4057.6900000000005,-1.0,170.73777777777778,179.56,30.617777777777775,57.76,41.81777777777778
2024-03-05 08:14:46,-1.0,6.757554766666848,37.9917291999997,1.7748226666666274,2.7477780000000487,16.536263666666667,2.7298282666668188,-1.0,16.101376,51.822592,15.773696,88.313856,127.688704,118.448128,4057.6900000000005,-1.0,170.73777777777778,179.56,30.617777777777775,57.76,41.81777777777778
2024-03-05 08:14:51,-1.0,6.757554766666848,37.9917291999997,1.7748226666666274,2.7477780000000487,16.536263666666667,2.7298282666668188,-1.0,16.101376,51.822592,15.773696,88.313856,127.688704,118.448128,4057.6900000000005,-1.0,170.73777777777778,179.56,30.617777777777775,57.76,41.81777777777778
2024-03-05 08:14:56,-1.0,6.757554766666848,37.9917291999997,1.7748226666666274,2.7477780000000487,16.536263666666667,2.7298282666668188,-1.0,16.101376,51.822592,15.773696,88.313856,127.688704,118.448128,4057.6900000000005,-1.0,170.73777777777778,179.56,30.617777777777775,57.76,41.81777777777778
2024-03-05 08:15:01,-1.0,6.757554766666848,37.9917291999997,1.8776677000000555,2.0585305333331876,5.682955566666692,2.7298282666668188,-1.0,16.101376,51.822592,15.200256,88.313856,127.823872,118.448128,4057.6900000000005,-1.0,170.73777777777778,179.56,10.027777777777777,35.60111111111111,106.77777777777779
2024-03-05 08:15:06,-1.0,5.917728999997961,43.10816183333372,1.8776677000000555,2.0585305333331876,5.682955566666692,2.7298282666668188,-1.0,16.105472,51.93728,15.200256,88.313856,127.823872,118.448128,5324.134444444443,-1.0,170.73777777777778,250.6944444444444,10.027777777777777,35.60111111111111,106.77777777777779
2024-03-05 08:15:11,-1.0,5.917728999997962,43.108161833333725,1.8776677000000555,2.0585305333331876,5.682955566666692,4.610755233332971,-1.0,16.105472,51.93728,15.200256,88.313856,127.823872,118.587392,5324.134444444445,-1.0,163.84000000000003,250.69444444444446,10.027777777777777,35.60111111111111,106.77777777777779
2024-03-05 08:15:16,-1.0,5.917728999997962,43.108161833333725,1.8776677000000555,2.0585305333331876,5.682955566666692,4.610755233332971,-1.0,16.105472,51.93728,15.200256,88.313856,127.823872,118.587392,5324.134444444445,-1.0,163.84000000000003,250.69444444444446,10.027777777777777,35.60111111111111,106.77777777777779
2024-03-05 08:15:21,-1.0,5.917728999997962,43.108161833333725,1.8776677000000555,2.0585305333331876,5.682955566666692,4.610755233332971,-1.0,16.105472,51.93728,15.200256,88.313856,127.823872,118.587392,5324.134444444445,-1.0,163.84000000000003,250.69444444444446,10.027777777777777,35.60111111111111,106.77777777777779
2024-03-05 08:15:26,-1.0,5.917728999997962,43.108161833333725,1.8776677000000555,2.0585305333331876,5.682955566666692,4.610755233332971,-1.0,16.105472,51.93728,15.200256,88.313856,127.823872,118.587392,5324.134444444445,-1.0,163.84000000000003,250.69444444444446,10.027777777777777,35.60111111111111,106.77777777777779
2024-03-05 08:15:31,-1.0,5.917728999997962,43.108161833333725,1.7009698000000146,2.0341293666668037,2.922744899999922,4.610755233332971,-1.0,16.105472,51.93728,15.536128,88.313856,127.85664,118.587392,5324.134444444445,-1.0,163.84000000000003,250.69444444444446,39.69,68.33777777777779,278.89
2024-03-05 08:15:36,-1.0,4.429296233335359,49.48012426666726,1.7009698000000146,2.0341293666668037,2.922744899999922,4.610755233332971,-1.0,16.162816,51.93728,15.536128,88.313856,127.85664,118.587392,3184.72111111111,-1.0,163.84000000000003,48.53444444444443,39.69,68.33777777777779,278.89
2024-03-05 08:15:41,-1.0,4.42929623333536,49.48012426666727,1.7009698000000146,2.0341293666668037,2.922744899999922,6.139722466666815,-1.0,16.162816,51.93728,15.536128,88.313856,127.85664,118.652928,3184.7211111111105,-1.0,63.467777777777776,48.534444444444446,39.69,68.33777777777779,278.89
2024-03-05 08:15:46,-1.0,4.42929623333536,49.48012426666727,1.7009698000000146,2.0341293666668037,2.922744899999922,6.139722466666815,-1.0,16.162816,51.93728,15.536128,88.313856,127.85664,118.652928,3184.7211111111105,-1.0,63.467777777777776,48.534444444444446,39.69,68.33777777777779,278.89
2024-03-05 08:15:51,-1.0,4.42929623333536,49.48012426666727,1.7009698000000146,2.0341293666668037,2.922744899999922,6.139722466666815,-1.0,16.162816,51.93728,15.536128,88.313856,127.85664,118.652928,3184.7211111111105,-1.0,63.467777777777776,48.534444444444446,39.69,68.33777777777779,278.89
2024-03-05 08:15:56,-1.0,4.42929623333536,49.48012426666727,1.7009698000000146,2.0341293666668037,2.922744899999922,6.139722466666815,-1.0,16.162816,51.93728,15.536128,88.313856,127.85664,118.652928,3184.7211111111105,-1.0,63.467777777777776,48.534444444444446,39.69,68.33777777777779,278.89
2024-03-05 08:16:01,-1.0,4.42929623333536,49.48012426666727,1.512780600000004,2.486345399999834,5.313613766666474,6.139722466666815,-1.0,16.162816,51.93728,15.761408,88.313856,128.053248,118.652928,3184.7211111111105,-1.0,63.467777777777776,48.534444444444446,29.521111111111114,113.06777777777776,148.02777777777777
