timestamp,details-v1-b788479c5-bbg6t_cpu,productpage-v1-7fb564989f-lvdk6_cpu,ratings-v1-5b6b66f9b5-7bln6_cpu,reviews-v1-7b76c4f45d-ct84h_cpu,reviews-v1-7b76c4f45d-x9mxc_cpu,reviews-v3-5fd56449d8-tv4wp_cpu,reviews-v2-6ccf99c555-fqvhb_cpu,details-v1-b788479c5-bbg6t_memory,productpage-v1-7fb564989f-lvdk6_memory,ratings-v1-5b6b66f9b5-7bln6_memory,reviews-v1-7b76c4f45d-ct84h_memory,reviews-v1-7b76c4f45d-x9mxc_memory,reviews-v3-5fd56449d8-tv4wp_memory,reviews-v2-6ccf99c555-fqvhb_memory,reviews-v1-7b76c4f45d-ct84h_network,productpage-v1-7fb564989f-lvdk6_network,reviews-v2-6ccf99c555-fqvhb_network,details-v1-b788479c5-bbg6t_network,reviews-v3-5fd56449d8-tv4wp_network,reviews-v1-7b76c4f45d-x9mxc_network,ratings-v1-5b6b66f9b5-7bln6_network
2024-03-06 08:00:05,6.899287433331361,47.80874610000864,1.7289415333323175,-1.0,1.9531096000036996,4.430286999998619,4.993554566666111,24.4736,55.914496,8.200192,-1.0,87.519232,404.488192,400.187392,-1.0,2466.777777777777,102.00999999999999,162.1377777777777,120.26777777777778,28.801111111111105,90.88444444444441
2024-03-06 08:00:10,6.899287433331362,47.80874610000865,1.7289415333323177,-1.0,1.9531096000036996,4.430286999998619,5.024204066666016,24.4736,55.914496,8.200192,-1.0,87.519232,404.488192,400.187392,-1.0,2466.7777777777774,157.08444444444444,162.13777777777776,120.26777777777778,28.801111111111105,90.88444444444444
2024-03-06 08:00:15,6.899287433331362,47.80874610000865,1.7289415333323177,-1.0,1.9531096000036996,4.430286999998619,5.024204066666016,24.4736,55.914496,8.200192,-1.0,87.519232,404.488192,400.187392,-1.0,2466.7777777777774,157.08444444444444,162.13777777777776,120.26777777777778,28.801111111111105,90.88444444444444
2024-03-06 08:00:20,6.899287433331362,47.80874610000865,1.7289415333323177,-1.0,1.9531096000036996,4.430286999998619,5.024204066666016,24.4736,55.914496,8.200192,-1.0,87.519232,404.488192,400.187392,-1.0,2466.7777777777774,157.08444444444444,162.13777777777776,120.26777777777778,28.801111111111105,90.88444444444444
2024-03-06 08:00:25,6.899287433331362,47.80874610000865,1.7289415333323177,-1.0,1.9531096000036996,4.430286999998619,5.024204066666016,24.4736,55.914496,8.200192,-1.0,87.519232,404.488192,400.187392,-1.0,2466.7777777777774,157.08444444444444,162.13777777777776,120.26777777777778,28.801111111111105,90.88444444444444
2024-03-06 08:00:30,6.899287433331362,47.80874610000865,1.7289415333323177,-1.0,2.0245760666663655,5.04413050000115,5.024204066666016,24.4736,55.914496,8.200192,-1.0,86.683648,404.189184,400.187392,-1.0,2466.7777777777774,157.08444444444444,162.13777777777776,132.25,33.64,90.88444444444444
2024-03-06 08:00:35,6.925382300005366,54.67571869999119,1.475709200000589,-1.0,2.0245760666663655,5.04413050000115,5.024204066666016,24.477696,55.898112,7.524352,-1.0,86.683648,404.189184,400.187392,-1.0,4728.854444444442,157.08444444444444,174.23999999999992,132.25,33.64,36.4011111111111
2024-03-06 08:00:40,6.925382300005367,54.675718699991194,1.4757092000005891,-1.0,2.0245760666663655,5.04413050000115,3.6926679000013487,24.477696,55.898112,7.524352,-1.0,86.683648,404.189184,400.187392,-1.0,4728.854444444444,142.40444444444444,174.23999999999998,132.25,33.64,36.401111111111106
2024-03-06 08:00:45,6.925382300005367,54.675718699991194,1.4757092000005891,-1.0,2.0245760666663655,5.04413050000115,3.6926679000013487,24.477696,55.898112,7.524352,-1.0,86.683648,404.189184,400.187392,-1.0,4728.854444444444,142.40444444444444,174.23999999999998,132.25,33.64,36.401111111111106
2024-03-06 08:00:50,6.925382300005367,54.675718699991194,1.4757092000005891,-1.0,2.0245760666663655,5.04413050000115,3.6926679000013487,24.477696,55.898112,7.524352,-1.0,86.683648,404.189184,400.187392,-1.0,4728.854444444444,142.40444444444444,174.23999999999998,132.25,33.64,36.401111111111106
2024-03-06 08:00:55,6.925382300005367,54.675718699991194,1.4757092000005891,-1.0,2.0245760666663655,5.04413050000115,3.6926679000013487,24.477696,55.898112,7.524352,-1.0,86.683648,404.189184,400.187392,-1.0,4728.854444444444,142.40444444444444,174.23999999999998,132.25,33.64,36.401111111111106
2024-03-06 08:01:00,6.925382300005367,54.675718699991194,1.4757092000005891,-1.0,1.824023166667151,2.96410083333285,3.6926679000013487,24.477696,55.898112,7.524352,-1.0,86.683648,404.189184,400.187392,-1.0,4728.854444444444,142.40444444444444,174.23999999999998,71.68444444444445,13.937777777777779,36.401111111111106
2024-03-06 08:01:05,2.411056766656353,32.30464166667843,1.4135680000000168,-1.0,1.824023166667151,2.96410083333285,3.6926679000013487,24.477696,55.799808,7.868416,-1.0,86.683648,404.189184,400.187392,-1.0,2794.884444444444,142.40444444444444,111.65444444444441,71.68444444444445,13.937777777777779,84.63999999999996
2024-03-06 08:01:10,2.4110567666563534,32.304641666678435,1.413568000000017,-1.0,1.824023166667151,2.96410083333285,3.966252766665927,24.477696,55.799808,7.868416,-1.0,86.683648,404.189184,400.187392,-1.0,2794.8844444444444,144.0,111.65444444444444,71.68444444444445,13.937777777777779,84.63999999999999
2024-03-06 08:01:15,2.4110567666563534,32.304641666678435,1.413568000000017,-1.0,1.824023166667151,2.96410083333285,3.966252766665927,24.477696,55.799808,7.868416,-1.0,86.683648,404.189184,400.187392,-1.0,2794.8844444444444,144.0,111.65444444444444,71.68444444444445,13.937777777777779,84.63999999999999
2024-03-06 08:01:20,2.4110567666563534,32.304641666678435,1.413568000000017,-1.0,1.824023166667151,2.96410083333285,3.966252766665927,24.477696,55.799808,7.868416,-1.0,86.683648,404.189184,400.187392,-1.0,2794.8844444444444,144.0,111.65444444444444,71.68444444444445,13.937777777777779,84.63999999999999
2024-03-06 08:01:25,2.4110567666563534,32.304641666678435,1.413568000000017,-1.0,1.824023166667151,2.96410083333285,3.966252766665927,24.477696,55.799808,7.868416,-1.0,86.683648,404.189184,400.187392,-1.0,2794.8844444444444,144.0,111.65444444444444,71.68444444444445,13.937777777777779,84.63999999999999
2024-03-06 08:01:30,2.4110567666563534,32.304641666678435,1.413568000000017,-1.0,2.4758324000003995,5.330886233332421,3.966252766665927,24.477696,55.799808,7.868416,-1.0,86.462464,404.2752,400.187392,-1.0,2794.8844444444444,144.0,111.65444444444444,166.41,30.617777777777775,84.63999999999999
2024-03-06 08:01:35,8.465381233342363,65.29235009999562,0.9500406000010267,-1.0,2.4758324000003995,5.330886233332421,3.966252766665927,24.49408,55.93088,7.872512,-1.0,86.462464,404.2752,400.187392,-1.0,3449.6044444444437,144.0,147.2177777777777,166.41,30.617777777777775,69.44444444444443
2024-03-06 08:01:40,8.465381233342365,65.29235009999562,0.9500406000010269,-1.0,2.4758324000003995,5.330886233332421,5.249982233332655,24.49408,55.93088,7.872512,-1.0,86.462464,404.2752,400.187392,-1.0,3449.6044444444447,115.20444444444442,147.21777777777777,166.41,30.617777777777775,69.44444444444446
2024-03-06 08:01:45,8.465381233342365,65.29235009999562,0.9500406000010269,-1.0,2.4758324000003995,5.330886233332421,5.249982233332655,24.49408,55.93088,7.872512,-1.0,86.462464,404.2752,400.187392,-1.0,3449.6044444444447,115.20444444444442,147.21777777777777,166.41,30.617777777777775,69.44444444444446
2024-03-06 08:01:50,8.465381233342365,65.29235009999562,0.9500406000010269,-1.0,2.4758324000003995,5.330886233332421,5.249982233332655,24.49408,55.93088,7.872512,-1.0,86.462464,404.2752,400.187392,-1.0,3449.6044444444447,115.20444444444442,147.21777777777777,166.41,30.617777777777775,69.44444444444446
2024-03-06 08:01:55,8.465381233342365,65.29235009999562,0.9500406000010269,-1.0,2.4758324000003995,5.330886233332421,5.249982233332655,24.49408,55.93088,7.872512,-1.0,86.462464,404.2752,400.187392,-1.0,3449.6044444444447,115.20444444444442,147.21777777777777,166.41,30.617777777777775,69.44444444444446
2024-03-06 08:02:00,8.465381233342365,65.29235009999562,0.9500406000010269,-1.0,2.1843596999967003,5.982679200000499,5.249982233332655,24.49408,55.93088,7.872512,-1.0,86.335488,404.02944,400.187392,-1.0,3449.6044444444447,115.20444444444442,147.21777777777777,60.839999999999996,26.351111111111116,69.44444444444446
2024-03-06 08:02:05,3.9079970666686368,40.38948693332713,1.7261112999998809,-1.0,2.1843596999967003,5.982679200000499,5.249982233332655,24.477696,55.922688,8.474624,-1.0,86.335488,404.02944,400.187392,-1.0,2483.361111111111,115.20444444444442,148.83999999999995,60.839999999999996,26.351111111111116,73.38777777777774
2024-03-06 08:02:10,3.9079970666686377,40.389486933327134,1.726111299999881,-1.0,2.1843596999967003,5.982679200000499,3.9215960666676137,24.477696,55.922688,8.474624,-1.0,86.335488,404.02944,400.22016,-1.0,2483.3611111111113,137.6711111111111,148.83999999999997,60.839999999999996,26.351111111111116,73.38777777777777
2024-03-06 08:02:15,3.9079970666686377,40.389486933327134,1.726111299999881,-1.0,2.1843596999967003,5.982679200000499,3.9215960666676137,24.477696,55.922688,8.474624,-1.0,86.335488,404.02944,400.22016,-1.0,2483.3611111111113,137.6711111111111,148.83999999999997,60.839999999999996,26.351111111111116,73.38777777777777
2024-03-06 08:02:20,3.9079970666686377,40.389486933327134,1.726111299999881,-1.0,2.1843596999967003,5.982679200000499,3.9215960666676137,24.477696,55.922688,8.474624,-1.0,86.335488,404.02944,400.22016,-1.0,2483.3611111111113,137.6711111111111,148.83999999999997,60.839999999999996,26.351111111111116,73.38777777777777
2024-03-06 08:02:25,3.9079970666686377,40.389486933327134,1.726111299999881,-1.0,2.1843596999967003,5.982679200000499,3.9215960666676137,24.477696,55.922688,8.474624,-1.0,86.335488,404.02944,400.22016,-1.0,2483.3611111111113,137.6711111111111,148.83999999999997,60.839999999999996,26.351111111111116,73.38777777777777
2024-03-06 08:02:30,3.9079970666686377,40.389486933327134,1.726111299999881,-1.0,1.6612871000006635,5.378309866667526,3.9215960666676137,24.477696,55.922688,8.474624,-1.0,86.183936,404.041728,400.22016,-1.0,2483.3611111111113,137.6711111111111,148.83999999999997,128.44444444444446,32.49,73.38777777777777
2024-03-06 08:02:35,6.6698263333364585,45.41052820000004,1.867756533332946,-1.0,1.6612871000006635,5.378309866667526,3.9215960666676137,24.477696,55.922688,8.220672,-1.0,86.183936,404.041728,400.22016,-1.0,3910.417777777777,137.6711111111111,169.86777777777772,128.44444444444446,32.49,119.53777777777775
2024-03-06 08:02:40,6.669826333336459,45.410528200000044,1.8677565333329462,-1.0,1.6612871000006635,5.378309866667526,5.058313433333221,24.477696,55.922688,8.220672,-1.0,86.183936,404.041728,400.265216,-1.0,3910.4177777777777,224.0011111111111,169.86777777777777,128.44444444444446,32.49,119.53777777777778
2024-03-06 08:02:45,6.669826333336459,45.410528200000044,1.8677565333329462,-1.0,1.6612871000006635,5.378309866667526,5.058313433333221,24.477696,55.922688,8.220672,-1.0,86.183936,404.041728,400.265216,-1.0,3910.4177777777777,224.0011111111111,169.86777777777777,128.44444444444446,32.49,119.53777777777778
2024-03-06 08:02:50,6.669826333336459,45.410528200000044,1.8677565333329462,-1.0,1.6612871000006635,5.378309866667526,5.058313433333221,24.477696,55.922688,8.220672,-1.0,86.183936,404.041728,400.265216,-1.0,3910.4177777777777,224.0011111111111,169.86777777777777,128.44444444444446,32.49,119.53777777777778
2024-03-06 08:02:55,6.669826333336459,45.410528200000044,1.8677565333329462,-1.0,1.6612871000006635,5.378309866667526,5.058313433333221,24.477696,55.922688,8.220672,-1.0,86.183936,404.041728,400.265216,-1.0,3910.4177777777777,224.0011111111111,169.86777777777777,128.44444444444446,32.49,119.53777777777778
2024-03-06 08:03:00,6.669826333336459,45.410528200000044,1.8677565333329462,-1.0,2.073459999996885,4.586798999999549,5.058313433333221,24.477696,55.922688,8.220672,-1.0,87.51104,406.421504,400.265216,-1.0,3910.4177777777777,224.0011111111111,169.86777777777777,103.3611111111111,36.401111111111106,119.53777777777778
2024-03-06 08:03:05,6.4088128666602024,38.90486883333323,0.7730807666670594,-1.0,2.073459999996885,4.586798999999549,5.058313433333221,24.444928,55.922688,7.950336,-1.0,87.51104,406.421504,400.265216,-1.0,4774.809999999998,224.0011111111111,100.66777777777774,103.3611111111111,36.401111111111106,18.777777777777768
2024-03-06 08:03:10,6.408812866660203,38.90486883333324,0.7730807666670596,-1.0,2.073459999996885,4.586798999999549,4.4310626333337195,24.444928,55.922688,7.950336,-1.0,87.51104,406.421504,400.2816,-1.0,4774.8099999999995,45.78777777777778,100.66777777777777,103.3611111111111,36.401111111111106,18.777777777777775
2024-03-06 08:03:15,6.408812866660203,38.90486883333324,0.7730807666670596,-1.0,2.073459999996885,4.586798999999549,4.4310626333337195,24.444928,55.922688,7.950336,-1.0,87.51104,406.421504,400.2816,-1.0,4774.8099999999995,45.78777777777778,100.66777777777777,103.3611111111111,36.401111111111106,18.777777777777775
2024-03-06 08:03:20,6.408812866660203,38.90486883333324,0.7730807666670596,-1.0,2.073459999996885,4.586798999999549,4.4310626333337195,24.444928,55.922688,7.950336,-1.0,87.51104,406.421504,400.2816,-1.0,4774.8099999999995,45.78777777777778,100.66777777777777,103.3611111111111,36.401111111111106,18.777777777777775
2024-03-06 08:03:25,6.408812866660203,38.90486883333324,0.7730807666670596,-1.0,2.073459999996885,4.586798999999549,4.4310626333337195,24.444928,55.922688,7.950336,-1.0,87.51104,406.421504,400.2816,-1.0,4774.8099999999995,45.78777777777778,100.66777777777777,103.3611111111111,36.401111111111106,18.777777777777775
2024-03-06 08:03:30,6.408812866660203,38.90486883333324,0.7730807666670596,-1.0,1.7799430666703604,2.679243233330908,4.4310626333337195,24.444928,55.922688,7.950336,-1.0,87.375872,406.515712,400.2816,-1.0,4774.8099999999995,45.78777777777778,100.66777777777777,82.80999999999999,28.09,18.777777777777775
2024-03-06 08:03:35,5.783671599995916,45.22964486667054,1.2606473333335086,-1.0,1.7799430666703604,2.679243233330908,4.4310626333337195,24.559616,55.922688,8.011776,-1.0,87.375872,406.515712,400.2816,-1.0,4023.7877777777767,45.78777777777778,129.95999999999998,82.80999999999999,28.09,159.60111111111107
2024-03-06 08:03:40,5.783671599995917,45.22964486667055,1.2606473333335089,-1.0,1.7799430666703604,2.679243233330908,3.9529207333335608,24.559616,55.922688,8.011776,-1.0,87.375872,406.515712,400.297984,-1.0,4023.787777777777,149.65444444444444,129.96,82.80999999999999,28.09,159.6011111111111
2024-03-06 08:03:45,5.783671599995917,45.22964486667055,1.2606473333335089,-1.0,1.7799430666703604,2.679243233330908,3.9529207333335608,24.559616,55.922688,8.011776,-1.0,87.375872,406.515712,400.297984,-1.0,4023.787777777777,149.65444444444444,129.96,82.80999999999999,28.09,159.6011111111111
2024-03-06 08:03:50,5.783671599995917,45.22964486667055,1.2606473333335089,-1.0,1.7799430666703604,2.679243233330908,3.9529207333335608,24.559616,55.922688,8.011776,-1.0,87.375872,406.515712,400.297984,-1.0,4023.787777777777,149.65444444444444,129.96,82.80999999999999,28.09,159.6011111111111
2024-03-06 08:03:55,5.783671599995917,45.22964486667055,1.2606473333335089,-1.0,1.7799430666703604,2.679243233330908,3.9529207333335608,24.559616,55.922688,8.011776,-1.0,87.375872,406.515712,400.297984,-1.0,4023.787777777777,149.65444444444444,129.96,82.80999999999999,28.09,159.6011111111111
2024-03-06 08:04:00,5.783671599995917,45.22964486667055,1.2606473333335089,-1.0,2.2215443333304092,5.151225366667707,3.9529207333335608,24.559616,55.922688,8.011776,-1.0,87.26528,406.355968,400.297984,-1.0,4023.787777777777,149.65444444444444,129.96,168.13444444444445,37.209999999999994,159.6011111111111
2024-03-06 08:04:05,4.381525533335661,34.22816223333029,1.9881778999983148,-1.0,2.2215443333304092,5.151225366667707,3.9529207333335608,24.461312,55.808,7.983104,-1.0,87.26528,406.355968,400.297984,-1.0,3237.609999999999,149.65444444444444,163.83999999999997,168.13444444444445,37.209999999999994,73.95999999999997
2024-03-06 08:04:10,4.381525533335662,34.228162233330295,1.9881778999983148,-1.0,2.2215443333304092,5.151225366667707,4.93069579999883,24.461312,55.808,7.983104,-1.0,87.26528,406.355968,400.334848,-1.0,3237.6099999999997,118.81,163.84000000000003,168.13444444444445,37.209999999999994,73.96
2024-03-06 08:04:15,4.381525533335662,34.228162233330295,1.9881778999983148,-1.0,2.2215443333304092,5.151225366667707,4.93069579999883,24.461312,55.808,7.983104,-1.0,87.26528,406.355968,400.334848,-1.0,3237.6099999999997,118.81,163.84000000000003,168.13444444444445,37.209999999999994,73.96
2024-03-06 08:04:20,4.381525533335662,34.228162233330295,1.9881778999983148,-1.0,2.2215443333304092,5.151225366667707,4.93069579999883,24.461312,55.808,7.983104,-1.0,87.26528,406.355968,400.334848,-1.0,3237.6099999999997,118.81,163.84000000000003,168.13444444444445,37.209999999999994,73.96
2024-03-06 08:04:25,4.381525533335662,34.228162233330295,1.9881778999983148,-1.0,2.2215443333304092,5.151225366667707,4.93069579999883,24.461312,55.808,7.983104,-1.0,87.26528,406.355968,400.334848,-1.0,3237.6099999999997,118.81,163.84000000000003,168.13444444444445,37.209999999999994,73.96
2024-03-06 08:04:30,4.381525533335662,34.228162233330295,1.9881778999983148,-1.0,2.1231845666685936,4.943420233333503,4.93069579999883,24.461312,55.808,7.983104,-1.0,86.736896,406.380544,400.334848,-1.0,3237.6099999999997,118.81,163.84000000000003,43.121111111111105,26.009999999999998,73.96
2024-03-06 08:04:35,5.116514966660663,45.98194626667766,1.1582900333337418,-1.0,2.1231845666685936,4.943420233333503,4.93069579999883,24.461312,55.922688,8.077312,-1.0,86.736896,406.380544,400.334848,-1.0,4049.20111111111,118.81,133.01777777777772,43.121111111111105,26.009999999999998,86.48999999999998
2024-03-06 08:04:40,5.116514966660665,45.98194626667767,1.158290033333742,-1.0,2.1231845666685936,4.943420233333503,3.0402383999993767,24.461312,55.922688,8.077312,-1.0,86.736896,406.380544,400.355328,-1.0,4049.201111111111,103.3611111111111,133.01777777777778,43.121111111111105,26.009999999999998,86.49000000000001
2024-03-06 08:04:45,5.116514966660665,45.98194626667767,1.158290033333742,-1.0,2.1231845666685936,4.943420233333503,3.0402383999993767,24.461312,55.922688,8.077312,-1.0,86.736896,406.380544,400.355328,-1.0,4049.201111111111,103.3611111111111,133.01777777777778,43.121111111111105,26.009999999999998,86.49000000000001
2024-03-06 08:04:50,5.116514966660665,45.98194626667767,1.158290033333742,-1.0,2.1231845666685936,4.943420233333503,3.0402383999993767,24.461312,55.922688,8.077312,-1.0,86.736896,406.380544,400.355328,-1.0,4049.201111111111,103.3611111111111,133.01777777777778,43.121111111111105,26.009999999999998,86.49000000000001
2024-03-06 08:04:55,5.116514966660665,45.98194626667767,1.158290033333742,-1.0,2.1231845666685936,4.943420233333503,3.0402383999993767,24.461312,55.922688,8.077312,-1.0,86.736896,406.380544,400.355328,-1.0,4049.201111111111,103.3611111111111,133.01777777777778,43.121111111111105,26.009999999999998,86.49000000000001
2024-03-06 08:05:00,5.116514966660665,45.98194626667767,1.158290033333742,-1.0,1.1971675333294722,5.988096766668605,3.0402383999993767,24.461312,55.922688,8.077312,-1.0,86.736896,406.46656,400.355328,-1.0,4049.201111111111,103.3611111111111,133.01777777777778,129.20111111111112,28.801111111111105,86.49000000000001
2024-03-06 08:05:05,5.488410366676058,51.14364979999663,1.3252548000006448,-1.0,1.1971675333294722,5.988096766668605,3.0402383999993767,24.461312,55.808,8.208384,-1.0,86.736896,406.46656,400.355328,-1.0,2955.734444444444,103.3611111111111,213.15999999999994,129.20111111111112,28.801111111111105,55.25444444444444
2024-03-06 08:05:10,5.488410366676059,51.14364979999664,1.325254800000645,-1.0,1.1971675333294722,5.988096766668605,4.532590500000803,24.461312,55.808,8.208384,-1.0,86.736896,406.46656,400.388096,-1.0,2955.7344444444443,119.53777777777778,213.16,129.20111111111112,28.801111111111105,55.254444444444445
2024-03-06 08:05:15,5.488410366676059,51.14364979999664,1.325254800000645,-1.0,1.1971675333294722,5.988096766668605,4.532590500000803,24.461312,55.808,8.208384,-1.0,86.736896,406.46656,400.388096,-1.0,2955.7344444444443,119.53777777777778,213.16,129.20111111111112,28.801111111111105,55.254444444444445
2024-03-06 08:05:20,5.488410366676059,51.14364979999664,1.325254800000645,-1.0,1.1971675333294722,5.988096766668605,4.532590500000803,24.461312,55.808,8.208384,-1.0,86.736896,406.46656,400.388096,-1.0,2955.7344444444443,119.53777777777778,213.16,129.20111111111112,28.801111111111105,55.254444444444445
2024-03-06 08:05:25,5.488410366676059,51.14364979999664,1.325254800000645,-1.0,1.1971675333294722,5.988096766668605,4.532590500000803,24.461312,55.808,8.208384,-1.0,86.736896,406.46656,400.388096,-1.0,2955.7344444444443,119.53777777777778,213.16,129.20111111111112,28.801111111111105,55.254444444444445
2024-03-06 08:05:30,5.488410366676059,51.14364979999664,1.325254800000645,-1.0,2.505838933332901,4.418746733332076,4.532590500000803,24.461312,55.808,8.208384,-1.0,86.298624,406.532096,400.388096,-1.0,2955.7344444444443,119.53777777777778,213.16,196.0,18.777777777777775,55.254444444444445
2024-03-06 08:05:35,5.81428359999639,27.655538899989548,1.6347108666650454,-1.0,2.505838933332901,4.418746733332076,4.532590500000803,24.477696,55.922688,7.778304,-1.0,86.298624,406.532096,400.388096,-1.0,1213.3611111111109,119.53777777777778,103.36111111111106,196.0,18.777777777777775,23.3611111111111
2024-03-06 08:05:40,5.814283599996391,27.65553889998955,1.6347108666650456,-1.0,2.505838933332901,4.418746733332076,4.744906533333429,24.477696,55.922688,7.778304,-1.0,86.298624,406.532096,400.461824,-1.0,1213.3611111111113,102.00999999999999,103.3611111111111,196.0,18.777777777777775,23.361111111111107
2024-03-06 08:05:45,5.814283599996391,27.65553889998955,1.6347108666650456,-1.0,2.505838933332901,4.418746733332076,4.744906533333429,24.477696,55.922688,7.778304,-1.0,86.298624,406.532096,400.461824,-1.0,1213.3611111111113,102.00999999999999,103.3611111111111,196.0,18.777777777777775,23.361111111111107
2024-03-06 08:05:50,5.814283599996391,27.65553889998955,1.6347108666650456,-1.0,2.505838933332901,4.418746733332076,4.744906533333429,24.477696,55.922688,7.778304,-1.0,86.298624,406.532096,400.461824,-1.0,1213.3611111111113,102.00999999999999,103.3611111111111,196.0,18.777777777777775,23.361111111111107
2024-03-06 08:05:55,5.814283599996391,27.65553889998955,1.6347108666650456,-1.0,2.505838933332901,4.418746733332076,4.744906533333429,24.477696,55.922688,7.778304,-1.0,86.298624,406.532096,400.461824,-1.0,1213.3611111111113,102.00999999999999,103.3611111111111,196.0,18.777777777777775,23.361111111111107
2024-03-06 08:06:00,5.814283599996391,27.65553889998955,1.6347108666650456,-1.0,1.443459500001154,4.086957433332827,4.744906533333429,24.477696,55.922688,7.778304,-1.0,86.09792,406.511616,400.461824,-1.0,1213.3611111111113,102.00999999999999,103.3611111111111,113.77777777777777,22.404444444444444,23.361111111111107
2024-03-06 08:06:05,6.639663433331102,48.29782086667364,1.4995460000022829,-1.0,1.443459500001154,4.086957433332827,4.744906533333429,24.461312,55.922688,8.081408,-1.0,86.09792,406.511616,400.461824,-1.0,5545.284444444443,102.00999999999999,124.69444444444439,113.77777777777777,22.404444444444444,157.0844444444444
2024-03-06 08:06:10,6.639663433331103,48.297820866673646,1.499546000002283,-1.0,1.443459500001154,4.086957433332827,3.692645999999892,24.461312,55.922688,8.081408,-1.0,86.09792,406.511616,400.519168,-1.0,5545.2844444444445,156.25,124.69444444444443,113.77777777777777,22.404444444444444,157.08444444444444
2024-03-06 08:06:15,6.639663433331103,48.297820866673646,1.499546000002283,-1.0,1.443459500001154,4.086957433332827,3.692645999999892,24.461312,55.922688,8.081408,-1.0,86.09792,406.511616,400.519168,-1.0,5545.2844444444445,156.25,124.69444444444443,113.77777777777777,22.404444444444444,157.08444444444444
2024-03-06 08:06:20,6.639663433331103,48.297820866673646,1.499546000002283,-1.0,1.443459500001154,4.086957433332827,3.692645999999892,24.461312,55.922688,8.081408,-1.0,86.09792,406.511616,400.519168,-1.0,5545.2844444444445,156.25,124.69444444444443,113.77777777777777,22.404444444444444,157.08444444444444
2024-03-06 08:06:25,6.639663433331103,48.297820866673646,1.499546000002283,-1.0,1.443459500001154,4.086957433332827,3.692645999999892,24.461312,55.922688,8.081408,-1.0,86.09792,406.511616,400.519168,-1.0,5545.2844444444445,156.25,124.69444444444443,113.77777777777777,22.404444444444444,157.08444444444444
2024-03-06 08:06:30,6.639663433331103,48.297820866673646,1.499546000002283,-1.0,2.834067000003415,6.929347000000992,3.692645999999892,24.461312,55.922688,8.081408,-1.0,85.897216,412.13952,400.519168,-1.0,5545.2844444444445,156.25,124.69444444444443,28.801111111111105,37.61777777777778,157.08444444444444
2024-03-06 08:06:35,3.164109833339049,40.101862600007124,1.6049949333326667,-1.0,2.834067000003415,6.929347000000992,3.692645999999892,24.461312,56.020992,7.655424,-1.0,85.897216,412.13952,400.519168,-1.0,2297.6044444444433,156.25,120.99999999999996,28.801111111111105,37.61777777777778,53.289999999999985
2024-03-06 08:06:40,3.1641098333390496,40.10186260000713,1.604994933332667,-1.0,2.834067000003415,6.929347000000992,4.2285542333331705,24.461312,56.020992,7.655424,-1.0,85.897216,412.13952,400.71168,-1.0,2297.604444444444,172.48444444444442,121.0,28.801111111111105,37.61777777777778,53.29
2024-03-06 08:06:45,3.1641098333390496,40.10186260000713,1.604994933332667,-1.0,2.834067000003415,6.929347000000992,4.2285542333331705,24.461312,56.020992,7.655424,-1.0,85.897216,412.13952,400.71168,-1.0,2297.604444444444,172.48444444444442,121.0,28.801111111111105,37.61777777777778,53.29
2024-03-06 08:06:50,3.1641098333390496,40.10186260000713,1.604994933332667,-1.0,2.834067000003415,6.929347000000992,4.2285542333331705,24.461312,56.020992,7.655424,-1.0,85.897216,412.13952,400.71168,-1.0,2297.604444444444,172.48444444444442,121.0,28.801111111111105,37.61777777777778,53.29
2024-03-06 08:06:55,3.1641098333390496,40.10186260000713,1.604994933332667,-1.0,2.834067000003415,6.929347000000992,4.2285542333331705,24.461312,56.020992,7.655424,-1.0,85.897216,412.13952,400.71168,-1.0,2297.604444444444,172.48444444444442,121.0,28.801111111111105,37.61777777777778,53.29
2024-03-06 08:07:00,3.1641098333390496,40.10186260000713,1.604994933332667,-1.0,1.2312049333331743,2.6835048999979945,4.2285542333331705,24.461312,56.020992,7.655424,-1.0,85.897216,412.225536,400.71168,-1.0,2297.604444444444,172.48444444444442,121.0,160.44444444444443,50.88444444444445,53.29
2024-03-06 08:07:05,8.05314653333274,43.55632346666121,1.2497543666654563,-1.0,1.2312049333331743,2.6835048999979945,4.2285542333331705,24.461312,56.037376,7.72096,-1.0,85.897216,412.225536,400.71168,-1.0,3632.07111111111,172.48444444444442,248.5877777777777,160.44444444444443,50.88444444444445,87.11111111111109
2024-03-06 08:07:10,8.053146533332741,43.556323466661226,1.2497543666654565,-1.0,1.2312049333331743,2.6835048999979945,4.431936733334396,24.461312,56.037376,7.72096,-1.0,85.897216,412.225536,400.867328,-1.0,3632.071111111111,65.07111111111111,248.5877777777778,160.44444444444443,50.88444444444445,87.11111111111113
2024-03-06 08:07:15,8.053146533332741,43.556323466661226,1.2497543666654565,-1.0,1.2312049333331743,2.6835048999979945,4.431936733334396,24.461312,56.037376,7.72096,-1.0,85.897216,412.225536,400.867328,-1.0,3632.071111111111,65.07111111111111,248.5877777777778,160.44444444444443,50.88444444444445,87.11111111111113
2024-03-06 08:07:20,8.053146533332741,43.556323466661226,1.2497543666654565,-1.0,1.2312049333331743,2.6835048999979945,4.431936733334396,24.461312,56.037376,7.72096,-1.0,85.897216,412.225536,400.867328,-1.0,3632.071111111111,65.07111111111111,248.5877777777778,160.44444444444443,50.88444444444445,87.11111111111113
2024-03-06 08:07:25,8.053146533332741,43.556323466661226,1.2497543666654565,-1.0,1.2312049333331743,2.6835048999979945,4.431936733334396,24.461312,56.037376,7.72096,-1.0,85.897216,412.225536,400.867328,-1.0,3632.071111111111,65.07111111111111,248.5877777777778,160.44444444444443,50.88444444444445,87.11111111111113
2024-03-06 08:07:30,8.053146533332741,43.556323466661226,1.2497543666654565,-1.0,828.8769630999998,5.648791366669078,4.431936733334396,24.461312,56.037376,7.72096,-1.0,89.563136,412.229632,400.867328,-1.0,3632.071111111111,65.07111111111111,248.5877777777778,67.24,28.801111111111105,87.11111111111113
2024-03-06 08:07:35,5.837652133338147,48.90196516666946,1.2867804000014376,-1.0,828.8769630999998,5.648791366669078,4.431936733334396,24.461312,55.808,7.909376,-1.0,89.563136,412.229632,400.867328,-1.0,2371.6899999999996,65.07111111111111,35.204444444444434,67.24,28.801111111111105,76.27111111111107
2024-03-06 08:07:40,5.837652133338148,48.90196516666947,1.286780400001438,-1.0,828.8769630999998,5.648791366669078,2.5423752999984117,24.461312,55.808,7.909376,-1.0,89.563136,412.229632,400.91648,-1.0,2371.69,145.60444444444443,35.20444444444445,67.24,28.801111111111105,76.2711111111111
2024-03-06 08:07:45,5.837652133338148,48.90196516666947,1.286780400001438,-1.0,828.8769630999998,5.648791366669078,2.5423752999984117,24.461312,55.808,7.909376,-1.0,89.563136,412.229632,400.91648,-1.0,2371.69,145.60444444444443,35.20444444444445,67.24,28.801111111111105,76.2711111111111
2024-03-06 08:07:50,5.837652133338148,48.90196516666947,1.286780400001438,-1.0,828.8769630999998,5.648791366669078,2.5423752999984117,24.461312,55.808,7.909376,-1.0,89.563136,412.229632,400.91648,-1.0,2371.69,145.60444444444443,35.20444444444445,67.24,28.801111111111105,76.2711111111111
2024-03-06 08:07:55,5.837652133338148,48.90196516666947,1.286780400001438,0.0,828.8769630999998,5.648791366669078,2.5423752999984117,24.461312,55.808,7.909376,0.0,89.563136,412.229632,400.91648,0.0,2371.69,145.60444444444443,35.20444444444445,67.24,28.801111111111105,76.2711111111111
2024-03-06 08:08:00,5.837652133338148,48.90196516666947,1.286780400001438,0.0,1216.727294400001,5.1722201333329085,2.5423752999984117,24.461312,55.808,7.909376,0.823296,89.808896,411.824128,400.91648,0.0,2371.69,145.60444444444443,35.20444444444445,159.6011111111111,7.290000000000001,76.2711111111111
2024-03-06 08:08:05,4.909444599995064,39.56759773332123,1.5021018666667862,0.0,1216.727294400001,5.1722201333329085,2.5423752999984117,24.461312,55.922688,8.310784,0.823296,89.808896,411.824128,400.91648,0.0,3014.009999999999,145.60444444444443,201.63999999999993,159.6011111111111,7.290000000000001,62.40999999999999
2024-03-06 08:08:10,4.909444599995065,39.567597733321236,1.5021018666667865,0.0,1216.727294400001,5.1722201333329085,4.529004066667616,24.461312,55.922688,8.310784,0.823296,89.808896,411.824128,401.088512,0.0,3014.0099999999998,127.69000000000001,201.64,159.6011111111111,7.290000000000001,62.410000000000004
2024-03-06 08:08:15,4.909444599995065,39.567597733321236,1.5021018666667865,0.0,1216.727294400001,5.1722201333329085,4.529004066667616,24.461312,55.922688,8.310784,0.823296,89.808896,411.824128,401.088512,0.0,3014.0099999999998,127.69000000000001,201.64,159.6011111111111,7.290000000000001,62.410000000000004
2024-03-06 08:08:20,4.909444599995065,39.567597733321236,1.5021018666667865,0.0,1216.727294400001,5.1722201333329085,4.529004066667616,24.461312,55.922688,8.310784,0.823296,89.808896,411.824128,401.088512,0.0,3014.0099999999998,127.69000000000001,201.64,159.6011111111111,7.290000000000001,62.410000000000004
2024-03-06 08:08:25,4.909444599995065,39.567597733321236,1.5021018666667865,0.0,1216.727294400001,5.1722201333329085,4.529004066667616,24.461312,55.922688,8.310784,0.823296,89.808896,411.824128,401.088512,0.0,3014.0099999999998,127.69000000000001,201.64,159.6011111111111,7.290000000000001,62.410000000000004
2024-03-06 08:08:30,4.909444599995065,39.567597733321236,1.5021018666667865,226.67095380797335,840.5549870666619,4.894152133332833,4.529004066667616,24.461312,55.922688,8.310784,110.81728,88.059904,407.420928,401.088512,0.0,3014.0099999999998,127.69000000000001,201.64,136.1111111111111,110.25,62.410000000000004
2024-03-06 08:08:35,4.6176911333380595,47.19767570001446,1.483401699999831,262.7503612857511,840.5549870666619,4.894152133332833,4.529004066667616,24.461312,55.922688,7.63904,110.81728,88.059904,407.420928,401.088512,0.0,4890.67111111111,127.69000000000001,301.601111111111,136.1111111111111,110.25,88.35999999999997
2024-03-06 08:08:40,4.61769113333806,47.197675700014464,1.4834016999998312,298.8297687635289,840.5549870666619,4.894152133332833,5.13700423333224,24.461312,55.922688,7.63904,110.81728,88.059904,407.420928,401.195008,0.0,4890.671111111112,116.64000000000001,301.60111111111115,136.1111111111111,110.25,88.36000000000001
2024-03-06 08:08:45,4.61769113333806,47.197675700014464,1.4834016999998312,334.9091762413067,840.5549870666619,4.894152133332833,5.13700423333224,24.461312,55.922688,7.63904,110.81728,88.059904,407.420928,401.195008,0.0,4890.671111111112,116.64000000000001,301.60111111111115,136.1111111111111,110.25,88.36000000000001
2024-03-06 08:08:50,4.61769113333806,47.197675700014464,1.4834016999998312,370.98858371908443,840.5549870666619,4.894152133332833,5.13700423333224,24.461312,55.922688,7.63904,110.81728,88.059904,407.420928,401.195008,0.0,4890.671111111112,116.64000000000001,301.60111111111115,136.1111111111111,110.25,88.36000000000001
2024-03-06 08:08:55,4.61769113333806,47.197675700014464,1.4834016999998312,407.06799119686224,840.5549870666619,4.894152133332833,5.13700423333224,24.461312,55.922688,7.63904,110.81728,88.059904,407.420928,401.195008,0.0,4890.671111111112,116.64000000000001,301.60111111111115,136.1111111111111,110.25,88.36000000000001
2024-03-06 08:09:00,4.61769113333806,47.197675700014464,1.4834016999998312,31.98331173333333,1009.4317347000015,3.8370789333346997,5.13700423333224,24.461312,55.922688,7.63904,107.597824,87.699456,410.259456,401.195008,33.64,4890.671111111112,116.64000000000001,301.60111111111115,83.41777777777777,26.694444444444446,88.36000000000001
2024-03-06 08:09:05,5.570231633328148,56.37392586665251,1.0338080666656422,31.98331173333333,1009.4317347000015,3.8370789333346997,5.13700423333224,24.461312,56.020992,7.692288,107.597824,87.699456,410.259456,401.195008,33.64,3749.5211111111103,116.64000000000001,108.15999999999997,83.41777777777777,26.694444444444446,70.00111111111109
2024-03-06 08:09:10,5.570231633328149,56.37392586665253,1.0338080666656424,31.98331173333333,1009.4317347000015,3.8370789333346997,1.7486391000015071,24.461312,56.020992,7.692288,107.597824,87.699456,410.259456,401.219584,33.64,3749.521111111111,108.85444444444445,108.16000000000001,83.41777777777777,26.694444444444446,70.00111111111111
2024-03-06 08:09:15,5.570231633328149,56.37392586665253,1.0338080666656424,31.98331173333333,1009.4317347000015,3.8370789333346997,1.7486391000015071,24.461312,56.020992,7.692288,107.597824,87.699456,410.259456,401.219584,33.64,3749.521111111111,108.85444444444445,108.16000000000001,83.41777777777777,26.694444444444446,70.00111111111111
2024-03-06 08:09:20,5.570231633328149,56.37392586665253,1.0338080666656424,31.98331173333333,1009.4317347000015,3.8370789333346997,1.7486391000015071,24.461312,56.020992,7.692288,107.597824,87.699456,410.259456,401.219584,33.64,3749.521111111111,108.85444444444445,108.16000000000001,83.41777777777777,26.694444444444446,70.00111111111111
2024-03-06 08:09:25,5.570231633328149,56.37392586665253,1.0338080666656424,31.98331173333333,1009.4317347000015,3.8370789333346997,1.7486391000015071,24.461312,56.020992,7.692288,107.597824,87.699456,410.259456,401.219584,33.64,3749.521111111111,108.85444444444445,108.16000000000001,83.41777777777777,26.694444444444446,70.00111111111111
2024-03-06 08:09:30,5.570231633328149,56.37392586665253,1.0338080666656424,14.787931866666662,1220.0275888666663,2.5908384999979717,1.7486391000015071,24.461312,56.020992,7.692288,98.676736,88.195072,409.735168,401.219584,14.694444444444446,3749.521111111111,108.85444444444445,108.16000000000001,66.69444444444443,43.121111111111105,70.00111111111111
2024-03-06 08:09:35,5.804581800005811,31.64767836666821,1.0823169333320946,14.787931866666662,1220.0275888666663,2.5908384999979717,1.7486391000015071,24.461312,56.05376,7.651328,98.676736,88.195072,409.735168,401.219584,14.694444444444446,5575.1111111111095,108.85444444444445,44.00111111111109,66.69444444444443,43.121111111111105,28.444444444444432
2024-03-06 08:09:40,5.804581800005812,31.647678366668217,1.0823169333320948,14.787931866666662,1220.0275888666663,2.5908384999979717,5.039637333332318,24.461312,56.05376,7.651328,98.676736,88.195072,409.735168,401.342464,14.694444444444446,5575.111111111112,64.53444444444445,44.001111111111115,66.69444444444443,43.121111111111105,28.444444444444443
2024-03-06 08:09:45,5.804581800005812,31.647678366668217,1.0823169333320948,14.787931866666662,1220.0275888666663,2.5908384999979717,5.039637333332318,24.461312,56.05376,7.651328,98.676736,88.195072,409.735168,401.342464,14.694444444444446,5575.111111111112,64.53444444444445,44.001111111111115,66.69444444444443,43.121111111111105,28.444444444444443
2024-03-06 08:09:50,5.804581800005812,31.647678366668217,1.0823169333320948,14.787931866666662,1220.0275888666663,2.5908384999979717,5.039637333332318,24.461312,56.05376,7.651328,98.676736,88.195072,409.735168,401.342464,14.694444444444446,5575.111111111112,64.53444444444445,44.001111111111115,66.69444444444443,43.121111111111105,28.444444444444443
2024-03-06 08:09:55,5.804581800005812,31.647678366668217,1.0823169333320948,14.787931866666662,1220.0275888666663,2.5908384999979717,5.039637333332318,24.461312,56.05376,7.651328,98.676736,88.195072,409.735168,401.342464,14.694444444444446,5575.111111111112,64.53444444444445,44.001111111111115,66.69444444444443,43.121111111111105,28.444444444444443
2024-03-06 08:10:00,5.804581800005812,31.647678366668217,1.0823169333320948,23.950183166666683,661.1801455666713,5.0617980000007865,5.039637333332318,24.461312,56.05376,7.651328,94.191616,88.182784,409.534464,401.342464,19.360000000000003,5575.111111111112,64.53444444444445,44.001111111111115,68.89000000000001,7.471111111111111,28.444444444444443
2024-03-06 08:10:05,5.254047966658011,49.732974500011544,1.0599968666686739,23.950183166666683,661.1801455666713,5.0617980000007865,5.039637333332318,24.465408,55.922688,7.622656,94.191616,88.182784,409.534464,401.342464,19.360000000000003,1051.9211111111108,64.53444444444445,300.4444444444443,68.89000000000001,7.471111111111111,61.36111111111109
2024-03-06 08:10:10,5.254047966658012,49.73297450001155,1.059996866668674,23.950183166666683,661.1801455666713,5.0617980000007865,1.9809660333332126,24.465408,55.922688,7.622656,94.191616,88.182784,409.534464,401.391616,19.360000000000003,1051.9211111111108,126.18777777777775,300.4444444444444,68.89000000000001,7.471111111111111,61.36111111111111
2024-03-06 08:10:15,5.254047966658012,49.73297450001155,1.059996866668674,23.950183166666683,661.1801455666713,5.0617980000007865,1.9809660333332126,24.465408,55.922688,7.622656,94.191616,88.182784,409.534464,401.391616,19.360000000000003,1051.9211111111108,126.18777777777775,300.4444444444444,68.89000000000001,7.471111111111111,61.36111111111111
2024-03-06 08:10:20,5.254047966658012,49.73297450001155,1.059996866668674,23.950183166666683,661.1801455666713,5.0617980000007865,1.9809660333332126,24.465408,55.922688,7.622656,94.191616,88.182784,409.534464,401.391616,19.360000000000003,1051.9211111111108,126.18777777777775,300.4444444444444,68.89000000000001,7.471111111111111,61.36111111111111
2024-03-06 08:10:25,5.254047966658012,49.73297450001155,1.059996866668674,23.950183166666683,661.1801455666713,5.0617980000007865,1.9809660333332126,24.465408,55.922688,7.622656,94.191616,88.182784,409.534464,401.391616,19.360000000000003,1051.9211111111108,126.18777777777775,300.4444444444444,68.89000000000001,7.471111111111111,61.36111111111111
2024-03-06 08:10:30,5.254047966658012,49.73297450001155,1.059996866668674,19.186604799999962,194.87603133333477,2.5015268333315057,1.9809660333332126,24.465408,55.922688,7.622656,89.792512,86.720512,409.841664,401.391616,27.040000000000003,1051.9211111111108,126.18777777777775,300.4444444444444,43.121111111111105,26.694444444444446,61.36111111111111
2024-03-06 08:10:35,7.559312099995925,40.29377309999896,1.167546500001511,19.186604799999962,194.87603133333477,2.5015268333315057,1.9809660333332126,24.465408,55.939072,7.532544,89.792512,86.720512,409.841664,401.391616,27.040000000000003,4066.187777777777,126.18777777777775,298.1377777777776,43.121111111111105,26.694444444444446,82.80999999999996
2024-03-06 08:10:40,7.559312099995926,40.293773099998965,1.1675465000015113,19.186604799999962,194.87603133333477,2.5015268333315057,3.452288766667759,24.465408,55.939072,7.532544,89.792512,86.720512,409.841664,401.506304,27.040000000000003,4066.1877777777777,29.521111111111114,298.1377777777777,43.121111111111105,26.694444444444446,82.80999999999999
2024-03-06 08:10:45,7.559312099995926,40.293773099998965,1.1675465000015113,19.186604799999962,194.87603133333477,2.5015268333315057,3.452288766667759,24.465408,55.939072,7.532544,89.792512,86.720512,409.841664,401.506304,27.040000000000003,4066.1877777777777,29.521111111111114,298.1377777777777,43.121111111111105,26.694444444444446,82.80999999999999
2024-03-06 08:10:50,7.559312099995926,40.293773099998965,1.1675465000015113,19.186604799999962,194.87603133333477,2.5015268333315057,3.452288766667759,24.465408,55.939072,7.532544,89.792512,86.720512,409.841664,401.506304,27.040000000000003,4066.1877777777777,29.521111111111114,298.1377777777777,43.121111111111105,26.694444444444446,82.80999999999999
2024-03-06 08:10:55,7.559312099995926,40.293773099998965,1.1675465000015113,19.186604799999962,194.87603133333477,2.5015268333315057,3.452288766667759,24.465408,55.939072,7.532544,89.792512,86.720512,409.841664,401.506304,27.040000000000003,4066.1877777777777,29.521111111111114,298.1377777777777,43.121111111111105,26.694444444444446,82.80999999999999
2024-03-06 08:11:00,7.559312099995926,40.293773099998965,1.1675465000015113,-1.0,1.9308259666634817,3.67837530000088,3.452288766667759,24.465408,55.939072,7.532544,-1.0,85.8112,409.079808,401.506304,-1.0,4066.1877777777777,29.521111111111114,298.1377777777777,158.76,23.68444444444444,82.80999999999999
2024-03-06 08:11:05,3.477396100000381,48.26247313332411,1.258212899999004,-1.0,1.9308259666634817,3.67837530000088,3.452288766667759,24.4736,56.020992,7.688192,-1.0,85.8112,409.079808,401.506304,-1.0,7123.359999999999,29.521111111111114,149.65444444444438,158.76,23.68444444444444,49.93777777777776
2024-03-06 08:11:10,3.4773961000003815,48.262473133324114,1.2582128999990043,-1.0,1.9308259666634817,3.67837530000088,3.533562399998876,24.4736,56.020992,7.688192,-1.0,85.8112,409.079808,401.575936,-1.0,7123.360000000001,215.1111111111111,149.65444444444444,158.76,23.68444444444444,49.937777777777775
2024-03-06 08:11:15,3.4773961000003815,48.262473133324114,1.2582128999990043,-1.0,1.9308259666634817,3.67837530000088,3.533562399998876,24.4736,56.020992,7.688192,-1.0,85.8112,409.079808,401.575936,-1.0,7123.360000000001,215.1111111111111,149.65444444444444,158.76,23.68444444444444,49.937777777777775
2024-03-06 08:11:20,3.4773961000003815,48.262473133324114,1.2582128999990043,-1.0,1.9308259666634817,3.67837530000088,3.533562399998876,24.4736,56.020992,7.688192,-1.0,85.8112,409.079808,401.575936,-1.0,7123.360000000001,215.1111111111111,149.65444444444444,158.76,23.68444444444444,49.937777777777775
2024-03-06 08:11:25,3.4773961000003815,48.262473133324114,1.2582128999990043,-1.0,1.9308259666634817,3.67837530000088,3.533562399998876,24.4736,56.020992,7.688192,-1.0,85.8112,409.079808,401.575936,-1.0,7123.360000000001,215.1111111111111,149.65444444444444,158.76,23.68444444444444,49.937777777777775
2024-03-06 08:11:30,3.4773961000003815,48.262473133324114,1.2582128999990043,-1.0,2.06667690000207,5.7754723666676,3.533562399998876,24.4736,56.020992,7.688192,-1.0,85.356544,410.390528,401.575936,-1.0,7123.360000000001,215.1111111111111,149.65444444444444,53.29,38.440000000000005,49.937777777777775
2024-03-06 08:11:35,7.377913833336909,39.90845046667648,1.4115589666668407,-1.0,2.06667690000207,5.7754723666676,3.533562399998876,24.4736,55.808,7.983104,-1.0,85.356544,410.390528,401.575936,-1.0,2016.0099999999993,215.1111111111111,71.12111111111109,53.29,38.440000000000005,44.444444444444436
2024-03-06 08:11:40,7.37791383333691,39.908450466676484,1.4115589666668409,-1.0,2.06667690000207,5.7754723666676,3.4224386000005325,24.4736,55.808,7.983104,-1.0,85.356544,410.390528,401.69472,-1.0,2016.0099999999998,87.11111111111113,71.12111111111112,53.29,38.440000000000005,44.44444444444445
2024-03-06 08:11:45,7.37791383333691,39.908450466676484,1.4115589666668409,-1.0,2.06667690000207,5.7754723666676,3.4224386000005325,24.4736,55.808,7.983104,-1.0,85.356544,410.390528,401.69472,-1.0,2016.0099999999998,87.11111111111113,71.12111111111112,53.29,38.440000000000005,44.44444444444445
2024-03-06 08:11:50,7.37791383333691,39.908450466676484,1.4115589666668409,-1.0,2.06667690000207,5.7754723666676,3.4224386000005325,24.4736,55.808,7.983104,-1.0,85.356544,410.390528,401.69472,-1.0,2016.0099999999998,87.11111111111113,71.12111111111112,53.29,38.440000000000005,44.44444444444445
2024-03-06 08:11:55,7.37791383333691,39.908450466676484,1.4115589666668409,-1.0,2.06667690000207,5.7754723666676,3.4224386000005325,24.4736,55.808,7.983104,-1.0,85.356544,410.390528,401.69472,-1.0,2016.0099999999998,87.11111111111113,71.12111111111112,53.29,38.440000000000005,44.44444444444445
2024-03-06 08:12:00,7.37791383333691,39.908450466676484,1.4115589666668409,-1.0,1.9100783999950486,6.72372976666793,3.4224386000005325,24.4736,55.808,7.983104,-1.0,85.356544,410.17344,401.69472,-1.0,2016.0099999999998,87.11111111111113,71.12111111111112,104.03999999999999,34.02777777777777,44.44444444444445
2024-03-06 08:12:05,5.49123010000585,38.366128399987545,1.4005521666642073,-1.0,1.9100783999950486,6.72372976666793,3.4224386000005325,24.4736,55.808,8.409088,-1.0,85.356544,410.17344,401.69472,-1.0,2137.5211111111107,87.11111111111113,176.88999999999996,104.03999999999999,34.02777777777777,101.33777777777773
2024-03-06 08:12:10,5.4912301000058505,38.36612839998755,1.4005521666642076,-1.0,1.9100783999950486,6.72372976666793,4.740056866666009,24.4736,55.808,8.409088,-1.0,85.356544,410.17344,401.739776,-1.0,2137.521111111111,132.25,176.89000000000001,104.03999999999999,34.02777777777777,101.33777777777777
2024-03-06 08:12:15,5.4912301000058505,38.36612839998755,1.4005521666642076,-1.0,1.9100783999950486,6.72372976666793,4.740056866666009,24.4736,55.808,8.409088,-1.0,85.356544,410.17344,401.739776,-1.0,2137.521111111111,132.25,176.89000000000001,104.03999999999999,34.02777777777777,101.33777777777777
2024-03-06 08:12:20,5.4912301000058505,38.36612839998755,1.4005521666642076,-1.0,1.9100783999950486,6.72372976666793,4.740056866666009,24.4736,55.808,8.409088,-1.0,85.356544,410.17344,401.739776,-1.0,2137.521111111111,132.25,176.89000000000001,104.03999999999999,34.02777777777777,101.33777777777777
2024-03-06 08:12:25,5.4912301000058505,38.36612839998755,1.4005521666642076,-1.0,1.9100783999950486,6.72372976666793,4.740056866666009,24.4736,55.808,8.409088,-1.0,85.356544,410.17344,401.739776,-1.0,2137.521111111111,132.25,176.89000000000001,104.03999999999999,34.02777777777777,101.33777777777777
2024-03-06 08:12:30,5.4912301000058505,38.36612839998755,1.4005521666642076,-1.0,1.7298418666693274,2.6526435666634525,4.740056866666009,24.4736,55.808,8.409088,-1.0,85.397504,410.230784,401.739776,-1.0,2137.521111111111,132.25,176.89000000000001,180.45444444444445,24.010000000000005,101.33777777777777
2024-03-06 08:12:35,4.934459366662242,42.16458403334399,1.4310121000031961,-1.0,1.7298418666693274,2.6526435666634525,4.740056866666009,24.522752,55.873536,7.733248,-1.0,85.397504,410.230784,401.739776,-1.0,2862.249999999999,132.25,211.2177777777777,180.45444444444445,24.010000000000005,50.40999999999998
2024-03-06 08:12:40,4.934459366662243,42.164584033344,1.4310121000031963,-1.0,1.7298418666693274,2.6526435666634525,4.412796200000457,24.522752,55.873536,7.733248,-1.0,85.397504,410.230784,401.87904,-1.0,2862.25,117.36111111111113,211.21777777777777,180.45444444444445,24.010000000000005,50.41
2024-03-06 08:12:45,4.934459366662243,42.164584033344,1.4310121000031963,-1.0,1.7298418666693274,2.6526435666634525,4.412796200000457,24.522752,55.873536,7.733248,-1.0,85.397504,410.230784,401.87904,-1.0,2862.25,117.36111111111113,211.21777777777777,180.45444444444445,24.010000000000005,50.41
2024-03-06 08:12:50,4.934459366662243,42.164584033344,1.4310121000031963,-1.0,1.7298418666693274,2.6526435666634525,4.412796200000457,24.522752,55.873536,7.733248,-1.0,85.397504,410.230784,401.87904,-1.0,2862.25,117.36111111111113,211.21777777777777,180.45444444444445,24.010000000000005,50.41
2024-03-06 08:12:55,4.934459366662243,42.164584033344,1.4310121000031963,-1.0,1.7298418666693274,2.6526435666634525,4.412796200000457,24.522752,55.873536,7.733248,-1.0,85.397504,410.230784,401.87904,-1.0,2862.25,117.36111111111113,211.21777777777777,180.45444444444445,24.010000000000005,50.41
2024-03-06 08:13:00,4.934459366662243,42.164584033344,1.4310121000031963,-1.0,2.0931647666657227,5.341848933335314,4.412796200000457,24.522752,55.873536,7.733248,-1.0,85.823488,410.329088,401.87904,-1.0,2862.25,117.36111111111113,211.21777777777777,120.26777777777778,48.534444444444446,50.41
2024-03-06 08:13:05,5.705148399996081,48.42453206665595,1.4577781333324913,-1.0,2.0931647666657227,5.341848933335314,4.412796200000457,24.506368,55.808,7.970816,-1.0,85.823488,410.329088,401.87904,-1.0,3790.454444444443,117.36111111111113,145.6044444444444,120.26777777777778,48.534444444444446,83.41777777777774
2024-03-06 08:13:10,5.705148399996082,48.424532066655956,1.4577781333324915,-1.0,2.0931647666657227,5.341848933335314,4.029626233333753,24.506368,55.808,7.970816,-1.0,85.823488,410.329088,402.075648,-1.0,3790.454444444445,161.29,145.60444444444443,120.26777777777778,48.534444444444446,83.41777777777777
2024-03-06 08:13:15,5.705148399996082,48.424532066655956,1.4577781333324915,-1.0,2.0931647666657227,5.341848933335314,4.029626233333753,24.506368,55.808,7.970816,-1.0,85.823488,410.329088,402.075648,-1.0,3790.454444444445,161.29,145.60444444444443,120.26777777777778,48.534444444444446,83.41777777777777
2024-03-06 08:13:20,5.705148399996082,48.424532066655956,1.4577781333324915,-1.0,2.0931647666657227,5.341848933335314,4.029626233333753,24.506368,55.808,7.970816,-1.0,85.823488,410.329088,402.075648,-1.0,3790.454444444445,161.29,145.60444444444443,120.26777777777778,48.534444444444446,83.41777777777777
2024-03-06 08:13:25,5.705148399996082,48.424532066655956,1.4577781333324915,-1.0,2.0931647666657227,5.341848933335314,4.029626233333753,24.506368,55.808,7.970816,-1.0,85.823488,410.329088,402.075648,-1.0,3790.454444444445,161.29,145.60444444444443,120.26777777777778,48.534444444444446,83.41777777777777
2024-03-06 08:13:30,5.705148399996082,48.424532066655956,1.4577781333324915,-1.0,1.6051436333327729,4.758037200000824,4.029626233333753,24.506368,55.808,7.970816,-1.0,85.848064,410.251264,402.075648,-1.0,3790.454444444445,161.29,145.60444444444443,26.009999999999998,8.41,83.41777777777777
2024-03-06 08:13:35,4.721354666677749,42.527391233337156,1.2918171333315815,-1.0,1.6051436333327729,4.758037200000824,4.029626233333753,24.506368,55.824384,8.159232,-1.0,85.848064,410.251264,402.075648,-1.0,6647.684444444441,161.29,33.639999999999986,26.009999999999998,8.41,108.15999999999997
2024-03-06 08:13:40,4.72135466667775,42.52739123333716,1.2918171333315818,-1.0,1.6051436333327729,4.758037200000824,4.560946233332667,24.506368,55.824384,8.159232,-1.0,85.848064,410.251264,402.169856,-1.0,6647.684444444444,165.5511111111111,33.64,26.009999999999998,8.41,108.16000000000001
2024-03-06 08:13:45,4.72135466667775,42.52739123333716,1.2918171333315818,-1.0,1.6051436333327729,4.758037200000824,4.560946233332667,24.506368,55.824384,8.159232,-1.0,85.848064,410.251264,402.169856,-1.0,6647.684444444444,165.5511111111111,33.64,26.009999999999998,8.41,108.16000000000001
2024-03-06 08:13:50,4.72135466667775,42.52739123333716,1.2918171333315818,-1.0,1.6051436333327729,4.758037200000824,4.560946233332667,24.506368,55.824384,8.159232,-1.0,85.848064,410.251264,402.169856,-1.0,6647.684444444444,165.5511111111111,33.64,26.009999999999998,8.41,108.16000000000001
2024-03-06 08:13:55,4.72135466667775,42.52739123333716,1.2918171333315818,-1.0,1.6051436333327729,4.758037200000824,4.560946233332667,24.506368,55.824384,8.159232,-1.0,85.848064,410.251264,402.169856,-1.0,6647.684444444444,165.5511111111111,33.64,26.009999999999998,8.41,108.16000000000001
2024-03-06 08:14:00,4.72135466667775,42.52739123333716,1.2918171333315818,-1.0,3.2801251333315427,5.841072799997468,4.560946233332667,24.506368,55.824384,8.159232,-1.0,85.848064,410.370048,402.169856,-1.0,6647.684444444444,165.5511111111111,33.64,184.05444444444444,47.61000000000001,108.16000000000001
2024-03-06 08:14:05,6.1428088333286714,48.782801266664436,1.5047271666693023,-1.0,3.2801251333315427,5.841072799997468,4.560946233332667,24.506368,55.812096,7.53664,-1.0,85.848064,410.370048,402.169856,-1.0,1719.484444444444,165.5511111111111,228.00999999999993,184.05444444444444,47.61000000000001,38.85444444444443
2024-03-06 08:14:10,6.142808833328672,48.78280126666444,1.5047271666693027,-1.0,3.2801251333315427,5.841072799997468,5.170712466667737,24.506368,55.812096,7.53664,-1.0,85.848064,410.370048,402.24768,-1.0,1719.4844444444445,138.45444444444448,228.01,184.05444444444444,47.61000000000001,38.85444444444445
2024-03-06 08:14:15,6.142808833328672,48.78280126666444,1.5047271666693027,-1.0,3.2801251333315427,5.841072799997468,5.170712466667737,24.506368,55.812096,7.53664,-1.0,85.848064,410.370048,402.24768,-1.0,1719.4844444444445,138.45444444444448,228.01,184.05444444444444,47.61000000000001,38.85444444444445
2024-03-06 08:14:20,6.142808833328672,48.78280126666444,1.5047271666693027,-1.0,3.2801251333315427,5.841072799997468,5.170712466667737,24.506368,55.812096,7.53664,-1.0,85.848064,410.370048,402.24768,-1.0,1719.4844444444445,138.45444444444448,228.01,184.05444444444444,47.61000000000001,38.85444444444445
2024-03-06 08:14:25,6.142808833328672,48.78280126666444,1.5047271666693027,-1.0,3.2801251333315427,5.841072799997468,5.170712466667737,24.506368,55.812096,7.53664,-1.0,85.848064,410.370048,402.24768,-1.0,1719.4844444444445,138.45444444444448,228.01,184.05444444444444,47.61000000000001,38.85444444444445
2024-03-06 08:14:30,6.142808833328672,48.78280126666444,1.5047271666693027,-1.0,2.0634553666695865,6.1056538333332355,5.170712466667737,24.506368,55.812096,7.53664,-1.0,85.48352,408.96512,402.24768,-1.0,1719.4844444444445,138.45444444444448,228.01,112.36,26.351111111111116,38.85444444444445
2024-03-06 08:14:35,5.775060233327166,26.91205566667728,1.4157515999992631,-1.0,2.0634553666695865,6.1056538333332355,5.170712466667737,24.506368,55.926784,7.880704,-1.0,85.48352,408.96512,402.24768,-1.0,2872.9599999999996,138.45444444444448,188.60444444444437,112.36,26.351111111111116,80.40111111111108
2024-03-06 08:14:40,5.775060233327167,26.912055666677283,1.4157515999992634,-1.0,2.0634553666695865,6.1056538333332355,4.48809423333311,24.506368,55.926784,7.880704,-1.0,85.48352,408.96512,402.366464,-1.0,2872.96,272.25,188.60444444444443,112.36,26.351111111111116,80.4011111111111
2024-03-06 08:14:45,5.775060233327167,26.912055666677283,1.4157515999992634,-1.0,2.0634553666695865,6.1056538333332355,4.48809423333311,24.506368,55.926784,7.880704,-1.0,85.48352,408.96512,402.366464,-1.0,2872.96,272.25,188.60444444444443,112.36,26.351111111111116,80.4011111111111
2024-03-06 08:14:50,5.775060233327167,26.912055666677283,1.4157515999992634,-1.0,2.0634553666695865,6.1056538333332355,4.48809423333311,24.506368,55.926784,7.880704,-1.0,85.48352,408.96512,402.366464,-1.0,2872.96,272.25,188.60444444444443,112.36,26.351111111111116,80.4011111111111
2024-03-06 08:14:55,5.775060233327167,26.912055666677283,1.4157515999992634,-1.0,2.0634553666695865,6.1056538333332355,4.48809423333311,24.506368,55.926784,7.880704,-1.0,85.48352,408.96512,402.366464,-1.0,2872.96,272.25,188.60444444444443,112.36,26.351111111111116,80.4011111111111
2024-03-06 08:15:00,5.775060233327167,26.912055666677283,1.4157515999992634,-1.0,2.050021633332714,3.897471666668177,4.48809423333311,24.506368,55.926784,7.880704,-1.0,86.07744,409.632768,402.366464,-1.0,2872.96,272.25,188.60444444444443,129.20111111111112,51.361111111111114,80.4011111111111
2024-03-06 08:15:05,3.5863324666631033,58.25055403332347,1.8276864666669703,-1.0,2.050021633332714,3.897471666668177,4.48809423333311,24.506368,55.812096,7.565312,-1.0,86.07744,409.632768,402.366464,-1.0,3065.467777777777,272.25,117.36111111111109,129.20111111111112,51.361111111111114,93.4444444444444
