timestamp,details-v1-b788479c5-bbg6t_cpu,productpage-v1-7fb564989f-xslvc_cpu,productpage-v1-7fb564989f-nnr6k_cpu,ratings-v1-5b6b66f9b5-7bln6_cpu,reviews-v1-7b76c4f45d-phxww_cpu,reviews-v2-7b4f9d8cb4-prbfv_cpu,reviews-v3-5fd56449d8-npw75_cpu,details-v1-b788479c5-bbg6t_memory,productpage-v1-7fb564989f-xslvc_memory,productpage-v1-7fb564989f-nnr6k_memory,ratings-v1-5b6b66f9b5-7bln6_memory,reviews-v1-7b76c4f45d-phxww_memory,reviews-v2-7b4f9d8cb4-prbfv_memory,reviews-v3-5fd56449d8-npw75_memory,reviews-v3-5fd56449d8-npw75_network,ratings-v1-5b6b66f9b5-7bln6_network,reviews-v2-7b4f9d8cb4-prbfv_network,productpage-v1-7fb564989f-xslvc_network,details-v1-b788479c5-bbg6t_network,productpage-v1-7fb564989f-nnr6k_network,reviews-v1-7b76c4f45d-phxww_network
2024-03-11 03:08:05,6.531278700003895,64.88243689999915,-1.0,2.0304248666661806,1.8375384666668992,5.878779266666356,5.587366833333363,25.214976,53.997568,-1.0,14.770176,82.444288,198.16448,196.97664,196.0,85.25444444444443,105.40444444444447,4225.0,200.69444444444443,-1.0,32.87111111111111
2024-03-11 03:08:10,6.531278700003895,64.88243689999915,-1.0,2.0304248666661806,1.8375384666668992,5.878779266666356,5.587366833333363,25.214976,53.997568,-1.0,14.770176,82.444288,198.16448,196.97664,196.0,85.25444444444443,105.40444444444447,4225.0,200.69444444444443,-1.0,32.87111111111111
2024-03-11 03:08:15,6.531278700003895,64.88243689999915,-1.0,2.0304248666661806,1.8375384666668992,5.878779266666356,5.587366833333363,25.214976,53.997568,-1.0,14.770176,82.444288,198.16448,196.97664,196.0,85.25444444444443,105.40444444444447,4225.0,200.69444444444443,-1.0,32.87111111111111
2024-03-11 03:08:20,7.251481133334893,64.88243689999915,-1.0,1.8228238666665681,1.8375384666668992,5.878779266666356,5.587366833333363,25.214976,53.997568,-1.0,15.163392,82.444288,198.16448,196.97664,196.0,107.46777777777783,105.40444444444447,4225.0,214.13444444444454,-1.0,32.87111111111111
2024-03-11 03:08:25,7.251481133334892,87.49439450000409,-1.0,1.8228238666665675,1.7720379000001194,5.836144400000383,5.179011066666324,25.214976,54.116352,-1.0,15.163392,82.444288,198.291456,197.132288,110.9511111111111,107.46777777777778,173.3611111111111,3433.96,214.13444444444443,-1.0,62.93777777777778
2024-03-11 03:08:30,7.251481133334892,87.49439450000409,-1.0,1.8228238666665675,1.7720379000001194,5.836144400000383,5.179011066666324,25.214976,54.116352,-1.0,15.163392,82.444288,198.291456,197.132288,110.9511111111111,107.46777777777778,173.3611111111111,3433.96,214.13444444444443,-1.0,62.93777777777778
2024-03-11 03:08:35,7.251481133334892,87.49439450000409,-1.0,1.8228238666665675,1.7720379000001194,5.836144400000383,5.179011066666324,25.214976,54.116352,-1.0,15.163392,82.444288,198.291456,197.132288,110.9511111111111,107.46777777777778,173.3611111111111,3433.96,214.13444444444443,-1.0,62.93777777777778
2024-03-11 03:08:40,7.251481133334892,87.49439450000409,-1.0,1.8228238666665675,1.7720379000001194,5.836144400000383,5.179011066666324,25.214976,54.116352,-1.0,15.163392,82.444288,198.291456,197.132288,110.9511111111111,107.46777777777778,173.3611111111111,3433.96,214.13444444444443,-1.0,62.93777777777778
2024-03-11 03:08:45,7.251481133334892,87.49439450000409,-1.0,1.8228238666665675,1.7720379000001194,5.836144400000383,5.179011066666324,25.214976,54.116352,-1.0,15.163392,82.444288,198.291456,197.132288,110.9511111111111,107.46777777777778,173.3611111111111,3433.96,214.13444444444443,-1.0,62.93777777777778
2024-03-11 03:08:50,8.009678733318045,87.49439450000409,-1.0,2.090313133336016,1.7720379000001194,5.836144400000383,5.179011066666324,25.23136,54.116352,-1.0,14.708736,82.444288,198.291456,197.132288,110.9511111111111,49.00000000000003,173.3611111111111,3433.96,157.08444444444447,-1.0,62.93777777777778
2024-03-11 03:08:55,8.009678733318044,39.1505114333313,-1.0,2.090313133336015,2.071085266666728,4.515971866666746,2.41077743333354,25.23136,54.116352,-1.0,14.708736,82.444288,198.377472,197.210112,106.09000000000002,49.0,68.33777777777779,5595.04,157.08444444444444,-1.0,24.010000000000005
2024-03-11 03:09:00,8.009678733318044,39.1505114333313,-1.0,2.090313133336015,2.071085266666728,4.515971866666746,2.41077743333354,25.23136,54.116352,-1.0,14.708736,82.444288,198.377472,197.210112,106.09000000000002,49.0,68.33777777777779,5595.04,157.08444444444444,-1.0,24.010000000000005
2024-03-11 03:09:05,8.009678733318044,39.1505114333313,-1.0,2.090313133336015,2.071085266666728,4.515971866666746,2.41077743333354,25.23136,54.116352,-1.0,14.708736,82.444288,198.377472,197.210112,106.09000000000002,49.0,68.33777777777779,5595.04,157.08444444444444,-1.0,24.010000000000005
2024-03-11 03:09:10,8.009678733318044,39.1505114333313,-1.0,2.090313133336015,2.071085266666728,4.515971866666746,2.41077743333354,25.23136,54.116352,-1.0,14.708736,82.444288,198.377472,197.210112,106.09000000000002,49.0,68.33777777777779,5595.04,157.08444444444444,-1.0,24.010000000000005
2024-03-11 03:09:15,8.009678733318044,39.1505114333313,-1.0,2.090313133336015,2.071085266666728,4.515971866666746,2.41077743333354,25.23136,54.116352,-1.0,14.708736,82.444288,198.377472,197.210112,106.09000000000002,49.0,68.33777777777779,5595.04,157.08444444444444,-1.0,24.010000000000005
2024-03-11 03:09:20,7.505981399996625,39.1505114333313,-1.0,1.2558105000001283,2.071085266666728,4.515971866666746,2.41077743333354,25.23136,54.116352,-1.0,14.753792,82.444288,198.377472,197.210112,106.09000000000002,148.84000000000003,68.33777777777779,5595.04,121.00000000000004,-1.0,24.010000000000005
2024-03-11 03:09:25,7.505981399996624,73.12785959999626,-1.0,1.255810500000128,1.6601256999995448,4.898268300000079,5.510028799999607,25.23136,54.099968,-1.0,14.753792,82.444288,198.537216,197.369856,113.77777777777777,148.83999999999997,142.40444444444444,1117.7877777777776,121.0,-1.0,41.38777777777778
2024-03-11 03:09:30,7.505981399996624,73.12785959999626,-1.0,1.255810500000128,1.6601256999995448,4.898268300000079,5.510028799999607,25.23136,54.099968,-1.0,14.753792,82.444288,198.537216,197.369856,113.77777777777777,148.83999999999997,142.40444444444444,1117.7877777777776,121.0,-1.0,41.38777777777778
2024-03-11 03:09:35,7.505981399996624,73.12785959999626,-1.0,1.255810500000128,1.6601256999995448,4.898268300000079,5.510028799999607,25.23136,54.099968,-1.0,14.753792,82.444288,198.537216,197.369856,113.77777777777777,148.83999999999997,142.40444444444444,1117.7877777777776,121.0,-1.0,41.38777777777778
2024-03-11 03:09:40,7.505981399996624,73.12785959999626,-1.0,1.255810500000128,1.6601256999995448,4.898268300000079,5.510028799999607,25.23136,54.099968,-1.0,14.753792,82.444288,198.537216,197.369856,113.77777777777777,148.83999999999997,142.40444444444444,1117.7877777777776,121.0,-1.0,41.38777777777778
2024-03-11 03:09:45,7.505981399996624,73.12785959999626,-1.0,1.255810500000128,1.6601256999995448,4.898268300000079,5.510028799999607,25.23136,54.099968,-1.0,14.753792,82.444288,198.537216,197.369856,113.77777777777777,148.83999999999997,142.40444444444444,1117.7877777777776,121.0,-1.0,41.38777777777778
2024-03-11 03:09:50,8.233094933348186,73.12785959999626,-1.0,2.3375805333330395,1.6601256999995448,4.898268300000079,5.510028799999607,25.214976,54.099968,-1.0,14.442496,82.444288,198.537216,197.369856,113.77777777777777,78.61777777777782,142.40444444444444,1117.7877777777776,102.68444444444447,-1.0,41.38777777777778
2024-03-11 03:09:55,8.233094933348184,68.94580290000553,-1.0,2.337580533333039,0.9312721333335124,4.763900533332807,5.766639333333501,25.214976,54.099968,-1.0,14.442496,82.444288,198.619136,197.480448,111.65444444444444,78.61777777777779,104.7211111111111,7134.617777777778,102.68444444444444,-1.0,37.61777777777778
2024-03-11 03:10:00,8.233094933348184,68.94580290000553,-1.0,2.337580533333039,0.9312721333335124,4.763900533332807,5.766639333333501,25.214976,54.099968,-1.0,14.442496,82.444288,198.619136,197.480448,111.65444444444444,78.61777777777779,104.7211111111111,7134.617777777778,102.68444444444444,-1.0,37.61777777777778
2024-03-11 03:10:05,8.233094933348184,68.94580290000553,-1.0,2.337580533333039,0.9312721333335124,4.763900533332807,5.766639333333501,25.214976,54.099968,-1.0,14.442496,82.444288,198.619136,197.480448,111.65444444444444,78.61777777777779,104.7211111111111,7134.617777777778,102.68444444444444,-1.0,37.61777777777778
2024-03-11 03:10:10,8.233094933348184,68.94580290000553,-1.0,2.337580533333039,0.9312721333335124,4.763900533332807,5.766639333333501,25.214976,54.099968,-1.0,14.442496,82.444288,198.619136,197.480448,111.65444444444444,78.61777777777779,104.7211111111111,7134.617777777778,102.68444444444444,-1.0,37.61777777777778
2024-03-11 03:10:15,8.233094933348184,68.94580290000553,-1.0,2.337580533333039,0.9312721333335124,4.763900533332807,5.766639333333501,25.214976,54.099968,-1.0,14.442496,82.444288,198.619136,197.480448,111.65444444444444,78.61777777777779,104.7211111111111,7134.617777777778,102.68444444444444,-1.0,37.61777777777778
2024-03-11 03:10:20,5.257813733320898,68.94580290000553,-1.0,1.1507686666656507,0.9312721333335124,4.763900533332807,5.766639333333501,25.23136,54.099968,-1.0,15.450112,82.444288,198.619136,197.480448,111.65444444444444,88.36000000000004,104.7211111111111,7134.617777777778,200.69444444444454,-1.0,37.61777777777778
2024-03-11 03:10:25,5.257813733320896,66.50229416666207,-1.0,1.1507686666656505,2.512740699999938,5.702837033333215,4.738503966666485,25.23136,54.001664,-1.0,15.450112,82.444288,198.754304,197.582848,150.47111111111113,88.36000000000001,158.76,3230.027777777778,200.69444444444443,-1.0,75.68999999999998
2024-03-11 03:10:30,5.257813733320896,66.50229416666207,-1.0,1.1507686666656505,2.512740699999938,5.702837033333215,4.738503966666485,25.23136,54.001664,-1.0,15.450112,82.444288,198.754304,197.582848,150.47111111111113,88.36000000000001,158.76,3230.027777777778,200.69444444444443,-1.0,75.68999999999998
2024-03-11 03:10:35,5.257813733320896,66.50229416666207,-1.0,1.1507686666656505,2.512740699999938,5.702837033333215,4.738503966666485,25.23136,54.001664,-1.0,15.450112,82.444288,198.754304,197.582848,150.47111111111113,88.36000000000001,158.76,3230.027777777778,200.69444444444443,-1.0,75.68999999999998
2024-03-11 03:10:40,5.257813733320896,66.50229416666207,-1.0,1.1507686666656505,2.512740699999938,5.702837033333215,4.738503966666485,25.23136,54.001664,-1.0,15.450112,82.444288,198.754304,197.582848,150.47111111111113,88.36000000000001,158.76,3230.027777777778,200.69444444444443,-1.0,75.68999999999998
2024-03-11 03:10:45,5.257813733320896,66.50229416666207,-1.0,1.1507686666656505,2.512740699999938,5.702837033333215,4.738503966666485,25.23136,54.001664,-1.0,15.450112,82.444288,198.754304,197.582848,150.47111111111113,88.36000000000001,158.76,3230.027777777778,200.69444444444443,-1.0,75.68999999999998
2024-03-11 03:10:50,10.683247233343236,66.50229416666207,-1.0,2.6686330999988668,2.512740699999938,5.702837033333215,4.738503966666485,25.23136,54.001664,-1.0,15.454208,82.444288,198.754304,197.582848,150.47111111111113,63.467777777777805,158.76,3230.027777777778,246.49000000000015,-1.0,75.68999999999998
2024-03-11 03:10:55,10.683247233343234,64.10226486666488,-1.0,2.6686330999988663,1.4843815000001352,2.942870166666959,4.962052233333718,25.23136,54.099968,-1.0,15.454208,82.444288,198.795264,197.69344,38.02777777777778,63.467777777777776,82.20444444444443,2638.5344444444445,246.48999999999998,-1.0,19.95111111111111
2024-03-11 03:11:00,10.683247233343234,64.10226486666488,-1.0,2.6686330999988663,1.4843815000001352,2.942870166666959,4.962052233333718,25.23136,54.099968,-1.0,15.454208,82.444288,198.795264,197.69344,38.02777777777778,63.467777777777776,82.20444444444443,2638.5344444444445,246.48999999999998,-1.0,19.95111111111111
2024-03-11 03:11:05,10.683247233343234,64.10226486666488,-1.0,2.6686330999988663,1.4843815000001352,2.942870166666959,4.962052233333718,25.23136,54.099968,-1.0,15.454208,82.444288,198.795264,197.69344,38.02777777777778,63.467777777777776,82.20444444444443,2638.5344444444445,246.48999999999998,-1.0,19.95111111111111
2024-03-11 03:11:10,10.683247233343234,64.10226486666488,-1.0,2.6686330999988663,1.4843815000001352,2.942870166666959,4.962052233333718,25.23136,54.099968,-1.0,15.454208,82.444288,198.795264,197.69344,38.02777777777778,63.467777777777776,82.20444444444443,2638.5344444444445,246.48999999999998,-1.0,19.95111111111111
2024-03-11 03:11:15,10.683247233343234,64.10226486666488,-1.0,2.6686330999988663,1.4843815000001352,2.942870166666959,4.962052233333718,25.23136,54.099968,-1.0,15.454208,82.444288,198.795264,197.69344,38.02777777777778,63.467777777777776,82.20444444444443,2638.5344444444445,246.48999999999998,-1.0,19.95111111111111
2024-03-11 03:11:20,9.448649799984803,64.10226486666488,-1.0,1.6257608666668002,1.4843815000001352,2.942870166666959,4.962052233333718,25.214976,54.099968,-1.0,14.671872,82.444288,198.795264,197.69344,38.02777777777778,30.617777777777786,82.20444444444443,2638.5344444444445,203.5377777777779,-1.0,19.95111111111111
2024-03-11 03:11:25,9.448649799984802,75.49292050000531,-1.0,1.6257608666667998,1.4176702000000319,7.3569369333332215,5.577908866666803,25.214976,54.009856,-1.0,14.671872,82.444288,199.000064,197.783552,264.6044444444444,30.617777777777775,143.20111111111112,5735.537777777778,203.5377777777778,-1.0,22.090000000000003
2024-03-11 03:11:30,9.448649799984802,75.49292050000531,-1.0,1.6257608666667998,1.4176702000000319,7.3569369333332215,5.577908866666803,25.214976,54.009856,-1.0,14.671872,82.444288,199.000064,197.783552,264.6044444444444,30.617777777777775,143.20111111111112,5735.537777777778,203.5377777777778,-1.0,22.090000000000003
2024-03-11 03:11:35,9.448649799984802,75.49292050000531,-1.0,1.6257608666667998,1.4176702000000319,7.3569369333332215,5.577908866666803,25.214976,54.009856,-1.0,14.671872,82.444288,199.000064,197.783552,264.6044444444444,30.617777777777775,143.20111111111112,5735.537777777778,203.5377777777778,-1.0,22.090000000000003
2024-03-11 03:11:40,9.448649799984802,75.49292050000531,-1.0,1.6257608666667998,1.4176702000000319,7.3569369333332215,5.577908866666803,25.214976,54.009856,-1.0,14.671872,82.444288,199.000064,197.783552,264.6044444444444,30.617777777777775,143.20111111111112,5735.537777777778,203.5377777777778,-1.0,22.090000000000003
2024-03-11 03:11:45,9.448649799984802,75.49292050000531,-1.0,1.6257608666667998,1.4176702000000319,7.3569369333332215,5.577908866666803,25.214976,54.009856,-1.0,14.671872,82.444288,199.000064,197.783552,264.6044444444444,30.617777777777775,143.20111111111112,5735.537777777778,203.5377777777778,-1.0,22.090000000000003
2024-03-11 03:11:50,5.995065400020395,75.49292050000531,-1.0,1.1272962333350736,1.4176702000000319,7.3569369333332215,5.577908866666803,25.214976,54.009856,-1.0,14.39744,82.444288,199.000064,197.783552,264.6044444444444,74.53444444444446,143.20111111111112,5735.537777777778,102.68444444444447,-1.0,22.090000000000003
2024-03-11 03:11:55,5.995065400020394,66.00704149999879,-1.0,1.1272962333350733,1.9790579333331948,3.0348436666666125,3.029772133333116,25.214976,54.472704,-1.0,14.39744,82.444288,199.061504,197.8368,57.76,74.53444444444443,62.93777777777778,3098.7777777777774,102.68444444444444,-1.0,41.81777777777778
2024-03-11 03:12:00,5.995065400020394,66.00704149999879,-1.0,1.1272962333350733,1.9790579333331948,3.0348436666666125,3.029772133333116,25.214976,54.472704,-1.0,14.39744,82.444288,199.061504,197.8368,57.76,74.53444444444443,62.93777777777778,3098.7777777777774,102.68444444444444,-1.0,41.81777777777778
2024-03-11 03:12:05,5.995065400020394,66.00704149999879,-1.0,1.1272962333350733,1.9790579333331948,3.0348436666666125,3.029772133333116,25.214976,54.472704,-1.0,14.39744,82.444288,199.061504,197.8368,57.76,74.53444444444443,62.93777777777778,3098.7777777777774,102.68444444444444,-1.0,41.81777777777778
2024-03-11 03:12:10,5.995065400020394,66.00704149999879,-1.0,1.1272962333350733,1.9790579333331948,3.0348436666666125,3.029772133333116,25.214976,54.472704,-1.0,14.39744,82.444288,199.061504,197.8368,57.76,74.53444444444443,62.93777777777778,3098.7777777777774,102.68444444444444,-1.0,41.81777777777778
2024-03-11 03:12:15,5.995065400020394,66.00704149999879,-1.0,1.1272962333350733,1.9790579333331948,3.0348436666666125,3.029772133333116,25.214976,54.472704,-1.0,14.39744,82.444288,199.061504,197.8368,57.76,74.53444444444443,62.93777777777778,3098.7777777777774,102.68444444444444,-1.0,41.81777777777778
2024-03-11 03:12:20,8.752836666644727,66.00704149999879,-1.0,2.2577661666673525,1.9790579333331948,3.0348436666666125,3.029772133333116,25.214976,54.472704,-1.0,15.376384,82.444288,199.061504,197.8368,57.76,145.60444444444448,62.93777777777778,3098.7777777777774,144.80111111111114,-1.0,41.81777777777778
2024-03-11 03:12:25,8.752836666644725,30.77115590000024,-1.0,2.257766166667352,1.6941611000002392,7.272373933333634,6.472812466666747,25.214976,54.218752,-1.0,15.376384,82.444288,199.151616,197.971968,96.04000000000002,145.60444444444443,144.0,3504.6400000000003,144.8011111111111,-1.0,31.73444444444445
2024-03-11 03:12:30,8.752836666644725,30.77115590000024,-1.0,2.257766166667352,1.6941611000002392,7.272373933333634,6.472812466666747,25.214976,54.218752,-1.0,15.376384,82.444288,199.151616,197.971968,96.04000000000002,145.60444444444443,144.0,3504.6400000000003,144.8011111111111,-1.0,31.73444444444445
2024-03-11 03:12:35,8.752836666644725,30.77115590000024,-1.0,2.257766166667352,1.6941611000002392,7.272373933333634,6.472812466666747,25.214976,54.218752,-1.0,15.376384,82.444288,199.151616,197.971968,96.04000000000002,145.60444444444443,144.0,3504.6400000000003,144.8011111111111,-1.0,31.73444444444445
2024-03-11 03:12:40,8.752836666644725,30.77115590000024,-1.0,2.257766166667352,1.6941611000002392,7.272373933333634,6.472812466666747,25.214976,54.218752,-1.0,15.376384,82.444288,199.151616,197.971968,96.04000000000002,145.60444444444443,144.0,3504.6400000000003,144.8011111111111,-1.0,31.73444444444445
2024-03-11 03:12:45,8.752836666644725,30.77115590000024,-1.0,2.257766166667352,1.6941611000002392,7.272373933333634,6.472812466666747,25.214976,54.218752,-1.0,15.376384,82.444288,199.151616,197.971968,96.04000000000002,145.60444444444443,144.0,3504.6400000000003,144.8011111111111,-1.0,31.73444444444445
2024-03-11 03:12:50,4.996954666664049,30.77115590000024,-1.0,1.7997863333296973,1.6941611000002392,7.272373933333634,6.472812466666747,25.214976,54.218752,-1.0,14.475264,82.444288,199.151616,197.971968,96.04000000000002,94.73777777777784,144.0,3504.6400000000003,55.751111111111136,-1.0,31.73444444444445
2024-03-11 03:12:55,4.996954666664047,92.81567033333431,-1.0,1.7997863333296968,1.7714484000000161,4.977797799999924,6.0832996999996185,25.214976,54.136832,-1.0,14.475264,82.444288,199.303168,198.08256,104.7211111111111,94.73777777777777,136.1111111111111,3520.444444444445,55.751111111111115,-1.0,38.02777777777778
2024-03-11 03:13:00,4.996954666664047,92.81567033333431,-1.0,1.7997863333296968,1.7714484000000161,4.977797799999924,6.0832996999996185,25.214976,54.136832,-1.0,14.475264,82.444288,199.303168,198.08256,104.7211111111111,94.73777777777777,136.1111111111111,3520.444444444445,55.751111111111115,-1.0,38.02777777777778
2024-03-11 03:13:05,4.996954666664047,92.81567033333431,-1.0,1.7997863333296968,1.7714484000000161,4.977797799999924,6.0832996999996185,25.214976,54.136832,-1.0,14.475264,82.444288,199.303168,198.08256,104.7211111111111,94.73777777777777,136.1111111111111,3520.444444444445,55.751111111111115,-1.0,38.02777777777778
2024-03-11 03:13:10,4.996954666664047,92.81567033333431,-1.0,1.7997863333296968,1.7714484000000161,4.977797799999924,6.0832996999996185,25.214976,54.136832,-1.0,14.475264,82.444288,199.303168,198.08256,104.7211111111111,94.73777777777777,136.1111111111111,3520.444444444445,55.751111111111115,-1.0,38.02777777777778
2024-03-11 03:13:15,4.996954666664047,92.81567033333431,-1.0,1.7997863333296968,1.7714484000000161,4.977797799999924,6.0832996999996185,25.214976,54.136832,-1.0,14.475264,82.444288,199.303168,198.08256,104.7211111111111,94.73777777777777,136.1111111111111,3520.444444444445,55.751111111111115,-1.0,38.02777777777778
2024-03-11 03:13:20,10.75875183335787,92.81567033333431,-1.0,1.9906186000033212,1.7714484000000161,4.977797799999924,6.0832996999996185,25.214976,54.136832,-1.0,15.1552,82.444288,199.303168,198.08256,104.7211111111111,100.00000000000004,136.1111111111111,3520.444444444445,216.09000000000015,-1.0,38.02777777777778
2024-03-11 03:13:25,10.758751833357868,52.05302999999427,-1.0,1.9906186000033204,1.8437251999998239,2.509765199999947,3.998424700000669,25.214976,54.022144,-1.0,15.1552,82.444288,199.43424,198.262784,115.92111111111113,100.0,118.08444444444446,3230.027777777778,216.08999999999997,-1.0,20.25
2024-03-11 03:13:30,10.758751833357868,52.05302999999427,-1.0,1.9906186000033204,1.8437251999998239,2.509765199999947,3.998424700000669,25.214976,54.022144,-1.0,15.1552,82.444288,199.43424,198.262784,115.92111111111113,100.0,118.08444444444446,3230.027777777778,216.08999999999997,-1.0,20.25
2024-03-11 03:13:35,10.758751833357868,52.05302999999427,-1.0,1.9906186000033204,1.8437251999998239,2.509765199999947,3.998424700000669,25.214976,54.022144,-1.0,15.1552,82.444288,199.43424,198.262784,115.92111111111113,100.0,118.08444444444446,3230.027777777778,216.08999999999997,-1.0,20.25
2024-03-11 03:13:40,10.758751833357868,52.05302999999427,-1.0,1.9906186000033204,1.8437251999998239,2.509765199999947,3.998424700000669,25.214976,54.022144,-1.0,15.1552,82.444288,199.43424,198.262784,115.92111111111113,100.0,118.08444444444446,3230.027777777778,216.08999999999997,-1.0,20.25
2024-03-11 03:13:45,10.758751833357868,52.05302999999427,-1.0,1.9906186000033204,1.8437251999998239,2.509765199999947,3.998424700000669,25.214976,54.022144,-1.0,15.1552,82.444288,199.43424,198.262784,115.92111111111113,100.0,118.08444444444446,3230.027777777778,216.08999999999997,-1.0,20.25
2024-03-11 03:13:50,6.771806666650569,52.05302999999427,-1.0,2.1078495999972806,1.8437251999998239,2.509765199999947,3.998424700000669,25.23136,54.022144,-1.0,14.761984,82.444288,199.43424,198.262784,115.92111111111113,47.61000000000003,118.08444444444446,3230.027777777778,214.13444444444454,-1.0,20.25
2024-03-11 03:13:55,6.771806666650567,58.358218966668574,-1.0,2.10784959999728,2.256542000000176,8.074659766667008,6.271186566666151,25.23136,54.239232,-1.0,14.761984,82.444288,199.561216,198.41024,98.67111111111112,47.61000000000001,125.43999999999998,3395.0044444444443,214.13444444444443,-1.0,26.009999999999998
2024-03-11 03:14:00,6.771806666650567,58.358218966668574,-1.0,2.10784959999728,2.256542000000176,8.074659766667008,6.271186566666151,25.23136,54.239232,-1.0,14.761984,82.444288,199.561216,198.41024,98.67111111111112,47.61000000000001,125.43999999999998,3395.0044444444443,214.13444444444443,-1.0,26.009999999999998
2024-03-11 03:14:05,6.771806666650567,58.358218966668574,-1.0,2.10784959999728,2.256542000000176,8.074659766667008,6.271186566666151,25.23136,54.239232,-1.0,14.761984,82.444288,199.561216,198.41024,98.67111111111112,47.61000000000001,125.43999999999998,3395.0044444444443,214.13444444444443,-1.0,26.009999999999998
2024-03-11 03:14:10,6.771806666650567,58.358218966668574,-1.0,2.10784959999728,2.256542000000176,8.074659766667008,6.271186566666151,25.23136,54.239232,-1.0,14.761984,82.444288,199.561216,198.41024,98.67111111111112,47.61000000000001,125.43999999999998,3395.0044444444443,214.13444444444443,-1.0,26.009999999999998
2024-03-11 03:14:15,6.771806666650567,58.358218966668574,-1.0,2.10784959999728,2.256542000000176,8.074659766667008,6.271186566666151,25.23136,54.239232,-1.0,14.761984,82.444288,199.561216,198.41024,98.67111111111112,47.61000000000001,125.43999999999998,3395.0044444444443,214.13444444444443,-1.0,26.009999999999998
2024-03-11 03:14:20,9.414132166663574,58.358218966668574,-1.0,1.7380284666690695,2.256542000000176,8.074659766667008,6.271186566666151,25.214976,54.239232,-1.0,15.110144,82.444288,199.561216,198.41024,98.67111111111112,85.87111111111116,125.43999999999998,3395.0044444444443,169.86777777777786,-1.0,26.009999999999998
2024-03-11 03:14:25,9.414132166663572,72.20900956666962,-1.0,1.738028466669069,1.3791504333331281,3.0205464999994547,4.743551633333709,25.214976,54.02624,-1.0,15.110144,82.444288,199.622656,198.537216,176.89000000000001,85.87111111111112,113.06777777777776,3095.067777777778,169.86777777777777,-1.0,40.53444444444444
2024-03-11 03:14:30,9.414132166663572,72.20900956666962,-1.0,1.738028466669069,1.3791504333331281,3.0205464999994547,4.743551633333709,25.214976,54.02624,-1.0,15.110144,82.444288,199.622656,198.537216,176.89000000000001,85.87111111111112,113.06777777777776,3095.067777777778,169.86777777777777,-1.0,40.53444444444444
2024-03-11 03:14:35,9.414132166663572,72.20900956666962,-1.0,1.738028466669069,1.3791504333331281,3.0205464999994547,4.743551633333709,25.214976,54.02624,-1.0,15.110144,82.444288,199.622656,198.537216,176.89000000000001,85.87111111111112,113.06777777777776,3095.067777777778,169.86777777777777,-1.0,40.53444444444444
2024-03-11 03:14:40,9.414132166663572,72.20900956666962,-1.0,1.738028466669069,1.3791504333331281,3.0205464999994547,4.743551633333709,25.214976,54.02624,-1.0,15.110144,82.444288,199.622656,198.537216,176.89000000000001,85.87111111111112,113.06777777777776,3095.067777777778,169.86777777777777,-1.0,40.53444444444444
2024-03-11 03:14:45,9.414132166663572,72.20900956666962,-1.0,1.738028466669069,1.3791504333331281,3.0205464999994547,4.743551633333709,25.214976,54.02624,-1.0,15.110144,82.444288,199.622656,198.537216,176.89000000000001,85.87111111111112,113.06777777777776,3095.067777777778,169.86777777777777,-1.0,40.53444444444444
2024-03-11 03:14:50,4.505051300020569,72.20900956666962,-1.0,1.9603200000005931,1.3791504333331281,3.0205464999994547,4.743551633333709,25.214976,54.02624,-1.0,14.4384,82.444288,199.622656,198.537216,176.89000000000001,75.11111111111113,113.06777777777776,3095.067777777778,132.25000000000003,-1.0,40.53444444444444
2024-03-11 03:14:55,4.505051300020568,74.36647399999856,-1.0,1.9603200000005927,2.158092933333459,5.096492066667224,5.930234199999518,25.214976,54.140928,-1.0,14.4384,82.444288,199.7824,198.643712,82.80999999999999,75.1111111111111,136.89,2070.25,132.25,-1.0,36.0
2024-03-11 03:15:00,4.505051300020568,74.36647399999856,-1.0,1.9603200000005927,2.158092933333459,5.096492066667224,5.930234199999518,25.214976,54.140928,-1.0,14.4384,82.444288,199.7824,198.643712,82.80999999999999,75.1111111111111,136.89,2070.25,132.25,-1.0,36.0
2024-03-11 03:15:05,4.505051300020568,74.36647399999856,-1.0,1.9603200000005927,2.158092933333459,5.096492066667224,5.930234199999518,25.214976,54.140928,-1.0,14.4384,82.444288,199.7824,198.643712,82.80999999999999,75.1111111111111,136.89,2070.25,132.25,-1.0,36.0
2024-03-11 03:15:10,4.505051300020568,74.36647399999856,-1.0,1.9603200000005927,2.158092933333459,5.096492066667224,5.930234199999518,25.214976,54.140928,-1.0,14.4384,82.444288,199.7824,198.643712,82.80999999999999,75.1111111111111,136.89,2070.25,132.25,-1.0,36.0
2024-03-11 03:15:15,4.505051300020568,74.36647399999856,-1.0,1.9603200000005927,2.158092933333459,5.096492066667224,5.930234199999518,25.214976,54.140928,-1.0,14.4384,82.444288,199.7824,198.643712,82.80999999999999,75.1111111111111,136.89,2070.25,132.25,-1.0,36.0
2024-03-11 03:15:20,8.34975873331132,74.36647399999856,-1.0,0.9982654333308956,2.158092933333459,5.096492066667224,5.930234199999518,25.214976,54.140928,-1.0,15.208448,82.444288,199.7824,198.643712,82.80999999999999,57.76000000000003,136.89,2070.25,119.53777777777782,-1.0,36.0
2024-03-11 03:15:25,8.349758733311319,47.182544233335946,-1.0,0.9982654333308951,1.3893751333332223,4.694332366666268,1.8422889333332175,25.214976,55.066624,-1.0,15.208448,82.444288,199.84384,198.692864,85.25444444444443,57.76,91.52111111111111,4587.804444444445,119.53777777777778,-1.0,31.359999999999996
2024-03-11 03:15:30,8.349758733311319,47.182544233335946,-1.0,0.9982654333308951,1.3893751333332223,4.694332366666268,1.8422889333332175,25.214976,55.066624,-1.0,15.208448,82.444288,199.84384,198.692864,85.25444444444443,57.76,91.52111111111111,4587.804444444445,119.53777777777778,-1.0,31.359999999999996
2024-03-11 03:15:35,8.349758733311319,47.182544233335946,-1.0,0.9982654333308951,1.3893751333332223,4.694332366666268,1.8422889333332175,25.214976,55.066624,-1.0,15.208448,82.444288,199.84384,198.692864,85.25444444444443,57.76,91.52111111111111,4587.804444444445,119.53777777777778,-1.0,31.359999999999996
2024-03-11 03:15:40,8.349758733311319,47.182544233335946,-1.0,0.9982654333308951,1.3893751333332223,4.694332366666268,1.8422889333332175,25.214976,55.066624,-1.0,15.208448,82.444288,199.84384,198.692864,85.25444444444443,57.76,91.52111111111111,4587.804444444445,119.53777777777778,-1.0,31.359999999999996
2024-03-11 03:15:45,8.349758733311319,47.182544233335946,-1.0,0.9982654333308951,1.3893751333332223,4.694332366666268,1.8422889333332175,25.214976,55.066624,-1.0,15.208448,82.444288,199.84384,198.692864,85.25444444444443,57.76,91.52111111111111,4587.804444444445,119.53777777777778,-1.0,31.359999999999996
2024-03-11 03:15:50,3.6484720482485304,47.182544233335946,-1.0,1.1683677372092982,1.3893751333332223,4.694332366666268,1.8422889333332175,25.23136,55.066624,-1.0,15.147008,82.444288,199.84384,198.692864,85.25444444444443,46.19071676342624,91.52111111111111,4587.804444444445,107.35323712214893,-1.0,31.359999999999996
2024-03-11 03:15:55,3.6484720482485304,34.90875463332941,-1.0,1.1683677372092982,1.1738805333332416,2.492169499999856,4.098644000000225,25.23136,55.083008,-1.0,15.147008,82.444288,199.872512,198.795264,27.387777777777778,46.19071676342624,31.359999999999996,2926.81,107.35323712214893,-1.0,19.360000000000003
2024-03-11 03:16:00,3.6484720482485304,34.90875463332941,0.0,1.1683677372092982,1.1738805333332416,2.492169499999856,4.098644000000225,25.23136,55.083008,0.0,15.147008,82.444288,199.872512,198.795264,27.387777777777778,46.19071676342624,31.359999999999996,2926.81,107.35323712214893,0.0,19.360000000000003
2024-03-11 03:16:05,3.648472048248531,34.90875463332941,0.0,1.1683677372092982,1.1738805333332416,2.492169499999856,4.098644000000225,25.23136,55.083008,0.0,15.147008,82.444288,199.872512,198.795264,27.387777777777778,46.19071676342625,31.359999999999996,2926.81,107.35323712214893,0.0,19.360000000000003
2024-03-11 03:16:10,3.648472048248531,34.90875463332941,0.0,1.1683677372092982,1.1738805333332416,2.492169499999856,4.098644000000225,25.23136,55.083008,0.0,15.147008,82.444288,199.872512,198.795264,27.387777777777778,46.19071676342625,31.359999999999996,2926.81,107.35323712214893,0.0,19.360000000000003
2024-03-11 03:16:15,3.648472048248531,34.90875463332941,0.0,1.1683677372092982,1.1738805333332416,2.492169499999856,4.098644000000225,25.23136,55.083008,0.0,15.147008,82.444288,199.872512,198.795264,27.387777777777778,46.19071676342625,31.359999999999996,2926.81,107.35323712214893,0.0,19.360000000000003
2024-03-11 03:16:20,4.5003836379458635,34.90875463332941,0.0,0.7061630202764231,1.1738805333332416,2.492169499999856,4.098644000000225,25.214976,55.083008,51.044352,14.5408,82.444288,199.872512,198.795264,27.387777777777778,57.315564743743806,31.359999999999996,2926.81,48.586255964048846,0.0,19.360000000000003
2024-03-11 03:16:25,4.500383637945863,36.18135340000208,0.0,0.7061630202764227,1.1266934999999496,3.6446780000005674,1.492873933333764,25.214976,55.164928,51.044352,14.5408,82.444288,199.942144,198.823936,146.41,57.31556474374378,53.77777777777777,3061.777777777778,48.586255964048824,0.0,21.46777777777778
2024-03-11 03:16:30,4.500383637945863,36.18135340000208,0.0,0.7061630202764227,1.1266934999999496,3.6446780000005674,1.492873933333764,25.214976,55.164928,51.044352,14.5408,82.444288,199.942144,198.823936,146.41,57.31556474374378,53.77777777777777,3061.777777777778,48.586255964048824,0.0,21.46777777777778
2024-03-11 03:16:35,4.500383637945863,36.18135340000208,0.0,0.7061630202764227,1.1266934999999496,3.6446780000005674,1.492873933333764,25.214976,55.164928,51.044352,14.5408,82.444288,199.942144,198.823936,146.41,57.31556474374378,53.77777777777777,3061.777777777778,48.586255964048824,0.0,21.46777777777778
2024-03-11 03:16:40,4.500383637945863,36.18135340000208,0.0,0.7061630202764227,1.1266934999999496,3.6446780000005674,1.492873933333764,25.214976,55.164928,51.044352,14.5408,82.444288,199.942144,198.823936,146.41,57.31556474374378,53.77777777777777,3061.777777777778,48.586255964048824,0.0,21.46777777777778
2024-03-11 03:16:45,4.500383637945863,36.18135340000208,0.0,0.7061630202764227,1.1266934999999496,3.6446780000005674,1.492873933333764,25.214976,55.164928,51.044352,14.5408,82.444288,199.942144,198.823936,146.41,57.31556474374378,53.77777777777777,3061.777777777778,48.586255964048824,0.0,21.46777777777778
2024-03-11 03:16:50,5.153700500007593,36.18135340000208,31.14656380000001,1.7582704000005838,1.1266934999999496,3.6446780000005674,1.492873933333764,25.214976,55.164928,51.15904,14.856192,82.444288,199.942144,198.823936,146.41,41.8177777777778,53.77777777777777,3061.777777777778,196.0000000000001,363.5377777777779,21.46777777777778
2024-03-11 03:16:55,5.153700500007592,31.151657399997628,31.146563800000003,1.7582704000005833,1.2106124333333432,5.024351933333075,4.308495799999908,25.214976,55.222272,51.15904,14.856192,82.444288,200.00768,198.856704,20.854444444444443,41.81777777777778,73.96,1421.2900000000002,196.0,363.53777777777776,10.454444444444444
2024-03-11 03:17:00,5.153700500007592,31.151657399997628,31.146563800000003,1.7582704000005833,1.2106124333333432,5.024351933333075,4.308495799999908,25.214976,55.222272,51.15904,14.856192,82.444288,200.00768,198.856704,20.854444444444443,41.81777777777778,73.96,1421.2900000000002,196.0,363.53777777777776,10.454444444444444
2024-03-11 03:17:05,5.153700500007592,31.151657399997628,31.146563800000003,1.7582704000005833,1.2106124333333432,5.024351933333075,4.308495799999908,25.214976,55.222272,51.15904,14.856192,82.444288,200.00768,198.856704,20.854444444444443,41.81777777777778,73.96,1421.2900000000002,196.0,363.53777777777776,10.454444444444444
2024-03-11 03:17:10,5.153700500007592,31.151657399997628,31.146563800000003,1.7582704000005833,1.2106124333333432,5.024351933333075,4.308495799999908,25.214976,55.222272,51.15904,14.856192,82.444288,200.00768,198.856704,20.854444444444443,41.81777777777778,73.96,1421.2900000000002,196.0,363.53777777777776,10.454444444444444
2024-03-11 03:17:15,5.153700500007592,31.151657399997628,31.146563800000003,1.7582704000005833,1.2106124333333432,5.024351933333075,4.308495799999908,25.214976,55.222272,51.15904,14.856192,82.444288,200.00768,198.856704,20.854444444444443,41.81777777777778,73.96,1421.2900000000002,196.0,363.53777777777776,10.454444444444444
2024-03-11 03:17:20,5.021147199992509,31.151657399997628,21.6194833,1.213542399996944,1.2106124333333432,5.024351933333075,4.308495799999908,25.23136,55.222272,51.052544,14.749696,82.444288,200.00768,198.856704,20.854444444444443,79.21000000000004,73.96,1421.2900000000002,19.654444444444454,665.6400000000004,10.454444444444444
2024-03-11 03:17:25,5.021147199992508,29.49331323333505,21.619483299999995,1.2135423999969437,1.7790755666666769,3.803923166666815,4.018360400000158,25.23136,55.078912,51.052544,14.749696,82.444288,200.093696,198.938624,151.29000000000002,79.21000000000001,47.61000000000001,1689.21,19.654444444444447,665.64,25.67111111111111
2024-03-11 03:17:30,5.021147199992508,29.49331323333505,21.619483299999995,1.2135423999969437,1.7790755666666769,3.803923166666815,4.018360400000158,25.23136,55.078912,51.052544,14.749696,82.444288,200.093696,198.938624,151.29000000000002,79.21000000000001,47.61000000000001,1689.21,19.654444444444447,665.64,25.67111111111111
2024-03-11 03:17:35,5.021147199992508,29.49331323333505,21.619483299999995,1.2135423999969437,1.7790755666666769,3.803923166666815,4.018360400000158,25.23136,55.078912,51.052544,14.749696,82.444288,200.093696,198.938624,151.29000000000002,79.21000000000001,47.61000000000001,1689.21,19.654444444444447,665.64,25.67111111111111
2024-03-11 03:17:40,5.021147199992508,29.49331323333505,21.619483299999995,1.2135423999969437,1.7790755666666769,3.803923166666815,4.018360400000158,25.23136,55.078912,51.052544,14.749696,82.444288,200.093696,198.938624,151.29000000000002,79.21000000000001,47.61000000000001,1689.21,19.654444444444447,665.64,25.67111111111111
2024-03-11 03:17:45,5.021147199992508,29.49331323333505,21.619483299999995,1.2135423999969437,1.7790755666666769,3.803923166666815,4.018360400000158,25.23136,55.078912,51.052544,14.749696,82.444288,200.093696,198.938624,151.29000000000002,79.21000000000001,47.61000000000001,1689.21,19.654444444444447,665.64,25.67111111111111
2024-03-11 03:17:50,5.027022865148967,29.49331323333505,31.282220651956536,1.2812214852346628,1.7790755666666769,3.803923166666815,4.018360400000158,25.23136,55.078912,51.060736,14.815232,82.444288,200.093696,198.938624,151.29000000000002,90.87232773020342,47.61000000000001,1689.21,195.97386927976774,547.486999300151,25.67111111111111
2024-03-11 03:17:55,5.027022865148967,24.101250566665534,31.282220651956536,1.2812214852346628,1.2102239000000736,1.7085345999997041,3.599941233333463,25.23136,55.35744,51.060736,14.815232,82.444288,200.179712,199.049216,112.36,90.87232773020342,152.11111111111111,1100.0277777777776,195.97386927976774,547.486999300151,67.78777777777776
2024-03-11 03:18:00,5.027022865148967,24.101250566665534,31.282220651956536,1.2812214852346628,1.2102239000000736,1.7085345999997041,3.599941233333463,25.23136,55.35744,51.060736,14.815232,82.444288,200.179712,199.049216,112.36,90.87232773020342,152.11111111111111,1100.0277777777776,195.97386927976774,547.486999300151,67.78777777777776
2024-03-11 03:18:05,5.027022865148967,24.101250566665534,31.282220651956536,1.2812214852346628,1.2102239000000736,1.7085345999997041,3.599941233333463,25.23136,55.35744,51.060736,14.815232,82.444288,200.179712,199.049216,112.36,90.87232773020342,152.11111111111111,1100.0277777777776,195.97386927976774,547.486999300151,67.78777777777776
2024-03-11 03:18:10,5.027022865148967,24.101250566665534,31.282220651956536,1.2812214852346628,1.2102239000000736,1.7085345999997041,3.599941233333463,25.23136,55.35744,51.060736,14.815232,82.444288,200.179712,199.049216,112.36,90.87232773020342,152.11111111111111,1100.0277777777776,195.97386927976774,547.486999300151,67.78777777777776
2024-03-11 03:18:15,5.027022865148967,24.101250566665534,31.282220651956536,1.2812214852346628,1.2102239000000736,1.7085345999997041,3.599941233333463,25.23136,55.35744,51.060736,14.815232,82.444288,200.179712,199.049216,112.36,90.87232773020342,152.11111111111111,1100.0277777777776,195.97386927976774,547.486999300151,67.78777777777776
2024-03-11 03:18:20,6.36960547367578,24.101250566665534,29.7406778451897,1.347997699847092,1.2102239000000736,1.7085345999997041,3.599941233333463,25.214976,55.35744,51.064832,14.811136,82.444288,200.179712,199.049216,112.36,64.00853418674252,152.11111111111111,1100.0277777777776,125.45672700601533,729.0972097208642,67.78777777777776
2024-03-11 03:18:25,6.36960547367578,39.52183830000043,29.7406778451897,1.347997699847092,1.65745293333354,6.541853366667283,5.34674819999926,25.214976,55.013376,51.064832,14.811136,82.444288,200.331264,199.102464,22.72111111111111,64.00853418674252,90.25,2503.334444444444,125.45672700601533,729.0972097208642,26.351111111111116
2024-03-11 03:18:30,6.36960547367578,39.52183830000043,29.7406778451897,1.347997699847092,1.65745293333354,6.541853366667283,5.34674819999926,25.214976,55.013376,51.064832,14.811136,82.444288,200.331264,199.102464,22.72111111111111,64.00853418674252,90.25,2503.334444444444,125.45672700601533,729.0972097208642,26.351111111111116
2024-03-11 03:18:35,6.36960547367578,39.52183830000043,29.7406778451897,1.347997699847092,1.65745293333354,6.541853366667283,5.34674819999926,25.214976,55.013376,51.064832,14.811136,82.444288,200.331264,199.102464,22.72111111111111,64.00853418674252,90.25,2503.334444444444,125.45672700601533,729.0972097208642,26.351111111111116
2024-03-11 03:18:40,6.36960547367578,39.52183830000043,29.7406778451897,1.347997699847092,1.65745293333354,6.541853366667283,5.34674819999926,25.214976,55.013376,51.064832,14.811136,82.444288,200.331264,199.102464,22.72111111111111,64.00853418674252,90.25,2503.334444444444,125.45672700601533,729.0972097208642,26.351111111111116
2024-03-11 03:18:45,6.36960547367578,39.52183830000043,29.7406778451897,1.347997699847092,1.65745293333354,6.541853366667283,5.34674819999926,25.214976,55.013376,51.064832,14.811136,82.444288,200.331264,199.102464,22.72111111111111,64.00853418674252,90.25,2503.334444444444,125.45672700601533,729.0972097208642,26.351111111111116
2024-03-11 03:18:50,7.318813345780944,39.52183830000043,29.755830644623664,1.5924360709291872,1.65745293333354,6.541853366667283,5.34674819999926,25.227264,55.013376,51.183616,14.913536,82.444288,200.331264,199.102464,22.72111111111111,73.95013965271238,90.25,2503.334444444444,193.18424124257106,835.0986498018102,26.351111111111116
2024-03-11 03:18:55,7.318813345780944,30.074355833335176,29.755830644623664,1.5924360709291872,1.1488323999998329,2.5805497666662327,4.95534323333402,25.227264,55.136256,51.183616,14.913536,82.444288,200.372224,199.266304,257.06777777777785,73.95013965271238,129.96,1000.6677777777777,193.18424124257106,835.0986498018102,25.67111111111111
2024-03-11 03:19:00,7.318813345780944,30.074355833335176,29.755830644623664,1.5924360709291872,1.1488323999998329,2.5805497666662327,4.95534323333402,25.227264,55.136256,51.183616,14.913536,82.444288,200.372224,199.266304,257.06777777777785,73.95013965271238,129.96,1000.6677777777777,193.18424124257106,835.0986498018102,25.67111111111111
2024-03-11 03:19:05,7.318813345780944,30.074355833335176,29.755830644623664,1.5924360709291872,1.1488323999998329,2.5805497666662327,4.95534323333402,25.227264,55.136256,51.183616,14.913536,82.444288,200.372224,199.266304,257.06777777777785,73.95013965271238,129.96,1000.6677777777777,193.18424124257106,835.0986498018102,25.67111111111111
2024-03-11 03:19:10,7.318813345780944,30.074355833335176,29.755830644623664,1.5924360709291872,1.1488323999998329,2.5805497666662327,4.95534323333402,25.227264,55.136256,51.183616,14.913536,82.444288,200.372224,199.266304,257.06777777777785,73.95013965271238,129.96,1000.6677777777777,193.18424124257106,835.0986498018102,25.67111111111111
2024-03-11 03:19:15,7.318813345780944,30.074355833335176,29.755830644623664,1.5924360709291872,1.1488323999998329,2.5805497666662327,4.95534323333402,25.227264,55.136256,51.183616,14.913536,82.444288,200.372224,199.266304,257.06777777777785,73.95013965271238,129.96,1000.6677777777777,193.18424124257106,835.0986498018102,25.67111111111111
2024-03-11 03:19:20,9.920641042734829,30.074355833335176,-1.0,2.198651276752372,1.1488323999998329,2.5805497666662327,4.95534323333402,25.23136,55.136256,-1.0,14.577664,82.444288,200.372224,199.266304,257.06777777777785,29.16388838883456,129.96,1000.6677777777777,124.71107203311078,-1.0,25.67111111111111
2024-03-11 03:19:25,9.920641042734829,55.415038733334164,-1.0,2.198651276752372,1.8522840333332624,5.262107200000325,2.6477700333326006,25.23136,55.136256,-1.0,14.577664,82.444288,200.47872,199.348224,113.06777777777776,29.16388838883456,167.2711111111111,2690.1511111111113,124.71107203311078,-1.0,41.81777777777778
2024-03-11 03:19:30,9.920641042734829,55.415038733334164,-1.0,2.198651276752372,1.8522840333332624,5.262107200000325,2.6477700333326006,25.23136,55.136256,-1.0,14.577664,82.444288,200.47872,199.348224,113.06777777777776,29.16388838883456,167.2711111111111,2690.1511111111113,124.71107203311078,-1.0,41.81777777777778
2024-03-11 03:19:35,9.920641042734829,55.415038733334164,-1.0,2.198651276752372,1.8522840333332624,5.262107200000325,2.6477700333326006,25.23136,55.136256,-1.0,14.577664,82.444288,200.47872,199.348224,113.06777777777776,29.16388838883456,167.2711111111111,2690.1511111111113,124.71107203311078,-1.0,41.81777777777778
2024-03-11 03:19:40,9.920641042734829,55.415038733334164,-1.0,2.198651276752372,1.8522840333332624,5.262107200000325,2.6477700333326006,25.23136,55.136256,-1.0,14.577664,82.444288,200.47872,199.348224,113.06777777777776,29.16388838883456,167.2711111111111,2690.1511111111113,124.71107203311078,-1.0,41.81777777777778
2024-03-11 03:19:45,9.920641042734829,55.415038733334164,-1.0,2.198651276752372,1.8522840333332624,5.262107200000325,2.6477700333326006,25.23136,55.136256,-1.0,14.577664,82.444288,200.47872,199.348224,113.06777777777776,29.16388838883456,167.2711111111111,2690.1511111111113,124.71107203311078,-1.0,41.81777777777778
2024-03-11 03:19:50,4.180982366688114,55.415038733334164,-1.0,1.653496266665874,1.8522840333332624,5.262107200000325,2.6477700333326006,25.198592,55.136256,-1.0,14.983168,82.444288,200.47872,199.348224,113.06777777777776,240.2500000000001,167.2711111111111,2690.1511111111113,148.0277777777778,-1.0,41.81777777777778
2024-03-11 03:19:55,4.180982366688113,62.93322633333294,-1.0,1.6534962666658735,2.184756299999909,6.2987408666667,7.213357000000542,25.198592,55.021568,-1.0,14.983168,82.444288,200.630272,199.483392,41.81777777777778,240.25,25.0,4173.159999999999,148.02777777777777,-1.0,44.44444444444445
2024-03-11 03:20:00,4.180982366688113,62.93322633333294,-1.0,1.6534962666658735,2.184756299999909,6.2987408666667,7.213357000000542,25.198592,55.021568,-1.0,14.983168,82.444288,200.630272,199.483392,41.81777777777778,240.25,25.0,4173.159999999999,148.02777777777777,-1.0,44.44444444444445
2024-03-11 03:20:05,4.180982366688113,62.93322633333294,-1.0,1.6534962666658735,2.184756299999909,6.2987408666667,7.213357000000542,25.198592,55.021568,-1.0,14.983168,82.444288,200.630272,199.483392,41.81777777777778,240.25,25.0,4173.159999999999,148.02777777777777,-1.0,44.44444444444445
2024-03-11 03:20:10,4.180982366688113,62.93322633333294,-1.0,1.6534962666658735,2.184756299999909,6.2987408666667,7.213357000000542,25.198592,55.021568,-1.0,14.983168,82.444288,200.630272,199.483392,41.81777777777778,240.25,25.0,4173.159999999999,148.02777777777777,-1.0,44.44444444444445
2024-03-11 03:20:15,4.180982366688113,62.93322633333294,-1.0,1.6534962666658735,2.184756299999909,6.2987408666667,7.213357000000542,25.198592,55.021568,-1.0,14.983168,82.444288,200.630272,199.483392,41.81777777777778,240.25,25.0,4173.159999999999,148.02777777777777,-1.0,44.44444444444445
2024-03-11 03:20:20,8.656116866647306,62.93322633333294,-1.0,1.8960991333339436,2.184756299999909,6.2987408666667,7.213357000000542,25.198592,55.021568,-1.0,15.327232,82.444288,200.630272,199.483392,41.81777777777778,60.321111111111136,25.0,4173.159999999999,127.69000000000005,-1.0,44.44444444444445
2024-03-11 03:20:25,8.656116866647304,62.401664233334486,-1.0,1.8960991333339432,1.6965642666666745,5.190436333332589,4.630647600000278,25.198592,55.021568,-1.0,15.327232,82.444288,200.749056,199.614464,247.53777777777776,60.32111111111111,91.52111111111111,3604.0011111111107,127.69000000000001,-1.0,17.64
2024-03-11 03:20:30,8.656116866647304,62.401664233334486,-1.0,1.8960991333339432,1.6965642666666745,5.190436333332589,4.630647600000278,25.198592,55.021568,-1.0,15.327232,82.444288,200.749056,199.614464,247.53777777777776,60.32111111111111,91.52111111111111,3604.0011111111107,127.69000000000001,-1.0,17.64
2024-03-11 03:20:35,8.656116866647304,62.401664233334486,-1.0,1.8960991333339432,1.6965642666666745,5.190436333332589,4.630647600000278,25.198592,55.021568,-1.0,15.327232,82.444288,200.749056,199.614464,247.53777777777776,60.32111111111111,91.52111111111111,3604.0011111111107,127.69000000000001,-1.0,17.64
2024-03-11 03:20:40,8.656116866647304,62.401664233334486,-1.0,1.8960991333339432,1.6965642666666745,5.190436333332589,4.630647600000278,25.198592,55.021568,-1.0,15.327232,82.444288,200.749056,199.614464,247.53777777777776,60.32111111111111,91.52111111111111,3604.0011111111107,127.69000000000001,-1.0,17.64
2024-03-11 03:20:45,8.656116866647304,62.401664233334486,-1.0,1.8960991333339432,1.6965642666666745,5.190436333332589,4.630647600000278,25.198592,55.021568,-1.0,15.327232,82.444288,200.749056,199.614464,247.53777777777776,60.32111111111111,91.52111111111111,3604.0011111111107,127.69000000000001,-1.0,17.64
2024-03-11 03:20:50,7.904564900006035,62.401664233334486,-1.0,1.8037198000001815,1.6965642666666745,5.190436333332589,4.630647600000278,25.198592,55.021568,-1.0,14.667776,82.444288,200.749056,199.614464,247.53777777777776,63.467777777777805,91.52111111111111,3604.0011111111107,161.29000000000002,-1.0,17.64
2024-03-11 03:20:55,7.904564900006033,68.41155313332668,-1.0,1.8037198000001808,2.0936658000001294,4.84126310000003,5.0142861666662,25.198592,55.349248,-1.0,14.667776,82.444288,200.814592,199.729152,100.0,63.467777777777776,140.8177777777778,5700.25,161.29,-1.0,36.0
2024-03-11 03:21:00,7.904564900006033,68.41155313332668,-1.0,1.8037198000001808,2.0936658000001294,4.84126310000003,5.0142861666662,25.198592,55.349248,-1.0,14.667776,82.444288,200.814592,199.729152,100.0,63.467777777777776,140.8177777777778,5700.25,161.29,-1.0,36.0
2024-03-11 03:21:05,7.904564900006033,68.41155313332668,-1.0,1.8037198000001808,2.0936658000001294,4.84126310000003,5.0142861666662,25.198592,55.349248,-1.0,14.667776,82.444288,200.814592,199.729152,100.0,63.467777777777776,140.8177777777778,5700.25,161.29,-1.0,36.0
2024-03-11 03:21:10,7.904564900006033,68.41155313332668,-1.0,1.8037198000001808,2.0936658000001294,4.84126310000003,5.0142861666662,25.198592,55.349248,-1.0,14.667776,82.444288,200.814592,199.729152,100.0,63.467777777777776,140.8177777777778,5700.25,161.29,-1.0,36.0
2024-03-11 03:21:15,7.904564900006033,68.41155313332668,-1.0,1.8037198000001808,2.0936658000001294,4.84126310000003,5.0142861666662,25.198592,55.349248,-1.0,14.667776,82.444288,200.814592,199.729152,100.0,63.467777777777776,140.8177777777778,5700.25,161.29,-1.0,36.0
2024-03-11 03:21:20,7.899646000017434,68.41155313332668,-1.0,1.7806203666661233,2.0936658000001294,4.84126310000003,5.0142861666662,25.198592,55.349248,-1.0,15.085568,82.444288,200.814592,199.729152,100.0,96.69444444444449,140.8177777777778,5700.25,283.3611111111112,-1.0,36.0
2024-03-11 03:21:25,7.899646000017432,71.84023286667222,-1.0,1.7806203666661227,1.1569694666666428,4.6773288000006605,4.654241333333668,25.198592,55.140352,-1.0,15.085568,82.444288,200.904704,199.80288,97.35111111111112,96.69444444444446,138.45444444444448,655.3600000000001,283.3611111111111,-1.0,16.81
2024-03-11 03:21:30,7.899646000017432,71.84023286667222,-1.0,1.7806203666661227,1.1569694666666428,4.6773288000006605,4.654241333333668,25.198592,55.140352,-1.0,15.085568,82.444288,200.904704,199.80288,97.35111111111112,96.69444444444446,138.45444444444448,655.3600000000001,283.3611111111111,-1.0,16.81
2024-03-11 03:21:35,7.899646000017432,71.84023286667222,-1.0,1.7806203666661227,1.1569694666666428,4.6773288000006605,4.654241333333668,25.198592,55.140352,-1.0,15.085568,82.444288,200.904704,199.80288,97.35111111111112,96.69444444444446,138.45444444444448,655.3600000000001,283.3611111111111,-1.0,16.81
2024-03-11 03:21:40,7.899646000017432,71.84023286667222,-1.0,1.7806203666661227,1.1569694666666428,4.6773288000006605,4.654241333333668,25.198592,55.140352,-1.0,15.085568,82.444288,200.904704,199.80288,97.35111111111112,96.69444444444446,138.45444444444448,655.3600000000001,283.3611111111111,-1.0,16.81
2024-03-11 03:21:45,7.899646000017432,71.84023286667222,-1.0,1.7806203666661227,1.1569694666666428,4.6773288000006605,4.654241333333668,25.198592,55.140352,-1.0,15.085568,82.444288,200.904704,199.80288,97.35111111111112,96.69444444444446,138.45444444444448,655.3600000000001,283.3611111111111,-1.0,16.81
2024-03-11 03:21:50,8.666388133315197,71.84023286667222,-1.0,1.9439472999996124,1.1569694666666428,4.6773288000006605,4.654241333333668,25.198592,55.140352,-1.0,14.532608,82.444288,200.904704,199.80288,97.35111111111112,83.4177777777778,138.45444444444448,655.3600000000001,140.81777777777782,-1.0,16.81
2024-03-11 03:21:55,8.666388133315195,62.729147599998214,-1.0,1.943947299999612,1.6262684000002043,4.5326378999997505,6.148426799999622,25.198592,55.324672,-1.0,14.532608,82.444288,200.982528,199.942144,128.44444444444446,83.41777777777777,110.25,8531.60111111111,140.8177777777778,-1.0,25.67111111111111
2024-03-11 03:22:00,8.666388133315195,62.729147599998214,-1.0,1.943947299999612,1.6262684000002043,4.5326378999997505,6.148426799999622,25.198592,55.324672,-1.0,14.532608,82.444288,200.982528,199.942144,128.44444444444446,83.41777777777777,110.25,8531.60111111111,140.8177777777778,-1.0,25.67111111111111
2024-03-11 03:22:05,8.666388133315195,62.729147599998214,-1.0,1.943947299999612,1.6262684000002043,4.5326378999997505,6.148426799999622,25.198592,55.324672,-1.0,14.532608,82.444288,200.982528,199.942144,128.44444444444446,83.41777777777777,110.25,8531.60111111111,140.8177777777778,-1.0,25.67111111111111
2024-03-11 03:22:10,8.666388133315195,62.729147599998214,-1.0,1.943947299999612,1.6262684000002043,4.5326378999997505,6.148426799999622,25.198592,55.324672,-1.0,14.532608,82.444288,200.982528,199.942144,128.44444444444446,83.41777777777777,110.25,8531.60111111111,140.8177777777778,-1.0,25.67111111111111
2024-03-11 03:22:15,8.666388133315195,62.729147599998214,-1.0,1.943947299999612,1.6262684000002043,4.5326378999997505,6.148426799999622,25.198592,55.324672,-1.0,14.532608,82.444288,200.982528,199.942144,128.44444444444446,83.41777777777777,110.25,8531.60111111111,140.8177777777778,-1.0,25.67111111111111
2024-03-11 03:22:20,4.526797466678546,62.729147599998214,-1.0,1.5968820333341687,1.6262684000002043,4.5326378999997505,6.148426799999622,25.198592,55.324672,-1.0,14.774272,82.444288,200.982528,199.942144,128.44444444444446,68.89000000000004,110.25,8531.60111111111,31.360000000000007,-1.0,25.67111111111111
2024-03-11 03:22:25,4.526797466678545,61.73451596666837,-1.0,1.5968820333341682,2.1455916333332916,6.454882933332821,4.864987999999926,25.198592,55.02976,-1.0,14.774272,82.444288,201.166848,200.044544,77.44000000000001,68.89000000000001,182.25,1381.3611111111109,31.359999999999996,-1.0,40.53444444444444
2024-03-11 03:22:30,4.526797466678545,61.73451596666837,-1.0,1.5968820333341682,2.1455916333332916,6.454882933332821,4.864987999999926,25.198592,55.02976,-1.0,14.774272,82.444288,201.166848,200.044544,77.44000000000001,68.89000000000001,182.25,1381.3611111111109,31.359999999999996,-1.0,40.53444444444444
2024-03-11 03:22:35,4.526797466678545,61.73451596666837,-1.0,1.5968820333341682,2.1455916333332916,6.454882933332821,4.864987999999926,25.198592,55.02976,-1.0,14.774272,82.444288,201.166848,200.044544,77.44000000000001,68.89000000000001,182.25,1381.3611111111109,31.359999999999996,-1.0,40.53444444444444
2024-03-11 03:22:40,4.526797466678545,61.73451596666837,-1.0,1.5968820333341682,2.1455916333332916,6.454882933332821,4.864987999999926,25.198592,55.02976,-1.0,14.774272,82.444288,201.166848,200.044544,77.44000000000001,68.89000000000001,182.25,1381.3611111111109,31.359999999999996,-1.0,40.53444444444444
2024-03-11 03:22:45,4.526797466678545,61.73451596666837,-1.0,1.5968820333341682,2.1455916333332916,6.454882933332821,4.864987999999926,25.198592,55.02976,-1.0,14.774272,82.444288,201.166848,200.044544,77.44000000000001,68.89000000000001,182.25,1381.3611111111109,31.359999999999996,-1.0,40.53444444444444
2024-03-11 03:22:50,10.841071366667167,61.73451596666837,-1.0,1.2082711333315883,2.1455916333332916,6.454882933332821,4.864987999999926,25.214976,55.02976,-1.0,14.56128,82.444288,201.166848,200.044544,77.44000000000001,99.33444444444449,182.25,1381.3611111111109,184.05444444444453,-1.0,40.53444444444444
2024-03-11 03:22:55,10.841071366667165,60.51560483332803,-1.0,1.208271133331588,1.8912508666664016,5.897103400000484,6.154299299999859,25.214976,55.144448,-1.0,14.56128,82.444288,201.265152,200.163328,127.69000000000001,99.33444444444444,141.61,7000.111111111112,184.05444444444444,-1.0,53.29
2024-03-11 03:23:00,10.841071366667165,60.51560483332803,-1.0,1.208271133331588,1.8912508666664016,5.897103400000484,6.154299299999859,25.214976,55.144448,-1.0,14.56128,82.444288,201.265152,200.163328,127.69000000000001,99.33444444444444,141.61,7000.111111111112,184.05444444444444,-1.0,53.29
2024-03-11 03:23:05,10.841071366667165,60.51560483332803,-1.0,1.208271133331588,1.8912508666664016,5.897103400000484,6.154299299999859,25.214976,55.144448,-1.0,14.56128,82.444288,201.265152,200.163328,127.69000000000001,99.33444444444444,141.61,7000.111111111112,184.05444444444444,-1.0,53.29
