timestamp,productpage-v1_details-v1&p50,istio-ingressgateway_productpage-v1&p50,reviews-v2_ratings-v1&p50,reviews-v3_ratings-v1&p50,productpage-v1_reviews-v1&p50,productpage-v1_reviews-v2&p50,productpage-v1_reviews-v3&p50,productpage-v1_details-v1&p90,istio-ingressgateway_productpage-v1&p90,reviews-v2_ratings-v1&p90,reviews-v3_ratings-v1&p90,productpage-v1_reviews-v1&p90,productpage-v1_reviews-v2&p90,productpage-v1_reviews-v3&p90,productpage-v1_details-v1&p99,istio-ingressgateway_productpage-v1&p99,reviews-v2_ratings-v1&p99,reviews-v3_ratings-v1&p99,productpage-v1_reviews-v1&p99,productpage-v1_reviews-v2&p99,productpage-v1_reviews-v3&p99
2024-03-05 10:20:00,2.2203389830508478,18.903743315508024,1.1463414634146343,0.4935897435897435,1.1052631578947372,6.09375,4.842105263157896,29.230769230769226,67.3529411764706,4.229268292682927,4.189473684210527,4.221052631578948,9.21875,8.957142857142859,47.92307692307692,96.73529411764707,4.922926829268292,4.918947368421053,4.922105263157895,9.921875,9.895714285714286
2024-03-05 10:20:05,2.2203389830508478,18.365384615384613,1.4,1.358974358974359,1.1052631578947372,6.09375,4.842105263157896,29.230769230769226,51.66666666666667,4.280000000000001,4.271794871794871,4.221052631578948,9.21875,8.957142857142859,47.92307692307692,95.16666666666666,4.928,4.927179487179487,4.922105263157895,9.921875,9.895714285714286
2024-03-05 10:20:10,2.2203389830508478,18.365384615384613,0.4921875,1.0000000000000009,1.564102564102564,6.63265306122449,5.416666666666667,29.230769230769226,51.66666666666667,4.293333333333335,4.2,4.3128205128205135,9.326530612244898,9.083333333333334,47.92307692307692,95.16666666666666,6.850000000000045,4.92,4.93128205128205,9.932653061224489,9.908333333333331
2024-03-05 10:20:15,2.638095238095238,18.892215568862277,0.4921875,1.0000000000000009,1.5263157894736845,6.595744680851064,5.294117647058824,36.14285714285715,68.06451612903226,4.293333333333335,4.2,4.305263157894737,9.319148936170212,9.058823529411764,48.614285714285714,96.80645161290323,6.850000000000045,4.92,4.930526315789473,9.931914893617021,9.905882352941177
2024-03-05 10:20:20,2.638095238095238,19.483870967741936,0.4921875,0.5,1.5263157894736845,6.595744680851064,5.294117647058824,36.14285714285715,76.09756097560977,4.293333333333335,4.200000000000001,4.305263157894737,9.319148936170212,9.058823529411764,48.614285714285714,97.60975609756099,6.850000000000045,4.92,4.930526315789473,9.931914893617021,9.905882352941177
2024-03-05 10:20:25,2.638095238095238,19.483870967741936,1.1714285714285715,0.5,1.2777777777777777,5.853658536585366,5.285714285714286,36.14285714285715,76.09756097560977,4.234285714285715,4.2,4.255555555555556,9.170731707317074,9.057142857142857,48.614285714285714,97.60975609756099,4.923428571428571,4.92,4.925555555555555,9.917073170731706,9.905714285714286
2024-03-05 10:20:30,2.9183673469387754,19.700000000000003,1.1714285714285715,0.5,1.1764705882352942,5.853658536585366,5.285714285714286,39.57446808510638,77.95454545454547,4.234285714285715,4.2,4.23529411764706,9.170731707317074,9.057142857142857,48.95744680851064,97.79545454545455,4.923428571428571,4.92,4.923529411764706,9.917073170731706,9.905714285714286
2024-03-05 10:20:35,2.9183673469387754,19.697452229299362,0.5,0.4662162162162162,1.1764705882352942,5.853658536585366,5.285714285714286,39.57446808510638,77.93478260869564,4.199999999999999,4.137499999999999,4.23529411764706,9.170731707317074,9.057142857142857,48.95744680851064,97.79347826086956,4.92,4.913749999999999,4.923529411764706,9.917073170731706,9.905714285714286
2024-03-05 10:20:40,2.9183673469387754,19.697452229299362,0.4714285714285714,0.4930555555555556,0.49264705882352944,6.279069767441861,5.0,39.57446808510638,77.93478260869564,4.148387096774194,4.188571428571429,4.187878787878788,9.255813953488373,9.0,48.95744680851064,97.79347826086956,4.914838709677419,4.918857142857142,4.918787878787878,9.925581395348837,9.899999999999999
2024-03-05 10:20:45,2.7199999999999998,19.575471698113205,0.4714285714285714,0.4930555555555556,1.057142857142857,6.25,4.9411764705882355,38.52272727272727,76.93181818181817,4.148387096774194,4.188571428571429,4.211428571428572,9.25,8.984848484848484,48.852272727272734,97.69318181818181,4.914838709677419,4.918857142857142,4.921142857142857,9.925,9.898484848484848
2024-03-05 10:20:50,2.7199999999999998,19.607843137254903,0.4921875,1.2777777777777777,1.057142857142857,6.25,4.9411764705882355,38.52272727272727,77.2093023255814,4.187096774193549,4.255555555555556,4.211428571428572,9.25,8.984848484848484,48.852272727272734,97.72093023255815,4.918709677419355,4.925555555555555,4.921142857142857,9.925,9.898484848484848
2024-03-05 10:20:55,2.7199999999999998,19.607843137254903,1.0606060606060612,0.49218749999999994,1.3335431834509732,5.833333333333334,5.5,38.52272727272727,77.2093023255814,4.212121212121213,4.187096774193549,4.266708636690195,9.166666666666668,9.100000000000001,48.852272727272734,97.72093023255815,4.921212121212122,4.918709677419355,4.926670863669019,9.916666666666668,9.91
2024-03-05 10:21:00,2.683168316831683,19.745222929936304,1.0606060606060612,0.49218749999999994,1.3785828814383774,5.9523809523809526,5.705128205128205,38.19767441860464,78.29787234042554,4.212121212121213,4.187096774193549,4.275716576287676,9.19047619047619,9.141025641025642,48.81976744186046,97.82978723404256,4.921212121212122,4.918709677419355,4.927571657628767,9.919047619047618,9.914102564102564
2024-03-05 10:21:05,2.683168316831683,19.84375,0.47916666666666663,0.4527027027027027,1.3785828814383774,5.9523809523809526,5.705128205128205,38.19767441860464,78.99999999999999,4.163636363636364,4.106666666666667,4.275716576287676,9.19047619047619,9.141025641025642,48.81976744186046,97.89999999999999,4.916363636363636,4.910666666666666,4.927571657628767,9.919047619047618,9.914102564102564
2024-03-05 10:21:10,2.683168316831683,19.84375,0.4930555555555556,0.47916666666666663,1.4100661617629462,6.428571428571429,5.337837837837838,38.19767441860464,78.99999999999999,4.188571428571429,4.163636363636364,4.28201323235259,9.285714285714285,9.067567567567568,48.81976744186046,97.89999999999999,4.918857142857142,4.916363636363636,4.928201323235259,9.928571428571427,9.906756756756756
2024-03-05 10:21:15,2.4857142857142858,19.35185185185185,0.4930555555555556,0.47916666666666663,1.277573638357139,6.304347826086957,5.147058823529412,35.83333333333334,74.75000000000001,4.188571428571429,4.163636363636364,4.255514727671429,9.26086956521739,9.029411764705882,48.58333333333334,97.47500000000001,4.918857142857142,4.916363636363636,4.925551472767143,9.92608695652174,9.902941176470588
2024-03-05 10:21:20,2.4857142857142858,18.735294117647058,1.1142857142857139,1.0606060606060612,1.277573638357139,6.304347826086957,5.147058823529412,35.83333333333334,64.64285714285714,4.222857142857142,4.212121212121213,4.255514727671429,9.26086956521739,9.029411764705882,48.58333333333334,96.46428571428572,4.922285714285714,4.921212121212122,4.925551472767143,9.92608695652174,9.902941176470588
2024-03-05 10:21:25,2.4857142857142858,18.735294117647058,0.5,1.222222222222222,0.49242424242424243,7.203389830508474,5.071428571428571,35.83333333333334,64.64285714285714,4.2,4.244444444444445,4.1875,9.440677966101696,9.014285714285714,48.58333333333334,96.46428571428572,4.919999999999999,4.924444444444443,4.918750000000001,9.944067796610168,9.901428571428571
2024-03-05 10:21:30,2.1296296296296293,18.480113636363633,0.5,1.222222222222222,0.5,7.288135593220339,5.071428571428571,27.38636363636362,56.73913043478257,4.2,4.244444444444445,4.3,9.525423728813559,9.014285714285714,47.73863636363635,95.67391304347824,4.919999999999999,4.924444444444443,6.699999999999952,15.099999999999856,9.901428571428571
2024-03-05 10:21:35,2.1296296296296293,18.318965517241377,1.1764705882352942,1.1111111111111107,0.5,7.288135593220339,5.071428571428571,27.38636363636362,24.97413793103448,4.23529411764706,4.222222222222221,4.3,9.525423728813559,9.014285714285714,47.73863636363635,94.9210526315789,4.923529411764706,4.9222222222222225,6.699999999999952,15.099999999999856,9.901428571428571
2024-03-05 10:21:40,2.1296296296296293,18.318965517241377,1.2857142857142854,0.49264705882352944,1.3888888888888888,7.5,5.0,27.38636363636362,24.97413793103448,4.348571428571429,4.187878787878788,4.366666666666667,9.56060606060606,9.0,47.73863636363635,94.9210526315789,6.649999999999958,4.918787878787878,6.649999999999958,14.799999999999887,9.899999999999999
2024-03-05 10:21:45,1.941176470588235,18.36705202312139,1.2857142857142854,0.49264705882352944,1.3783783783783785,7.462686567164178,5.0,26.4285714285714,51.75000000000001,4.348571428571429,4.187878787878788,4.275675675675677,9.492537313432836,9.0,47.642857142857146,95.17499999999997,6.649999999999958,4.918787878787878,4.927567567567567,9.949253731343283,9.899999999999999
2024-03-05 10:21:50,1.941176470588235,18.42696629213483,1.114789311721154,1.0005331911490272,1.3783783783783785,7.462686567164178,5.0,26.4285714285714,54.54545454545453,4.314387130191038,4.200106638229806,4.275675675675677,9.492537313432836,9.0,47.642857142857146,95.45454545454547,6.500466542255449,4.920010663822981,4.927567567567567,9.949253731343283,9.899999999999999
2024-03-05 10:21:55,1.941176470588235,18.42696629213483,0.4779999999999999,0.4849111111111111,1.3333333333333335,7.330508474576272,5.151515151515152,26.4285714285714,54.54545454545453,4.161403508771929,4.174307066502696,4.2666666666666675,9.466101694915254,9.030303030303031,47.642857142857146,95.45454545454547,4.916140350877193,4.91743070665027,4.926666666666666,9.946610169491525,9.903030303030302
2024-03-05 10:22:00,2.4333333333333336,18.34269662921348,0.4779999999999999,0.4849111111111111,1.3333333333333335,7.327586206896552,5.078125,4.993333333333334,50.49999999999994,4.161403508771929,4.174307066502696,4.2666666666666675,9.46551724137931,9.015625,47.473684210526315,95.05000000000001,4.916140350877193,4.91743070665027,4.926666666666666,9.946551724137931,9.9015625
2024-03-05 10:22:05,2.4333333333333336,18.267045454545453,0.49187096774193545,0.49212291666666663,1.3333333333333335,7.327586206896552,5.078125,4.993333333333334,24.88068181818182,4.186556415044012,4.186986637296828,4.2666666666666675,9.46551724137931,9.015625,47.473684210526315,94.61111111111111,4.918655641504401,4.918698663729682,4.926666666666666,9.946551724137931,9.9015625
2024-03-05 10:22:10,2.4333333333333336,18.267045454545453,1.175984184017699,1.117144964147302,1.0606060606060612,7.421875,5.0,4.993333333333334,24.88068181818182,4.23519683680354,4.22342899282946,4.212121212121213,9.484375,9.0,47.473684210526315,94.61111111111111,4.923519683680354,4.922342899282945,4.921212121212122,9.948437499999999,9.899999999999999
2024-03-05 10:22:15,2.1333333333333333,18.15573770491803,1.175984184017699,1.117144964147302,1.1176470588235297,7.424242424242425,5.142857142857142,4.826666666666667,24.68032786885246,4.23519683680354,4.22342899282946,4.223529411764706,9.484848484848484,9.028571428571428,46.63333333333335,93.78124999999997,4.923519683680354,4.922342899282945,4.92235294117647,9.94848484848485,9.902857142857142
2024-03-05 10:22:20,2.1333333333333333,18.134920634920633,0.5,0.5,1.1176470588235297,7.424242424242425,5.142857142857142,4.826666666666667,24.642857142857142,4.2,4.2,4.223529411764706,9.484848484848484,9.028571428571428,46.63333333333335,93.59375,4.92,4.92,4.92235294117647,9.94848484848485,9.902857142857142
2024-03-05 10:22:25,2.1333333333333333,18.134920634920633,1.057142857142857,1.057142857142857,0.5,7.5,5.071428571428571,4.826666666666667,24.642857142857142,4.211428571428572,4.211428571428572,4.2,9.5,9.014285714285714,46.63333333333335,93.59375,4.921142857142857,4.921142857142857,4.92,9.95,9.901428571428571
2024-03-05 10:22:30,2.125,18.401639344262293,1.057142857142857,1.057142857142857,0.49264705882352944,7.536231884057971,5.071428571428571,26.70454545454545,53.4090909090909,4.211428571428572,4.211428571428572,4.187878787878788,9.565217391304348,9.014285714285714,47.67045454545455,95.3409090909091,4.921142857142857,4.921142857142857,4.918787878787878,14.50000000000006,9.901428571428571
2024-03-05 10:22:35,2.125,18.5,1.1111111111111114,1.057142857142857,0.49264705882352944,7.536231884057971,5.071428571428571,26.70454545454545,57.50000000000001,4.222222222222222,4.211428571428572,4.187878787878788,9.565217391304348,9.014285714285714,47.67045454545455,95.75000000000003,4.9222222222222225,4.921142857142857,4.918787878787878,14.50000000000006,9.901428571428571
2024-03-05 10:22:40,2.125,18.5,0.49264705882352944,0.4779411764705883,1.324324324324324,7.576923076923077,5.220588235294118,26.70454545454545,57.50000000000001,4.2875000000000005,4.161290322580646,4.264864864864865,9.638461538461538,9.044117647058824,47.67045454545455,95.75000000000003,6.649999999999958,4.916129032258065,4.9264864864864855,19.974999999999937,9.904411764705884
2024-03-05 10:22:45,2.2577319587628866,18.660714285714285,0.49264705882352944,0.4779411764705883,1.2857142857142854,7.540983606557377,4.935483870967741,32.68518518518518,62.69230769230772,4.2875000000000005,4.161290322580646,4.348571428571429,9.573770491803279,8.983333333333334,48.268518518518526,96.26923076923077,6.649999999999958,4.916129032258065,14.949999999999871,15.699999999999992,9.898333333333333
2024-03-05 10:22:50,2.2577319587628866,19.078947368421055,1.1290322580645156,1.1874999999999998,1.2857142857142854,7.540983606557377,4.935483870967741,32.68518518518518,70.32258064516131,4.329032258064516,4.237500000000001,4.348571428571429,9.573770491803279,8.983333333333334,48.268518518518526,97.03225806451611,6.899999999999997,4.92375,14.949999999999871,15.699999999999992,9.898333333333333
2024-03-05 10:22:55,2.2577319587628866,19.078947368421055,0.5,0.4916666666666667,1.470588235294117,7.368421052631579,5.241935483870968,32.68518518518518,70.32258064516131,4.2,4.186206896551725,4.388235294117647,9.473684210526315,9.048387096774194,48.268518518518526,97.03225806451611,4.92,4.918620689655173,15.699999999999992,9.947368421052632,9.904838709677419
2024-03-05 10:23:00,2.8144329896907214,19.226973684210527,0.5,0.4916666666666667,1.4117647058823526,7.372881355932203,5.378787878787879,38.37499999999999,71.66666666666669,4.2,4.186206896551725,4.28235294117647,9.47457627118644,9.075757575757574,48.83749999999999,97.16666666666669,4.92,4.918620689655173,4.928235294117647,9.947457627118645,9.907575757575758
2024-03-05 10:23:05,2.8144329896907214,19.204545454545453,0.48437499999999994,0.45588235294117646,1.4117647058823526,7.372881355932203,5.378787878787879,38.37499999999999,72.20588235294117,4.173333333333334,4.114285714285715,4.28235294117647,9.47457627118644,9.075757575757574,48.83749999999999,97.22058823529413,4.917333333333334,4.911428571428571,4.928235294117647,9.947457627118645,9.907575757575758
2024-03-05 10:23:10,2.8144329896907214,19.204545454545453,1.0606060606060612,1.1142857142857139,1.1818181818181819,7.420634920634921,4.828571428571428,38.37499999999999,72.20588235294117,4.212121212121213,4.222857142857142,4.236363636363636,9.484126984126984,8.953125,48.83749999999999,97.22058823529413,4.921212121212122,4.922285714285714,4.923636363636364,9.9484126984127,9.8953125
2024-03-05 10:23:15,2.1454545454545455,18.643292682926827,1.0606060606060612,1.1142857142857139,1.2352941176470589,7.419354838709678,4.828571428571428,4.952727272727273,62.19999999999999,4.212121212121213,4.222857142857142,4.247058823529412,9.483870967741936,8.953125,47.31944444444443,96.22000000000001,4.921212121212122,4.922285714285714,4.924705882352942,9.948387096774194,9.8953125
2024-03-05 10:23:20,2.1454545454545455,18.08988764044944,1.1818181818181819,1.3333333333333335,1.2352941176470589,7.419354838709678,4.828571428571428,4.952727272727273,24.561797752808992,4.236363636363636,4.2666666666666675,4.247058823529412,9.483870967741936,8.953125,47.31944444444443,93.14285714285714,4.923636363636364,4.926666666666666,4.924705882352942,9.948387096774194,9.8953125
2024-03-05 10:23:25,2.1454545454545455,18.08988764044944,0.4916666666666667,0.4916666666666667,1.4571428571428569,7.5,5.588235294117647,4.952727272727273,24.561797752808992,4.186206896551725,4.186206896551725,4.291428571428572,9.5,9.117647058823529,47.31944444444443,93.14285714285714,4.918620689655173,4.918620689655173,4.929142857142857,9.95,9.911764705882351
2024-03-05 10:23:30,1.824742268041237,18.060344827586206,0.4916666666666667,0.4916666666666667,1.3636363636363635,7.5,5.46875,4.85979381443299,24.508620689655174,4.186206896551725,4.186206896551725,4.2727272727272725,9.5,9.09375,46.933333333333316,92.80769230769234,4.918620689655173,4.918620689655173,4.927272727272728,9.95,9.909375
2024-03-05 10:23:35,1.824742268041237,18.348214285714285,0.48387096774193544,0.4916666666666667,1.3636363636363635,7.5,5.46875,4.85979381443299,50.78947368421058,4.172413793103448,4.186206896551725,4.2727272727272725,9.5,9.09375,46.933333333333316,95.07894736842107,4.917241379310345,4.918620689655173,4.927272727272728,9.95,9.909375
2024-03-05 10:23:40,1.824742268041237,18.348214285714285,1.1764705882352942,1.2777777777777777,1.1874999999999998,7.288135593220339,4.666666666666667,4.85979381443299,50.78947368421058,4.23529411764706,4.255555555555556,4.237500000000001,9.457627118644067,8.9,46.933333333333316,95.07894736842107,4.923529411764706,4.925555555555555,4.92375,9.945762711864408,9.889999999999999
2024-03-05 10:23:45,2.7983193277310923,18.97398843930636,1.1764705882352942,1.2777777777777777,1.473684210526316,7.3106060606060606,5.067567567567568,37.20238095238095,69.5588235294118,4.23529411764706,4.255555555555556,4.294736842105264,9.462121212121211,9.013513513513514,48.7202380952381,96.95588235294119,4.923529411764706,4.925555555555555,4.929473684210526,9.94621212121212,9.901351351351352
2024-03-05 10:23:50,2.7983193277310923,19.541420118343197,0.4736842105263158,0.48026315789473684,1.473684210526316,7.3106060606060606,5.067567567567568,37.20238095238095,76.63043478260869,4.1529411764705895,4.165714285714286,4.294736842105264,9.462121212121211,9.013513513513514,48.7202380952381,97.66304347826087,4.915294117647059,4.916571428571428,4.929473684210526,9.94621212121212,9.901351351351352
2024-03-05 10:23:55,2.7983193277310923,19.541420118343197,0.48684210526315796,0.4671052631578947,0.48684210526315796,7.3161764705882355,5.202702702702703,37.20238095238095,76.63043478260869,4.177777777777778,4.139393939393939,4.177777777777778,9.463235294117649,9.04054054054054,48.7202380952381,97.66304347826087,4.917777777777777,4.913939393939394,4.917777777777777,9.946323529411764,9.904054054054054
2024-03-05 10:24:00,2.40952380952381,19.43251533742331,0.48684210526315796,0.4671052631578947,0.4802631578947369,7.34375,4.828571428571428,35.000000000000014,75.93023255813955,4.177777777777778,4.139393939393939,4.165714285714286,9.53125,8.953125,48.500000000000014,97.59302325581396,4.917777777777777,4.913939393939394,4.916571428571428,14.49999999999992,9.8953125
2024-03-05 10:24:05,2.40952380952381,19.01840490797546,1.222222222222222,0.5,0.4802631578947369,7.34375,4.828571428571428,35.000000000000014,70.88235294117645,4.244444444444445,4.2,4.165714285714286,9.53125,8.953125,48.500000000000014,97.08823529411765,4.924444444444443,4.919999999999999,4.916571428571428,14.49999999999992,9.8953125
2024-03-05 10:24:10,2.40952380952381,19.01840490797546,1.0625000000000007,0.49242424242424243,1.3783783783783785,7.459677419354838,4.88235294117647,35.000000000000014,70.88235294117645,4.312500000000002,4.1875,4.275675675675677,9.620967741935484,8.96875,48.500000000000014,97.08823529411765,6.750000000000057,4.918750000000001,4.927567567567567,19.974999999999937,9.896874999999998
2024-03-05 10:24:15,2.504950495049505,18.88888888888889,1.0625000000000007,0.49242424242424243,1.1818181818181819,7.418032786885247,5.0,35.45454545454545,68.00000000000001,4.312500000000002,4.1875,4.236363636363636,9.549180327868854,9.0,48.54545454545455,96.8,6.750000000000057,4.918750000000001,4.923636363636364,15.25000000000017,9.899999999999999
2024-03-05 10:24:20,2.504950495049505,18.880368098159508,1.1250000000000004,0.49242424242424243,1.1818181818181819,7.418032786885247,5.0,35.45454545454545,67.83333333333331,4.325000000000001,4.1875,4.236363636363636,9.549180327868854,9.0,48.54545454545455,96.7833333333333,6.8000000000000504,4.918750000000001,4.923636363636364,15.25000000000017,9.899999999999999
2024-03-05 10:24:25,2.504950495049505,18.880368098159508,0.5,0.4696969696969696,1.0624999999999998,6.576086956521739,5.36764705882353,35.45454545454545,67.83333333333331,4.200000000000001,4.144827586206897,4.2125,9.315217391304348,9.073529411764707,48.54545454545455,96.7833333333333,4.92,4.914482758620689,4.921250000000001,9.931521739130435,9.907352941176471
2024-03-05 10:24:30,2.8461538461538463,19.06645569620253,0.5,0.4696969696969696,1.0624999999999998,6.576086956521739,5.241935483870967,37.43243243243243,71.06060606060608,4.200000000000001,4.144827586206897,4.2125,9.315217391304348,9.17741935483871,48.743243243243235,97.10606060606062,4.92,4.914482758620689,4.921250000000001,9.931521739130435,15.849999999999977
2024-03-05 10:24:35,2.8461538461538463,19.50980392156863,0.4779411764705883,0.48437499999999983,1.0624999999999998,6.576086956521739,5.241935483870967,37.43243243243243,76.34146341463416,4.161290322580646,4.173333333333334,4.2125,9.315217391304348,9.17741935483871,48.743243243243235,97.63414634146342,4.916129032258065,4.917333333333334,4.921250000000001,9.931521739130435,15.849999999999977
2024-03-05 10:24:40,2.8461538461538463,19.50980392156863,0.4779411764705883,0.4999999999999999,1.2941176470588236,7.083333333333333,5.080645161290322,37.43243243243243,76.34146341463416,4.161290322580646,4.199999999999999,4.258823529411766,9.416666666666666,9.145161290322582,48.743243243243235,97.63414634146342,4.916129032258065,4.92,4.925882352941176,9.941666666666666,15.550000000000134
2024-03-05 10:24:45,2.4408602150537635,19.423076923076923,0.4779411764705883,0.4999999999999999,1.3888888888888893,7.0754716981132075,5.151515151515151,36.95945945945945,75.5,4.161290322580646,4.199999999999999,4.277777777777779,9.415094339622641,9.030303030303031,48.69594594594594,97.55000000000001,4.916129032258065,4.92,4.927777777777779,9.941509433962263,9.903030303030302
2024-03-05 10:24:50,2.4408602150537635,18.79807692307692,1.129032258064516,1.0645161290322578,1.3888888888888893,7.0754716981132075,5.151515151515151,36.95945945945945,66.11111111111113,4.225806451612904,4.212903225806452,4.277777777777779,9.415094339622641,9.030303030303031,48.69594594594594,96.61111111111111,4.92258064516129,4.921290322580646,4.927777777777779,9.941509433962263,9.903030303030302
2024-03-05 10:24:55,2.4408602150537635,18.79807692307692,1.2424242424242427,1.0645161290322578,1.4117647058823526,6.862745098039216,5.151515151515151,36.95945945945945,66.11111111111113,4.24848484848485,4.212903225806452,4.28235294117647,9.372549019607844,9.030303030303031,48.69594594594594,96.61111111111111,4.924848484848486,4.921290322580646,4.928235294117647,9.937254901960785,9.903030303030302
2024-03-05 10:25:00,2.0752688172043006,18.57142857142857,1.2424242424242427,1.0645161290322578,1.2580645161290323,6.785714285714286,4.935483870967741,30.217391304347807,59.999999999999986,4.24848484848485,4.212903225806452,4.251612903225807,9.357142857142858,8.983333333333334,48.02173913043477,96.00000000000003,4.924848484848486,4.921290322580646,4.92516129032258,9.935714285714287,9.898333333333333
2024-03-05 10:25:05,2.0752688172043006,18.788343558282207,1.0606060606060612,0.4779411764705882,1.2580645161290323,6.785714285714286,4.935483870967741,30.217391304347807,65.89285714285715,4.212121212121213,4.161290322580646,4.251612903225807,9.357142857142858,8.983333333333334,48.02173913043477,96.58928571428574,4.921212121212122,4.916129032258065,4.92516129032258,9.935714285714287,9.898333333333333
2024-03-05 10:25:10,2.0752688172043006,18.788343558282207,0.4921875,0.5,1.5789473684210529,7.175925925925926,5.0,30.217391304347807,65.89285714285715,4.293333333333335,4.2,4.315789473684211,9.435185185185185,9.0,48.02173913043477,96.58928571428574,6.850000000000045,4.919999999999999,4.931578947368422,9.94351851851852,9.9
2024-03-05 10:25:15,2.75,19.471153846153847,0.4921875,0.5,1.6153846153846154,7.232142857142858,5.285714285714286,38.720930232558146,74.07894736842107,4.293333333333335,4.2,4.323076923076923,9.446428571428573,9.057142857142857,48.872093023255815,97.4078947368421,6.850000000000045,4.919999999999999,4.932307692307692,9.944642857142856,9.905714285714286
2024-03-05 10:25:20,2.75,20.27777777777778,0.4921875,1.1212121212121215,1.6153846153846154,7.232142857142858,5.285714285714286,38.720930232558146,78.97727272727275,4.293333333333335,4.224242424242425,4.323076923076923,9.446428571428573,9.057142857142857,48.872093023255815,97.89772727272728,6.850000000000045,4.922424242424243,4.932307692307692,9.944642857142856,9.905714285714286
2024-03-05 10:25:25,2.75,20.27777777777778,0.4921875,0.5,1.1250000000000004,7.280701754385965,5.151515151515152,38.720930232558146,78.97727272727275,4.187096774193549,4.200000000000001,4.2250000000000005,9.456140350877194,9.030303030303031,48.872093023255815,97.89772727272728,4.918709677419355,4.92,4.9225,9.945614035087718,9.903030303030302
2024-03-05 10:25:30,2.352380952380952,19.57236842105263,0.4921875,0.5,1.3333333333333335,7.295081967213115,5.220588235294118,33.017241379310356,74.47368421052634,4.187096774193549,4.200000000000001,4.2666666666666675,9.459016393442623,9.044117647058824,48.301724137931025,97.44736842105263,4.918709677419355,4.92,4.926666666666666,9.945901639344262,9.904411764705884
2024-03-05 10:25:35,2.352380952380952,19.00887573964497,0.4714285714285714,0.45945945945945943,1.3333333333333335,7.295081967213115,5.220588235294118,33.017241379310356,69.24242424242425,4.148387096774194,4.122580645161291,4.2666666666666675,9.459016393442623,9.044117647058824,48.301724137931025,96.92424242424242,4.914838709677419,4.912258064516129,4.926666666666666,9.945901639344262,9.904411764705884
2024-03-05 10:25:40,2.352380952380952,19.00887573964497,0.5,0.4671052631578947,1.5,7.033898305084746,5.0,33.017241379310356,69.24242424242425,4.199999999999999,4.139393939393939,4.3,9.406779661016948,9.0,48.301724137931025,96.92424242424242,4.92,4.913939393939394,4.93,9.940677966101696,9.899999999999999
2024-03-05 10:25:45,2.515789473684211,19.018987341772153,0.5,0.4671052631578947,1.294117647058824,7.037037037037036,4.764705882352941,36.57142857142857,70.31250000000001,4.199999999999999,4.139393939393939,4.35294117647059,9.481481481481481,8.933333333333334,48.65714285714286,97.03125,4.92,4.913939393939394,6.750000000000057,15.099999999999856,9.893333333333334
2024-03-05 10:25:50,2.515789473684211,18.72641509433962,1.4000000000000001,1.3030303030303028,1.294117647058824,7.037037037037036,4.764705882352941,36.57142857142857,64.42307692307693,4.28,4.26060606060606,4.35294117647059,9.481481481481481,8.933333333333334,48.65714285714286,96.44230769230771,4.928000000000001,4.926060606060606,6.750000000000057,15.099999999999856,9.893333333333334
2024-03-05 10:25:55,2.515789473684211,18.72641509433962,0.5,1.0714285714285716,1.2666666666666666,7.303921568627452,5.32258064516129,36.57142857142857,64.42307692307693,4.318518518518519,4.214285714285714,4.36,9.617647058823529,9.064516129032258,48.65714285714286,96.44230769230771,7.199999999999998,4.921428571428572,7.099999999999995,20.575000000000003,9.906451612903226
2024-03-05 10:26:00,1.9902912621359228,18.308383233532936,0.5,1.0714285714285716,1.2580645161290323,7.254901960784314,5.390625,4.895145631067962,24.955089820359284,4.318518518518519,4.214285714285714,4.251612903225807,9.529411764705882,9.078125,47.078125000000014,94.86111111111111,7.199999999999998,4.921428571428572,4.92516129032258,16.299999999999986,9.9078125
2024-03-05 10:26:05,1.9902912621359228,18.132530120481928,1.0689655172413794,1.1333333333333333,1.2580645161290323,7.254901960784314,5.390625,4.895145631067962,24.63855421686747,4.324137931034483,4.226666666666667,4.251612903225807,9.529411764705882,9.078125,47.078125000000014,93.57142857142853,7.049999999999981,4.922666666666666,4.92516129032258,16.299999999999986,9.9078125
2024-03-05 10:26:10,1.9902912621359228,18.132530120481928,1.2941176470588236,1.2941176470588236,1.5714285714285714,7.181818181818182,5.151515151515152,4.895145631067962,24.63855421686747,4.258823529411766,4.258823529411766,4.314285714285715,9.436363636363637,9.030303030303031,47.078125000000014,93.57142857142853,4.925882352941176,4.925882352941176,4.9314285714285715,9.943636363636365,9.903030303030302
2024-03-05 10:26:15,2.944954128440367,18.933121019108277,1.2941176470588236,1.2941176470588236,1.6842105263157894,7.236842105263158,5.220588235294118,37.82051282051283,68.83333333333334,4.258823529411766,4.258823529411766,4.336842105263158,9.517543859649123,9.044117647058824,48.78205128205128,96.88333333333334,4.925882352941176,4.925882352941176,4.933684210526316,15.25000000000017,9.904411764705884
2024-03-05 10:26:20,2.944954128440367,19.95,0.49264705882352944,0.48571428571428565,1.6842105263157894,7.236842105263158,5.220588235294118,37.82051282051283,79.6938775510204,4.187878787878788,4.175757575757576,4.336842105263158,9.517543859649123,9.044117647058824,48.78205128205128,97.96938775510203,4.918787878787878,4.917575757575757,4.933684210526316,15.25000000000017,9.904411764705884
2024-03-05 10:26:25,2.944954128440367,19.95,1.0588235294117645,1.057142857142857,1.1142857142857139,7.291666666666667,5.0,37.82051282051283,79.6938775510204,4.305882352941176,4.211428571428572,4.222857142857142,9.525,9.0,48.78205128205128,97.96938775510203,6.549999999999968,4.921142857142857,4.922285714285714,14.949999999999871,9.899999999999999
2024-03-05 10:26:30,2.9459459459459456,19.79299363057325,1.0588235294117645,1.057142857142857,1.166666666666666,7.291666666666666,5.208333333333333,39.06249999999999,78.19148936170212,4.305882352941176,4.211428571428572,4.233333333333333,9.591666666666665,9.041666666666668,48.90625,97.81914893617022,6.549999999999968,4.921142857142857,4.923333333333333,19.824999999999953,9.904166666666665
2024-03-05 10:26:35,2.9459459459459456,19.537037037037038,1.0606060606060603,1.0588235294117645,1.166666666666666,7.291666666666666,5.208333333333333,39.06249999999999,74.87804878048782,4.3090909090909095,4.211764705882354,4.233333333333333,9.591666666666665,9.041666666666668,48.90625,97.48780487804876,6.649999999999958,4.921176470588234,4.923333333333333,19.824999999999953,9.904166666666665
2024-03-05 10:26:40,2.9459459459459456,19.537037037037038,1.117647058823529,1.0588235294117645,1.1714285714285715,7.338709677419356,5.071428571428571,39.06249999999999,74.87804878048782,4.317647058823529,4.211764705882354,4.234285714285715,9.596774193548388,9.014285714285714,48.90625,97.48780487804876,6.599999999999962,4.921176470588234,4.923428571428571,19.749999999999993,9.901428571428571
2024-03-05 10:26:45,2.723577235772358,19.140625,1.117647058823529,1.0588235294117645,1.0606060606060612,7.291666666666666,4.8235294117647065,31.00000000000003,70.45454545454547,4.317647058823529,4.211764705882354,4.212121212121213,9.458333333333332,9.083333333333336,48.099999999999994,97.04545454545453,6.599999999999962,4.921176470588234,4.921212121212122,9.945833333333333,15.25000000000017
2024-03-05 10:26:50,2.723577235772358,19.11392405063291,1.1764705882352942,1.1176470588235297,1.0606060606060612,7.291666666666666,4.8235294117647065,31.00000000000003,70.90909090909093,4.329411764705883,4.223529411764706,4.212121212121213,9.458333333333332,9.083333333333336,48.099999999999994,97.0909090909091,6.649999999999958,4.92235294117647,4.921212121212122,9.945833333333333,15.25000000000017
2024-03-05 10:26:55,2.723577235772358,19.11392405063291,0.4765625,0.46212121212121204,1.4444444444444444,7.268518518518519,5.32258064516129,31.00000000000003,70.90909090909093,4.158620689655172,4.128571428571428,4.288888888888889,9.453703703703704,9.193548387096774,48.099999999999994,97.0909090909091,4.9158620689655175,4.912857142857143,4.928888888888889,9.94537037037037,15.999999999999961
2024-03-05 10:27:00,3.018691588785046,19.635761589403977,0.4765625,0.46212121212121204,1.4000000000000001,7.276785714285714,5.378787878787879,37.89473684210526,75.75000000000001,4.158620689655172,4.128571428571428,4.28,9.455357142857142,9.075757575757574,48.78947368421052,97.575,4.9158620689655175,4.912857142857143,4.928000000000001,9.945535714285715,9.907575757575758
2024-03-05 10:27:05,3.018691588785046,19.29794520547945,0.4916666666666667,0.46212121212121204,1.4000000000000001,7.276785714285714,5.378787878787879,37.89473684210526,71.71874999999999,4.186206896551725,4.128571428571428,4.28,9.455357142857142,9.075757575757574,48.78947368421052,97.171875,4.918620689655173,4.912857142857143,4.928000000000001,9.945535714285715,9.907575757575758
2024-03-05 10:27:10,3.018691588785046,19.29794520547945,1.0645161290322578,1.0606060606060612,1.3529411764705885,7.418032786885246,5.220588235294118,37.89473684210526,71.71874999999999,4.212903225806452,4.212121212121213,4.2705882352941185,9.483606557377051,9.044117647058824,48.78947368421052,97.171875,4.921290322580646,4.921212121212122,4.927058823529412,9.948360655737705,9.904411764705884
2024-03-05 10:27:15,2.7391304347826084,19.068627450980394,1.0645161290322578,1.0606060606060612,1.4571428571428577,7.419354838709678,5.294117647058823,34.03225806451613,62.99999999999997,4.212903225806452,4.212121212121213,4.382857142857144,9.483870967741936,9.176470588235293,48.403225806451616,96.30000000000001,4.921290322580646,4.921212121212122,6.8000000000000504,9.948387096774194,15.099999999999856
2024-03-05 10:27:20,2.7391304347826084,19.262048192771083,0.4779411764705883,0.49264705882352944,1.4571428571428577,7.419354838709678,5.294117647058823,34.03225806451613,62.037037037037,4.161290322580646,4.187878787878788,4.382857142857144,9.483870967741936,9.176470588235293,48.403225806451616,96.2037037037037,4.916129032258065,4.918787878787878,6.8000000000000504,9.948387096774194,15.099999999999856
2024-03-05 10:27:25,2.7391304347826084,19.262048192771083,0.49264705882352944,0.4852941176470589,0.49264705882352944,7.203389830508474,5.2272727272727275,34.03225806451613,62.037037037037,4.187878787878788,4.175000000000001,4.2875000000000005,9.440677966101696,9.166666666666668,48.403225806451616,96.2037037037037,4.918787878787878,4.917499999999999,6.649999999999958,9.944067796610168,15.25000000000017
2024-03-05 10:27:30,2.8783783783783785,18.70689655172414,0.49264705882352944,0.4852941176470589,0.4852941176470589,7.198275862068965,5.151515151515151,4.964864864864865,54.09090909090912,4.187878787878788,4.175000000000001,4.27741935483871,9.439655172413794,9.030303030303031,46.98437499999998,95.40909090909093,4.918787878787878,4.917499999999999,6.699999999999952,9.94396551724138,9.903030303030302
2024-03-05 10:27:35,2.8783783783783785,18.161764705882355,1.0606060606060612,1.1249999999999996,0.4852941176470589,7.198275862068965,5.151515151515151,4.964864864864865,24.69117647058824,4.212121212121213,4.225,4.27741935483871,9.439655172413794,9.030303030303031,46.98437499999998,93.39285714285717,4.921212121212122,4.9225,6.699999999999952,9.94396551724138,9.903030303030302
2024-03-05 10:27:40,2.8783783783783785,18.161764705882355,1.0606060606060612,1.1249999999999996,1.1875000000000002,7.245762711864407,5.0,4.964864864864865,24.69117647058824,4.212121212121213,4.225,4.3375,9.449152542372882,9.0,46.98437499999998,93.39285714285717,4.921212121212122,4.9225,6.850000000000003,9.944915254237289,9.9
2024-03-05 10:27:45,2.854304635761589,18.121301775147927,1.0606060606060612,1.1249999999999996,1.1818181818181819,7.241379310344827,4.9375,4.846357615894039,24.618343195266274,4.212121212121213,4.225,4.236363636363636,9.448275862068964,8.983870967741936,46.083333333333314,92.37500000000001,4.921212121212122,4.9225,4.923636363636364,9.944827586206896,9.898387096774194
2024-03-05 10:27:50,2.854304635761589,18.08988764044944,1.0606060606060612,0.49242424242424243,1.1818181818181819,7.241379310344827,4.9375,4.846357615894039,24.561797752808992,4.212121212121213,4.1875,4.236363636363636,9.448275862068964,8.983870967741936,46.083333333333314,91.27272727272728,4.921212121212122,4.918750000000001,4.923636363636364,9.944827586206896,9.898387096774194
2024-03-05 10:27:55,2.854304635761589,18.08988764044944,1.0606060606060612,0.4583333333333333,1.1764705882352942,7.333333333333334,5.000000000000001,4.846357615894039,24.561797752808992,4.212121212121213,4.12,4.23529411764706,9.466666666666667,9.0,46.083333333333314,91.27272727272728,4.921212121212122,4.911999999999999,4.923529411764706,9.946666666666667,9.9
2024-03-05 10:28:00,2.8136645962732922,18.114754098360656,1.0606060606060612,0.4583333333333333,1.2352941176470587,7.338709677419355,5.073529411764706,4.781366459627329,24.606557377049178,4.212121212121213,4.12,4.341176470588235,9.467741935483872,9.014705882352942,45.050000000000026,90.10000000000002,4.921212121212122,4.911999999999999,6.699999999999952,9.946774193548386,9.901470588235293
2024-03-05 10:28:05,2.8136645962732922,18.114754098360656,1.1818181818181819,0.47058823529411764,1.2352941176470587,7.338709677419355,5.073529411764706,4.781366459627329,24.606557377049178,4.236363636363636,4.1466666666666665,4.341176470588235,9.467741935483872,9.014705882352942,45.050000000000026,90.10000000000002,4.923636363636364,4.914666666666667,6.699999999999952,9.946774193548386,9.901470588235293
2024-03-05 10:28:10,2.8136645962732922,18.114754098360656,1.0645161290322578,0.5,1.3030303030303032,7.241379310344827,5.075757575757575,4.781366459627329,24.606557377049178,4.212903225806452,4.200000000000001,4.357575757575759,9.448275862068964,9.015151515151516,45.050000000000026,90.10000000000002,4.921290322580646,4.92,6.850000000000045,9.944827586206896,9.901515151515152
2024-03-05 10:28:15,2.75,17.986486486486488,1.0645161290322578,0.5,1.2941176470588236,7.245762711864407,5.078125,4.645238095238096,24.375675675675677,4.212903225806452,4.200000000000001,4.258823529411766,9.449152542372882,9.015625,40.049999999999926,87.68749999999989,4.921290322580646,4.92,4.925882352941176,9.944915254237289,9.9015625
2024-03-05 10:28:20,2.75,17.981283422459892,0.4779411764705883,0.4779411764705883,1.2941176470588236,7.245762711864407,5.078125,4.645238095238096,24.36631016042781,4.161290322580646,4.161290322580646,4.258823529411766,9.449152542372882,9.015625,40.049999999999926,83.41666666666654,4.916129032258065,4.916129032258065,4.925882352941176,9.944915254237289,9.9015625
2024-03-05 10:28:25,2.75,17.981283422459892,0.5,0.47857142857142854,1.473684210526316,7.25,5.075757575757576,4.645238095238096,24.36631016042781,4.3999999999999995,4.1625000000000005,4.294736842105264,9.516666666666666,9.015151515151516,40.049999999999926,83.41666666666654,8.299999999999981,4.91625,4.929473684210526,14.799999999999887,9.901515151515152
2024-03-05 10:28:30,2.719298245614035,17.894736842105264,0.5,0.47857142857142854,1.5128205128205128,7.324561403508771,5.147058823529412,4.6000000000000005,24.210526315789473,4.3999999999999995,4.1625000000000005,4.302564102564103,9.675438596491228,9.029411764705882,33.25000000000004,75.00000000000017,8.299999999999981,4.91625,4.93025641025641,21.649999999999956,9.902941176470588
2024-03-05 10:28:35,2.719298245614035,17.694300518134714,0.5,0.48529411764705876,1.5128205128205128,7.324561403508771,5.147058823529412,4.6000000000000005,23.849740932642483,4.3999999999999995,4.175000000000001,4.302564102564103,9.675438596491228,9.029411764705882,33.25000000000004,50.49999999999994,8.299999999999981,4.917499999999999,4.93025641025641,21.649999999999956,9.902941176470588
2024-03-05 10:28:40,2.719298245614035,17.694300518134714,0.48488698021468674,0.4926470588235293,1.324324324324324,7.227696335458933,4.9411764705882355,4.6000000000000005,23.849740932642483,4.174263333333334,4.187878787878788,4.264864864864865,9.591103721697348,8.984848484848484,33.25000000000004,50.49999999999994,4.917426333333333,4.918787878787878,4.9264864864864855,20.129152801810186,9.898484848484848
2024-03-05 10:28:45,2.807692307692308,17.81413612565445,0.48488698021468674,0.4926470588235293,1.2777777777777777,7.19336618925102,5.0,4.787179487179488,24.065445026178008,4.174263333333334,4.187878787878788,4.255555555555556,9.508899840861451,9.0,45.17499999999997,85.78571428571419,4.917426333333333,4.918787878787878,4.925555555555555,15.10830560362032,9.899999999999999
2024-03-05 10:28:50,2.807692307692308,18.070652173913047,0.48488698021468674,0.4926470588235293,1.2777777777777777,7.19336618925102,5.0,4.787179487179488,24.527173913043477,4.174263333333334,4.187878787878788,4.255555555555556,9.508899840861451,9.0,45.17499999999997,91.75000000000003,4.917426333333333,4.918787878787878,4.925555555555555,15.10830560362032,9.899999999999999
2024-03-05 10:28:55,2.807692307692308,18.070652173913047,0.4930683773442594,0.49242424242424243,1.2781986625491544,7.291395574892508,5.416666666666667,4.787179487179488,24.527173913043477,4.288236666666666,4.1875,4.255639732509832,9.52489373202453,9.083333333333334,45.17499999999997,91.75000000000003,6.652946666666618,4.918750000000001,4.925563973250982,14.941405102177017,9.908333333333331
2024-03-05 10:29:00,2.948717948717949,18.185714285714283,0.4930683773442594,0.49242424242424243,1.2290032144543805,7.142691177556998,5.2272727272727275,4.917948717948718,24.73428571428571,4.288236666666666,4.1875,4.2458006428908766,9.4285382355114,9.045454545454547,47.0,92.04166666666671,6.652946666666618,4.918750000000001,4.924580064289087,9.94285382355114,9.904545454545454
2024-03-05 10:29:05,2.948717948717949,18.21629213483146,1.0659666666666667,0.5,1.2290032144543805,7.142691177556998,5.2272727272727275,4.917948717948718,24.789325842696627,4.313193333333334,4.199999999999999,4.2458006428908766,9.4285382355114,9.045454545454547,47.0,91.87499999999996,6.752773333333318,4.92,4.924580064289087,9.94285382355114,9.904545454545454
2024-03-05 10:29:10,2.948717948717949,18.21629213483146,1.1714285714285715,1.1142857142857139,1.4440756327425759,6.886792452830189,4.9411764705882355,4.917948717948718,24.789325842696627,4.234285714285715,4.222857142857142,4.288815126548515,9.377358490566039,8.984848484848484,47.0,91.87499999999996,4.923428571428571,4.922285714285714,4.928881512654851,9.937735849056603,9.898484848484848
2024-03-05 10:29:15,2.6770186335403725,18.02139037433155,1.1714285714285715,1.1142857142857139,1.4440756327425759,7.017543859649123,4.999999999999999,4.674534161490683,24.43850267379679,4.234285714285715,4.222857142857142,4.288815126548515,9.403508771929825,9.0,42.82142857142853,90.00000000000003,4.923428571428571,4.922285714285714,4.928881512654851,9.940350877192982,9.899999999999999
2024-03-05 10:29:20,2.6770186335403725,17.849740932642487,1.1142857142857139,0.4999999999999999,1.4440756327425759,7.017543859649123,4.999999999999999,4.674534161490683,24.129533678756474,4.222857142857142,4.199999999999999,4.288815126548515,9.403508771929825,9.0,42.82142857142853,88.77777777777779,4.922285714285714,4.92,4.928881512654851,9.940350877192982,9.899999999999999
2024-03-05 10:29:25,2.6770186335403725,17.849740932642487,1.0588235294117645,0.4852941176470589,1.0612327328540272,6.715686274509804,5.147058823529411,4.674534161490683,24.129533678756474,4.211764705882354,4.175000000000001,4.212246546570805,9.343137254901961,9.029411764705882,42.82142857142853,88.77777777777779,4.921176470588234,4.917499999999999,4.921224654657081,9.934313725490195,9.902941176470588
2024-03-05 10:29:30,2.6815286624203822,17.918781725888326,1.0588235294117645,0.4852941176470589,1.222798167260611,6.6826923076923075,5.2142857142857135,4.8012738853503185,24.253807106598984,4.211764705882354,4.175000000000001,4.244559633452123,9.336538461538462,9.042857142857144,45.999999999999986,90.5454545454545,4.921176470588234,4.917499999999999,4.924455963345212,9.933653846153845,9.904285714285713
2024-03-05 10:29:35,2.6815286624203822,18.00257731958763,0.5,0.49242424242424243,1.222798167260611,6.6826923076923075,5.2142857142857135,4.8012738853503185,24.404639175257735,4.2,4.1875,4.244559633452123,9.336538461538462,9.042857142857144,45.999999999999986,92.03846153846155,4.92,4.918750000000001,4.924455963345212,9.933653846153845,9.904285714285713
2024-03-05 10:29:40,2.6815286624203822,18.00257731958763,0.4779411764705883,0.4779411764705882,1.1660723382577685,6.826923076923077,5.073529411764706,4.8012738853503185,24.404639175257735,4.161290322580646,4.161290322580646,4.233214467651554,9.365384615384617,9.014705882352942,45.999999999999986,92.03846153846155,4.916129032258065,4.916129032258065,4.923321446765156,9.936538461538461,9.901470588235293
2024-03-05 10:29:45,2.6598639455782314,17.986486486486488,0.4779411764705883,0.4779411764705882,0.4999191919191919,6.85,4.818181818181818,4.749659863945579,24.375675675675677,4.161290322580646,4.161290322580646,4.199870665265541,9.370000000000001,8.95,45.2,91.79166666666663,4.916129032258065,4.916129032258065,4.919987066526554,9.937000000000001,9.895
2024-03-05 10:29:50,2.6598639455782314,17.923728813559322,0.4921875,0.4779411764705882,0.4999191919191919,6.85,4.818181818181818,4.749659863945579,24.262711864406782,4.187096774193549,4.161290322580646,4.199870665265541,9.370000000000001,8.95,45.2,90.65000000000003,4.918709677419355,4.916129032258065,4.919987066526554,9.937000000000001,9.895
2024-03-05 10:29:55,2.6598639455782314,17.923728813559322,1.0606060606060612,0.4848484848484849,1.4000000000000001,6.813725490196079,4.875,4.749659863945579,24.262711864406782,4.212121212121213,4.174193548387096,4.28,9.362745098039216,8.966666666666667,45.2,90.65000000000003,4.921212121212122,4.91741935483871,4.928000000000001,9.936274509803923,9.896666666666667
2024-03-05 10:30:00,2.589041095890411,17.875,1.0606060606060612,0.4848484848484849,1.411764705882353,6.813725490196079,5.151515151515152,4.693150684931508,24.175000000000004,4.212121212121213,4.174193548387096,4.376470588235295,9.362745098039216,9.030303030303031,44.000000000000014,88.18750000000009,4.921212121212122,4.91741935483871,6.850000000000003,9.936274509803923,9.903030303030302
2024-03-05 10:30:05,2.589041095890411,17.736842105263158,1.2352941176470595,0.5,1.411764705882353,6.813725490196079,5.151515151515152,4.693150684931508,23.926315789473684,4.247058823529412,4.200000000000001,4.376470588235295,9.362745098039216,9.030303030303031,44.000000000000014,80.39999999999995,4.924705882352942,4.92,6.850000000000003,9.936274509803923,9.903030303030302
2024-03-05 10:30:10,2.589041095890411,17.736842105263158,1.1250000000000004,1.1764705882352942,1.4000000000000004,6.5,5.073529411764706,4.693150684931508,23.926315789473684,4.2250000000000005,4.23529411764706,4.371428571428572,9.3,9.014705882352942,44.000000000000014,80.39999999999995,4.9225,4.923529411764706,6.750000000000013,9.93,9.901470588235293
2024-03-05 10:30:15,2.594405594405594,18.035714285714285,1.1250000000000004,1.1764705882352942,1.3888888888888893,6.5,5.0,4.966433566433567,24.464285714285715,4.2250000000000005,4.23529411764706,4.277777777777779,9.3,9.0,48.52631578947367,92.49999999999996,4.9225,4.923529411764706,4.927777777777779,9.93,9.899999999999999
2024-03-05 10:30:20,2.594405594405594,18.742331288343557,0.4848484848484849,1.1142857142857139,1.3888888888888893,6.5,5.0,4.966433566433567,64.81481481481485,4.174193548387096,4.222857142857142,4.277777777777779,9.3,9.0,48.52631578947367,96.48148148148147,4.91741935483871,4.922285714285714,4.927777777777779,9.93,9.899999999999999
2024-03-05 10:30:25,2.594405594405594,18.742331288343557,0.5,0.5,1.0606060606060612,7.098214285714286,5.151515151515151,4.966433566433567,64.81481481481485,4.2,4.2,4.212121212121213,9.419642857142858,9.030303030303031,48.52631578947367,96.48148148148147,4.919999999999999,4.919999999999999,4.921212121212122,9.941964285714285,9.903030303030302
2024-03-05 10:30:30,2.8088235294117645,19.39935064935065,0.5,0.5,1.1714285714285715,7.142857142857142,5.151515151515151,36.722222222222214,74.60526315789473,4.2,4.2,4.234285714285715,9.5,9.030303030303031,48.67222222222223,97.46052631578945,4.919999999999999,4.919999999999999,4.923428571428571,15.099999999999856,9.903030303030302
2024-03-05 10:30:35,2.8088235294117645,19.754901960784316,0.5,0.5,1.1714285714285715,7.142857142857142,5.151515151515151,36.722222222222214,77.88888888888889,4.2,4.199999999999999,4.234285714285715,9.5,9.030303030303031,48.67222222222223,97.78888888888888,4.919999999999999,4.92,4.923428571428571,15.099999999999856,9.903030303030302
2024-03-05 10:30:40,2.8088235294117645,19.754901960784316,0.47727272727272724,0.5,1.1176470588235297,6.722222222222222,5.0,36.722222222222214,77.88888888888889,4.268965517241379,4.199999999999999,4.223529411764706,9.522222222222222,9.0,48.67222222222223,97.78888888888888,15.550000000000008,4.92,4.92235294117647,20.275000000000034,9.9
2024-03-05 10:30:45,2.6068376068376065,19.270186335403725,0.47727272727272724,0.5,0.5,6.684782608695652,5.147058823529412,33.33333333333333,73.1081081081081,4.268965517241379,4.199999999999999,4.199999999999999,9.423913043478262,9.029411764705882,48.333333333333336,97.3108108108108,15.550000000000008,4.92,4.92,15.550000000000008,9.902941176470588
2024-03-05 10:30:50,2.6068376068376065,18.880368098159508,0.5,1.1249999999999996,0.5,6.684782608695652,5.147058823529412,33.33333333333333,62.884615384615394,4.310344827586206,4.225,4.199999999999999,9.423913043478262,9.029411764705882,48.333333333333336,96.28846153846152,15.999999999999961,4.9225,4.92,15.550000000000008,9.902941176470588
2024-03-05 10:30:55,2.6068376068376065,18.880368098159508,1.2352941176470589,1.0624999999999998,1.242424242424242,6.839622641509434,5.073529411764706,33.33333333333333,62.884615384615394,4.247058823529412,4.2125,4.248484848484849,9.367924528301888,9.014705882352942,48.333333333333336,96.28846153846152,4.924705882352942,4.921250000000001,4.924848484848485,9.936792452830188,9.901470588235293
2024-03-05 10:31:00,2.789473684210526,19.612676056338024,1.2352941176470589,1.0624999999999998,1.129032258064516,6.785714285714286,4.757575757575758,40.8,74.72222222222221,4.247058823529412,4.2125,4.225806451612904,9.357142857142858,8.931034482758621,49.08,97.4722222222222,4.924705882352942,4.921250000000001,4.92258064516129,9.935714285714287,9.893103448275863
2024-03-05 10:31:05,2.789473684210526,20.388888888888886,0.49285714285714277,0.47222222222222215,1.129032258064516,6.785714285714286,4.757575757575758,40.8,80.91836734693878,4.188235294117646,4.15,4.225806451612904,9.357142857142858,8.931034482758621,49.08,98.09183673469389,4.918823529411764,4.914999999999999,4.92258064516129,9.935714285714287,9.893103448275863
2024-03-05 10:31:10,2.789473684210526,20.388888888888886,0.47857142857142854,0.4714285714285714,1.1764705882352942,7.415254237288135,4.870967741935484,40.8,80.91836734693878,4.1625000000000005,4.148387096774194,4.23529411764706,9.483050847457626,8.96551724137931,49.08,98.09183673469389,4.91625,4.914838709677419,4.923529411764706,9.948305084745762,9.89655172413793
2024-03-05 10:31:15,2.869158878504673,20.0,0.47857142857142854,0.4714285714285714,1.324324324324324,7.421875,5.220588235294118,37.564102564102576,77.27272727272728,4.1625000000000005,4.148387096774194,4.264864864864865,9.484375,9.044117647058824,48.756410256410255,97.72727272727273,4.91625,4.914838709677419,4.9264864864864855,9.948437499999999,9.904411764705884
2024-03-05 10:31:20,2.869158878504673,19.720394736842103,0.5,0.4848484848484849,1.324324324324324,7.421875,5.220588235294118,37.564102564102576,72.63888888888889,4.199999999999999,4.174193548387096,4.264864864864865,9.484375,9.044117647058824,48.756410256410255,97.26388888888887,4.92,4.91741935483871,4.9264864864864855,9.948437499999999,9.904411764705884
2024-03-05 10:31:25,2.869158878504673,19.720394736842103,1.1162666666666667,0.4999999999999999,1.3888888888888893,7.384659627999106,5.208333333333333,37.564102564102576,72.63888888888889,4.223253333333333,4.2,4.277777777777779,9.476931925599821,9.041666666666668,48.756410256410255,97.26388888888887,4.922325333333333,4.92,4.927777777777779,9.947693192559981,9.904166666666665
2024-03-05 10:31:30,2.211009174311926,19.140625,1.1162666666666667,0.4999999999999999,1.4000000000000006,7.382856794774476,5.147058823529411,29.166666666666657,66.37931034482762,4.223253333333333,4.2,4.371428571428574,9.476571358954896,9.147058823529411,47.91666666666667,96.63793103448273,4.922325333333333,4.92,15.25000000000017,9.94765713589549,14.799999999999887
2024-03-05 10:31:35,2.211009174311926,18.713872832369944,1.0574000000000003,1.117647058823529,1.4000000000000006,7.382856794774476,5.147058823529411,29.166666666666657,61.34615384615383,4.21148,4.223529411764706,4.371428571428574,9.476571358954896,9.147058823529411,47.91666666666667,96.13461538461537,4.921148,4.92235294117647,15.25000000000017,9.94765713589549,14.799999999999887
2024-03-05 10:31:40,2.211009174311926,18.713872832369944,0.4926021506680656,1.0645161290322578,1.8717948717948723,7.5,5.514705882352942,29.166666666666657,61.34615384615383,4.290634838709678,4.316129032258065,4.538461538461539,9.5,9.338235294117649,47.91666666666667,96.13461538461537,6.751210000000033,6.850000000000003,15.25000000000017,9.95,20.12500000000005
2024-03-05 10:31:45,2.3396226415094334,18.85174418604651,0.4926021506680656,1.0645161290322578,1.8780487804878048,7.460951828170328,5.555555555555555,33.62903225806451,66.16666666666666,4.290634838709678,4.316129032258065,4.453658536585365,9.492190365634066,9.222222222222223,48.36290322580645,96.61666666666666,6.751210000000033,6.850000000000003,6.699999999999952,9.949219036563406,15.099999999999856
2024-03-05 10:31:50,2.3396226415094334,18.990963855421686,0.4854667932954755,0.47857142857142854,1.8780487804878048,7.460951828170328,5.555555555555555,33.62903225806451,69.84848484848484,4.277741075268818,4.264516129032258,4.453658536585365,9.492190365634066,9.222222222222223,48.36290322580645,96.98484848484847,6.701246666666705,6.649999999999958,6.699999999999952,9.949219036563406,15.099999999999856
2024-03-05 10:31:55,2.3396226415094334,18.990963855421686,0.49264705882352944,0.47857142857142854,1.2702702702702702,7.380952380952381,5.147058823529412,33.62903225806451,69.84848484848484,4.187878787878788,4.1625000000000005,4.254054054054054,9.476190476190476,9.029411764705882,48.36290322580645,96.98484848484847,4.918787878787878,4.91625,4.925405405405405,9.947619047619046,9.902941176470588
2024-03-05 10:32:00,2.6200000000000006,19.09375,0.49264705882352944,0.47857142857142854,1.1714285714285715,7.420634920634921,5.0,36.73611111111112,71.47058823529412,4.187878787878788,4.1625000000000005,4.234285714285715,9.484126984126984,9.0,48.67361111111112,97.1470588235294,4.918787878787878,4.91625,4.923428571428571,9.9484126984127,9.9
2024-03-05 10:32:05,2.6200000000000006,19.02777777777778,1.1212121212121215,1.0624999999999998,1.1714285714285715,7.420634920634921,5.0,36.73611111111112,70.45454545454547,4.224242424242425,4.2125,4.234285714285715,9.484126984126984,9.0,48.67361111111112,97.04545454545453,4.922424242424243,4.921250000000001,4.923428571428571,9.9484126984127,9.9
2024-03-05 10:32:10,2.6200000000000006,19.02777777777778,1.1764705882352942,1.0606060606060603,1.6842105263157894,7.380952380952381,5.0,36.73611111111112,70.45454545454547,4.23529411764706,4.212121212121213,4.336842105263158,9.476190476190476,9.0,48.67361111111112,97.04545454545453,4.923529411764706,4.921212121212122,4.933684210526316,9.947619047619046,9.899999999999999
2024-03-05 10:32:15,2.0,18.823529411764707,1.1764705882352942,1.0606060606060603,1.7500000000000002,7.384615384615385,5.073529411764706,29.40000000000002,66.6666666666667,4.23529411764706,4.212121212121213,4.350000000000001,9.476923076923077,9.014705882352942,47.93999999999998,96.66666666666669,4.923529411764706,4.921212121212122,4.9350000000000005,9.947692307692307,9.901470588235293
2024-03-05 10:32:20,2.0,18.964497041420117,1.057142857142857,0.4791666666666666,1.7500000000000002,7.384615384615385,5.073529411764706,29.40000000000002,69.39393939393943,4.211428571428572,4.163636363636364,4.350000000000001,9.476923076923077,9.014705882352942,47.93999999999998,96.93939393939395,4.921142857142857,4.916363636363636,4.9350000000000005,9.947692307692307,9.901470588235293
2024-03-05 10:32:25,2.0,18.964497041420117,1.1111111111111114,0.5,1.4210526315789473,7.386363636363637,5.0,29.40000000000002,69.39393939393943,4.222222222222222,4.199999999999999,4.28421052631579,9.477272727272727,9.0,47.93999999999998,96.93939393939395,4.9222222222222225,4.92,4.928421052631578,9.947727272727272,9.899999999999999
2024-03-05 10:32:30,2.7029702970297027,19.40909090909091,1.1111111111111114,0.5,1.4615384615384612,7.389705882352941,5.138888888888889,38.55555555555556,75.35714285714289,4.222222222222222,4.199999999999999,4.292307692307692,9.477941176470587,9.027777777777779,48.855555555555554,97.53571428571428,4.9222222222222225,4.92,4.929230769230768,9.947794117647058,9.902777777777779
2024-03-05 10:32:35,2.7029702970297027,19.4311377245509,0.4864864864864865,0.4930555555555556,1.4615384615384612,7.389705882352941,5.138888888888889,38.55555555555556,75.5813953488372,4.177142857142858,4.188571428571429,4.292307692307692,9.477941176470587,9.027777777777779,48.855555555555554,97.55813953488371,4.917714285714286,4.918857142857142,4.929230769230768,9.947794117647058,9.902777777777779
2024-03-05 10:32:40,2.7029702970297027,19.4311377245509,0.4864864864864865,0.48611111111111105,0.49324324324324326,7.4642857142857135,5.071428571428571,38.55555555555556,75.5813953488372,4.177142857142858,4.1764705882352935,4.18888888888889,9.492857142857142,9.014285714285714,48.855555555555554,97.55813953488371,4.917714285714286,4.91764705882353,4.918888888888889,9.949285714285715,9.901428571428571
2024-03-05 10:32:45,2.791666666666667,19.515625,0.4864864864864865,0.48611111111111105,0.4797297297297297,7.462686567164178,4.9411764705882355,39.591836734693885,76.3953488372093,4.177142857142858,4.1764705882352935,4.164705882352941,9.492537313432836,8.984848484848484,48.9591836734694,97.63953488372093,4.917714285714286,4.91764705882353,4.916470588235294,9.949253731343283,9.898484848484848
2024-03-05 10:32:50,2.791666666666667,19.575471698113205,1.1142857142857139,1.1714285714285715,0.4797297297297297,7.462686567164178,4.9411764705882355,39.591836734693885,76.93181818181819,4.222857142857142,4.234285714285715,4.164705882352941,9.492537313432836,8.984848484848484,48.9591836734694,97.69318181818181,4.922285714285714,4.923428571428571,4.916470588235294,9.949253731343283,9.898484848484848
2024-03-05 10:32:55,2.791666666666667,19.575471698113205,0.5,1.222222222222222,1.666666666666667,7.421875,4.885714285714285,39.591836734693885,76.93181818181819,4.2,4.244444444444445,4.333333333333334,9.484375,8.96969696969697,48.9591836734694,97.69318181818181,4.919999999999999,4.924444444444443,4.933333333333334,9.948437499999999,9.896969696969697
2024-03-05 10:33:00,2.1355932203389827,18.875,0.5,1.222222222222222,1.8292682926829265,7.425373134328359,5.069444444444445,28.100000000000005,67.72727272727272,4.2,4.244444444444445,4.521951219512195,9.485074626865671,9.01388888888889,47.80999999999999,96.77272727272728,4.919999999999999,4.924444444444443,8.274999999999984,9.948507462686567,9.901388888888889
2024-03-05 10:33:05,2.1355932203389827,18.4765625,0.49264705882352944,0.4930555555555556,1.8292682926829265,7.425373134328359,5.069444444444445,28.100000000000005,54.79166666666664,4.187878787878788,4.188571428571429,4.521951219512195,9.485074626865671,9.01388888888889,47.80999999999999,95.47916666666663,4.918787878787878,4.918857142857142,8.274999999999984,9.948507462686567,9.901388888888889
2024-03-05 10:33:10,2.1355932203389827,18.4765625,1.1111111111111107,1.0540540540540546,1.512820512820513,7.464788732394366,5.197368421052632,28.100000000000005,54.79166666666664,4.222222222222221,4.210810810810811,4.466666666666669,9.492957746478874,9.039473684210527,47.80999999999999,95.47916666666663,4.9222222222222225,4.9210810810810806,8.200000000000003,9.949295774647887,9.903947368421052
2024-03-05 10:33:15,2.185840707964602,18.508064516129032,1.1111111111111107,1.0540540540540546,1.3684210526315783,7.463768115942028,5.135135135135135,27.717391304347817,54.13043478260865,4.222222222222221,4.210810810810811,4.273684210526316,9.492753623188406,9.027027027027028,47.77173913043478,95.41304347826087,4.9222222222222225,4.9210810810810806,4.9273684210526305,9.94927536231884,9.902702702702703
2024-03-05 10:33:20,2.185840707964602,18.416666666666664,1.1111111111111107,1.2702702702702702,1.3684210526315783,7.463768115942028,5.135135135135135,27.717391304347817,47.49999999999993,4.222222222222221,4.254054054054054,4.273684210526316,9.492753623188406,9.027027027027028,47.77173913043478,94.95000000000002,4.9222222222222225,4.925405405405405,4.9273684210526305,9.94927536231884,9.902702702702703
2024-03-05 10:33:25,2.185840707964602,18.416666666666664,0.47058823529411764,0.4765625,1.4210526315789473,7.419354838709678,5.555555555555555,27.717391304347817,47.49999999999993,4.1466666666666665,4.158620689655172,4.28421052631579,9.483870967741936,9.11111111111111,47.77173913043478,94.95000000000002,4.914666666666667,4.9158620689655175,4.928421052631578,9.948387096774194,9.911111111111111
2024-03-05 10:33:30,2.0,18.426470588235293,0.47058823529411764,0.4765625,1.2424242424242424,7.415254237288135,5.3125,4.830769230769231,52.250000000000014,4.1466666666666665,4.158620689655172,4.345454545454545,9.483050847457626,9.0625,46.714285714285694,95.22500000000002,4.914666666666667,4.9158620689655175,6.800000000000008,9.948305084745762,9.90625
2024-03-05 10:33:35,2.0,18.604294478527606,1.1249999999999996,0.4632352941176471,1.2424242424242424,7.415254237288135,5.3125,4.830769230769231,61.04166666666667,4.225,4.13103448275862,4.345454545454545,9.483050847457626,9.0625,46.714285714285694,96.10416666666669,4.9225,4.913103448275862,6.800000000000008,9.948305084745762,9.90625
2024-03-05 10:33:40,2.0,18.604294478527606,1.3333333333333335,0.49285714285714277,1.3636363636363633,7.4609375,4.882352941176471,4.830769230769231,61.04166666666667,4.2666666666666675,4.188235294117646,4.369696969696969,9.4921875,8.96875,46.714285714285694,96.10416666666669,4.926666666666666,4.918823529411764,6.899999999999997,9.94921875,9.896874999999998
2024-03-05 10:33:45,2.453125000000001,18.375,1.3333333333333335,0.49285714285714277,1.564102564102564,7.463768115942028,5.0,26.477272727272776,52.142857142857096,4.2666666666666675,4.188235294117646,4.3128205128205135,9.492753623188406,9.0,47.64772727272728,95.2142857142857,4.926666666666666,4.918823529411764,4.93128205128205,9.94927536231884,9.899999999999999
2024-03-05 10:33:50,2.453125000000001,18.00257731958763,1.0588235294117645,1.117647058823529,1.564102564102564,7.463768115942028,5.0,26.477272727272776,24.404639175257735,4.211764705882354,4.223529411764706,4.3128205128205135,9.492753623188406,9.0,47.64772727272728,92.03846153846155,4.921176470588234,4.92235294117647,4.93128205128205,9.94927536231884,9.899999999999999
2024-03-05 10:33:55,2.453125000000001,18.00257731958763,1.1142857142857139,1.1764705882352942,1.324324324324324,7.3106060606060606,5.07142857142857,26.477272727272776,24.404639175257735,4.222857142857142,4.23529411764706,4.264864864864865,9.462121212121211,9.014285714285714,47.64772727272728,92.03846153846155,4.922285714285714,4.923529411764706,4.9264864864864855,9.94621212121212,9.901428571428571
2024-03-05 10:34:00,2.4495412844036695,18.384831460674157,1.1142857142857139,1.1764705882352942,1.2777777777777777,7.254098360655738,5.0,33.79032258064516,52.619047619047585,4.222857142857142,4.23529411764706,4.255555555555556,9.450819672131148,9.0,48.37903225806451,95.26190476190474,4.922285714285714,4.923529411764706,4.925555555555555,9.945081967213113,9.899999999999999
2024-03-05 10:34:05,2.4495412844036695,19.009146341463413,0.4864864864864865,0.4736842105263158,1.2777777777777777,7.254098360655738,5.0,33.79032258064516,70.15151515151516,4.177142857142858,4.1529411764705895,4.255555555555556,9.450819672131148,9.0,48.37903225806451,97.0151515151515,4.917714285714286,4.915294117647059,4.925555555555555,9.945081967213113,9.899999999999999
2024-03-05 10:34:10,2.4495412844036695,19.009146341463413,0.4797297297297297,0.46710526315789475,1.0555555555555554,5.769230769230769,5.075757575757576,33.79032258064516,70.15151515151516,4.164705882352941,4.139393939393939,4.21111111111111,9.153846153846153,9.015151515151516,48.37903225806451,97.0151515151515,4.916470588235294,4.913939393939394,4.921111111111111,9.915384615384614,9.901515151515152
2024-03-05 10:34:15,2.100917431192661,18.713872832369944,0.4797297297297297,0.46710526315789475,0.5,5.9523809523809526,5.277777777777778,28.54166666666669,64.10714285714283,4.164705882352941,4.139393939393939,4.199999999999999,9.19047619047619,9.055555555555557,47.85416666666666,96.41071428571428,4.916470588235294,4.913939393939394,4.92,9.919047619047618,9.905555555555555
2024-03-05 10:34:20,2.100917431192661,18.5,1.1176470588235297,1.1212121212121215,0.5,5.9523809523809526,5.277777777777778,28.54166666666669,57.50000000000001,4.223529411764706,4.224242424242425,4.199999999999999,9.19047619047619,9.055555555555557,47.85416666666666,95.75000000000003,4.92235294117647,4.922424242424243,4.92,9.919047619047618,9.905555555555555
2024-03-05 10:34:25,2.100917431192661,18.5,1.0606060606060612,1.1212121212121215,1.1764705882352942,6.358695652173913,5.277777777777778,28.54166666666669,57.50000000000001,4.212121212121213,4.224242424242425,4.23529411764706,9.271739130434783,9.055555555555557,47.85416666666666,95.75000000000003,4.921212121212122,4.922424242424243,4.923529411764706,9.927173913043479,9.905555555555555
2024-03-05 10:34:30,2.4141414141414144,18.823529411764703,1.0606060606060612,1.1212121212121215,1.1764705882352942,6.306818181818182,5.147058823529412,35.00000000000001,66.66666666666666,4.212121212121213,4.224242424242425,4.23529411764706,9.261363636363637,9.029411764705882,48.5,96.66666666666667,4.921212121212122,4.922424242424243,4.923529411764706,9.926136363636363,9.902941176470588
2024-03-05 10:34:35,2.4141414141414144,19.0,1.1764705882352942,1.1764705882352942,1.1764705882352942,6.306818181818182,5.147058823529412,35.00000000000001,70.00000000000001,4.23529411764706,4.23529411764706,4.23529411764706,9.261363636363637,9.029411764705882,48.5,97.0,4.923529411764706,4.923529411764706,4.923529411764706,9.926136363636363,9.902941176470588
2024-03-05 10:34:40,2.4141414141414144,19.0,1.1212121212121209,1.0624999999999998,1.3428571428571434,5.675675675675675,5.151515151515152,35.00000000000001,70.00000000000001,4.224242424242425,4.2125,4.268571428571429,9.135135135135135,9.030303030303031,48.5,97.0,4.922424242424243,4.921250000000001,4.926857142857143,9.913513513513514,9.903030303030302
2024-03-05 10:34:45,2.158878504672897,18.698224852071007,1.1212121212121209,1.0624999999999998,1.3888888888888893,5.705128205128205,5.151515151515152,27.72727272727273,63.70370370370372,4.224242424242425,4.2125,4.277777777777779,9.141025641025642,9.030303030303031,47.77272727272727,96.37037037037038,4.922424242424243,4.921250000000001,4.927777777777779,9.914102564102564,9.903030303030302
2024-03-05 10:34:50,2.158878504672897,18.48360655737705,0.4852941176470589,0.4714285714285714,1.3888888888888893,5.705128205128205,5.151515151515152,27.72727272727273,55.00000000000008,4.175000000000001,4.148387096774194,4.277777777777779,9.141025641025642,9.030303030303031,47.77272727272727,95.5,4.917499999999999,4.914838709677419,4.927777777777779,9.914102564102564,9.903030303030302
2024-03-05 10:34:55,2.158878504672897,18.48360655737705,1.0588235294117645,0.49285714285714277,1.1111111111111107,5.9523809523809526,5.214285714285714,27.72727272727273,55.00000000000008,4.305882352941176,4.188235294117646,4.222222222222221,9.285714285714286,9.042857142857144,47.77272727272727,95.5,6.549999999999968,4.918823529411764,4.9222222222222225,14.50000000000006,9.904285714285713
2024-03-05 10:35:00,1.9514563106796112,18.458333333333336,1.0588235294117645,0.49285714285714277,1.057142857142857,5.961538461538462,5.073529411764706,26.309523809523792,47.50000000000004,4.305882352941176,4.188235294117646,4.211428571428572,9.397435897435898,9.014705882352942,47.63095238095237,94.92499999999998,6.549999999999968,4.918823529411764,4.921142857142857,19.974999999999937,9.901470588235293
