timestamp,(node)dell2018_network,(node)dell2018_edge_network,(node)dell2018_cpu,(node)dell2018_memory,(node)izbp16opgy3xucvexwqp9dz_network,(node)izbp16opgy3xucvexwqp9dz_edge_network,(node)izbp16opgy3xucvexwqp9dz_cpu,(node)izbp16opgy3xucvexwqp9dz_memory,(node)izbp193ioajdcnpofhlr1hz_network,(node)izbp193ioajdcnpofhlr1hz_edge_network,(node)izbp193ioajdcnpofhlr1hz_cpu,(node)izbp193ioajdcnpofhlr1hz_memory,(node)izbp1gwb52uyj3g0wn52lez_network,(node)izbp1gwb52uyj3g0wn52lez_edge_network,(node)izbp1gwb52uyj3g0wn52lez_cpu,(node)izbp1gwb52uyj3g0wn52lez_memory,(node)izbp1gwb52uyj3g0wn52lfz_network,(node)izbp1gwb52uyj3g0wn52lfz_edge_network,(node)izbp1gwb52uyj3g0wn52lfz_cpu,(node)izbp1gwb52uyj3g0wn52lfz_memory,(node)server-1_network,(node)server-1_edge_network,(node)server-1_cpu,(node)server-1_memory,(node)server-2_network,(node)server-2_edge_network,(node)server-2_cpu,(node)server-2_memory,(node)server-3_network,(node)server-3_edge_network,(node)server-3_cpu,(node)server-3_memory
2024-03-05 19:00:01,0.24713333333333332,0.1541030303030303,0.2076782993273728,0.4825223676278882,0.6893777777777778,0.22609696969696969,0.11262547716777715,0.9550704060199441,0.01813333333333333,1.3327999999999998,0.1947502116849711,0.5728850750646208,0.2114,0.029230303030303027,0.11440486924990101,0.5214169608993099,0.24680000000000002,0.0004242424242424242,0.07867763009679651,0.2448418735226346,0.004488888888888889,0.046757575757575755,0.031123290735679987,0.20279507181305342,0.06844444444444443,0.04583636363636363,0.04844901504755439,0.5059705067402375,0.01242222222222222,0.18901818181818184,0.05964359997748303,0.2463373490511931
2024-03-05 19:00:06,0.19962880333333333,0.14346833822222224,0.20797593850972773,0.0,0.6893777777777778,0.22609696969696969,0.11262547716777715,0.9550704060199441,0.01813333333333333,1.3327999999999998,0.1947502116849711,0.5728850750646208,0.2114,0.029230303030303027,0.11440486924990101,0.5214169608993099,0.24680000000000002,0.0004242424242424242,0.07867763009679651,0.2448418735226346,0.004488888888888889,0.046757575757575755,0.031123290735679987,0.20279507181305342,0.06844444444444443,0.04583636363636363,0.04844901504755439,0.5059705067402375,0.01242222222222222,0.18901818181818184,0.05964359997748303,0.2463373490511931
2024-03-05 19:00:11,0.17902047,0.13920944933333335,0.20797593850972784,0.0,0.6893777777777778,0.22609696969696969,0.11262547716777715,0.9550704060199441,0.018777777777777775,1.2921999999999998,0.19500903342359355,0.5745227733691427,0.19851111111111108,0.02789090909090909,0.1309470124026737,0.5216447058963626,0.24680000000000002,0.0004242424242424242,0.07867763009679651,0.2448418735226346,0.003657766666666667,0.04348658185185185,0.03195370486858995,0.20277916417281264,0.05320713055555555,0.0426998082962963,0.049311155914213534,0.5040022023542133,0.01242222222222222,0.18901818181818184,0.05964359997748303,0.2463373490511931
2024-03-05 19:00:16,0.15841213666666668,0.13495056044444442,0.20797593850972795,0.0,0.5492,0.20867878787878785,0.16368004522147273,0.9564985368191365,0.018777777777777775,1.2921999999999998,0.19500903342359355,0.5745227733691427,0.19851111111111108,0.02789090909090909,0.1309470124026737,0.5216447058963626,0.22297777777777775,0.000406060606060606,0.07293839129663982,0.24505820646101145,0.0032744333333333334,0.04219010037037037,0.031953704868590393,0.20277916417281264,0.04763768611111112,0.0414272157037037,0.04931115591421331,0.5040022023542133,0.009984345555555555,0.17747641637037037,0.05916159567272872,0.0
2024-03-05 19:00:21,0.1370794,0.13122079786008228,0.21023359288111543,0.0,0.5492,0.20867878787878785,0.16368004522147273,0.9564985368191365,0.018777777777777775,1.2921999999999998,0.19500903342359355,0.5745227733691427,0.19851111111111108,0.02789090909090909,0.1309470124026737,0.5216447058963626,0.22297777777777775,0.000406060606060606,0.07293839129663982,0.24505820646101145,0.0028911,0.04089361888888889,0.031953704868590393,0.20277916417281264,0.04206824166666666,0.040154623111111114,0.04931115591421342,0.5040022023542133,0.008945456666666667,0.172196046,0.05916159567272894,0.0
2024-03-05 19:00:26,0.11657940000000003,0.1269446661728395,0.21023359288111576,0.0,0.5492,0.20867878787878785,0.16368004522147273,0.9564985368191365,0.017777777777777774,1.1653999999999998,0.19022076675061483,0.5739956683241939,0.19211111111111112,0.026236363636363634,0.1331416004035303,0.5202870430462854,0.22297777777777775,0.000406060606060606,0.07293839129663982,0.24505820646101145,0.002507766666666667,0.039710884362139924,0.03526364168118379,0.20261859642913246,0.03724515666666666,0.038921008106995884,0.05163020702420973,0.5039917670115962,0.007906567777777778,0.1669156756296296,0.05916159567272883,0.0
2024-03-05 19:00:31,0.0960794,0.12266853448559673,0.21023359288111532,0.0,0.4150222222222222,0.18974545454545452,0.1659734600913233,0.9544976242429186,0.017777777777777774,1.1653999999999998,0.19022076675061483,0.5739956683241939,0.19211111111111112,0.026236363636363634,0.1331416004035303,0.5202870430462854,0.20235555555555554,0.0003757575757575757,0.06958922634778442,0.24487313263987712,0.002124433333333334,0.03841067860082305,0.03526364168118368,0.20261859642913246,0.031561823333333336,0.037647139794238685,0.051630207024209285,0.5039917670115962,0.006867678888888888,0.1605922774074074,0.06482735274209495,0.0
2024-03-05 19:00:36,0.0,0.0,0.0,0.0,0.4150222222222222,0.18974545454545452,0.1659734600913233,0.9544976242429186,0.017777777777777774,1.1653999999999998,0.19022076675061483,0.5739956683241939,0.19211111111111112,0.026236363636363634,0.1331416004035303,0.5202870430462854,0.20235555555555554,0.0003757575757575757,0.06958922634778442,0.24487313263987712,0.0017410999999999998,0.03711047283950617,0.0352636416811839,0.20261859642913246,0.02587849,0.03637327148148147,0.05163020702420951,0.5039917670115962,0.0058287899999999995,0.1553459811111111,0.06482735274209506,0.0
2024-03-05 19:00:41,0.0,0.0,0.0,0.0,0.4150222222222222,0.18974545454545452,0.1659734600913233,0.9544976242429186,0.018088888888888887,1.0480545454545453,0.18453288173972626,0.574676921851375,0.1776222222222222,0.024836363636363632,0.120619718313839,0.520345591869057,0.20235555555555554,0.0003757575757575757,0.06958922634778442,0.24487313263987712,0.0,0.0,0.0,0.0,0.0,0.0,0.0,0.0,0.004789901111111111,0.15009968481481478,0.06482735274209495,0.0
2024-03-05 19:00:46,0.0,0.0,0.0,0.0,0.278,0.17057575757575758,0.16167901793050266,0.952865310887697,0.018088888888888887,1.0480545454545453,0.18453288173972626,0.574676921851375,0.1776222222222222,0.024836363636363632,0.120619718313839,0.520345591869057,0.17964444444444444,0.0003515151515151515,0.06351800710104127,0.24520631513556534,0.0,0.0,0.0,0.0,0.0,0.0,0.0,0.0,0.0,0.0,0.0,0.0
2024-03-05 19:00:51,0.0,0.0,0.0,0.0,0.278,0.17057575757575758,0.16167901793050266,0.952865310887697,0.018088888888888887,1.0480545454545453,0.18453288173972626,0.574676921851375,0.1776222222222222,0.024836363636363632,0.120619718313839,0.520345591869057,0.17964444444444444,0.0003515151515151515,0.06351800710104127,0.24520631513556534,0.0,0.0,0.0,0.0,0.0,0.0,0.0,0.0,0.0,0.0,0.0,0.0
2024-03-05 19:00:56,0.0,0.0,0.0,0.0,0.278,0.17057575757575758,0.16167901793050266,0.952865310887697,0.03164444444444444,0.9212,0.181289849350585,0.576858278057998,0.18177777777777776,0.022757575757575754,0.0945298856394634,0.5210621947274304,0.17964444444444444,0.0003515151515151515,0.06351800710104127,0.24520631513556534,0.0,0.0,0.0,0.0,0.0,0.0,0.0,0.0,0.0,0.0,0.0,0.0
2024-03-05 19:01:01,0.0,0.0,0.0,0.0,0.2773777777777777,0.15098787878787878,0.10730354566105627,0.9534700838142627,0.03164444444444444,0.9212,0.181289849350585,0.576858278057998,0.18177777777777776,0.022757575757575754,0.0945298856394634,0.5210621947274304,0.1787111111111111,0.00032121212121212115,0.0614761020100828,0.2451450373422407,0.0,0.0,0.0,0.0,0.0,0.0,0.0,0.0,0.0,0.0,0.0,0.0
2024-03-05 19:01:06,0.0,0.0,0.0,0.0,0.2773777777777777,0.15098787878787878,0.10730354566105627,0.9534700838142627,0.03164444444444444,0.9212,0.181289849350585,0.576858278057998,0.18177777777777776,0.022757575757575754,0.0945298856394634,0.5210621947274304,0.1787111111111111,0.00032121212121212115,0.0614761020100828,0.2451450373422407,0.0,0.0,0.0,0.0,0.0,0.0,0.0,0.0,0.0,0.0,0.0,0.0
2024-03-05 19:01:11,0.0,0.0,0.0,0.0,0.2773777777777777,0.15098787878787878,0.10730354566105627,0.9534700838142627,0.04993333333333333,0.8020181818181817,0.1894469525965391,0.5721329546177557,0.17113333333333333,0.02113333333333333,0.08607295654215963,0.5210138175221741,0.1787111111111111,0.00032121212121212115,0.0614761020100828,0.2451450373422407,0.0,0.0,0.0,0.0,0.0,0.0,0.0,0.0,0.0,0.0,0.0,0.0
2024-03-05 19:01:16,0.0,0.0,0.0,0.0,0.27368888888888887,0.1325030303030303,0.1127660175792995,0.9539199991842894,0.04993333333333333,0.8020181818181817,0.1894469525965391,0.5721329546177557,0.17113333333333333,0.02113333333333333,0.08607295654215963,0.5210138175221741,0.18193333333333334,0.0002909090909090909,0.0592671807284485,0.24508202293129147,0.0,0.0,0.0,0.0,0.0,0.0,0.0,0.0,0.0,0.0,0.0,0.0
2024-03-05 19:01:21,0.0,0.0,0.0,0.0,0.27368888888888887,0.1325030303030303,0.1127660175792995,0.9539199991842894,0.04993333333333333,0.8020181818181817,0.1894469525965391,0.5721329546177557,0.17113333333333333,0.02113333333333333,0.08607295654215963,0.5210138175221741,0.18193333333333334,0.0002909090909090909,0.0592671807284485,0.24508202293129147,0.0,0.0,0.0,0.0,0.0,0.0,0.0,0.0,0.0,0.0,0.0,0.0
2024-03-05 19:01:26,0.0,0.0,0.0,0.0,0.27368888888888887,0.1325030303030303,0.1127660175792995,0.9539199991842894,0.06186666666666667,0.6839636363636363,0.19337359598042037,0.5715608464924237,0.17928888888888886,0.019575757575757573,0.09633260097882324,0.5213409218561763,0.18193333333333334,0.0002909090909090909,0.0592671807284485,0.24508202293129147,0.0,0.0,0.0,0.0,0.0,0.0,0.0,0.0,0.0,0.0,0.0,0.0
2024-03-05 19:01:31,0.0,0.0,0.0,0.0,0.2869555555555555,0.11534545454545453,0.11627775580629307,0.9544695841915288,0.06186666666666667,0.6839636363636363,0.19337359598042037,0.5715608464924237,0.17928888888888886,0.019575757575757573,0.09633260097882324,0.5213409218561763,0.18004444444444442,0.00031515151515151515,0.05905179686259043,0.24494743506538613,0.0,0.0,0.0,0.0,0.0,0.0,0.0,0.0,0.0,0.0,0.0,0.0
2024-03-05 19:01:36,0.0,0.0,0.0,0.0,0.2869555555555555,0.11534545454545453,0.11627775580629307,0.9544695841915288,0.06186666666666667,0.6839636363636363,0.19337359598042037,0.5715608464924237,0.17928888888888886,0.019575757575757573,0.09633260097882324,0.5213409218561763,0.18004444444444442,0.00031515151515151515,0.05905179686259043,0.24494743506538613,0.0,0.0,0.0,0.0,0.0,0.0,0.0,0.0,0.0,0.0,0.0,0.0
2024-03-05 19:01:41,0.0,0.0,0.0,0.0,0.2869555555555555,0.11534545454545453,0.11627775580629307,0.9544695841915288,0.05026666666666667,0.5887454545454546,0.191293546382602,0.5731850956005092,0.17646666666666666,0.019066666666666662,0.09131365479672005,0.5209149543616888,0.18004444444444442,0.00031515151515151515,0.05905179686259043,0.24494743506538613,0.003578022222222222,0.0356324625,0.01963137591038877,0.20264842325458388,0.0,0.0,0.0,0.0,0.0,0.0,0.0,0.0
2024-03-05 19:01:46,0.0,0.0,0.0,0.0,0.32180000000000003,0.1040909090909091,0.11131819722037994,0.9547906427799416,0.05026666666666667,0.5887454545454546,0.191293546382602,0.5731850956005092,0.17646666666666666,0.019066666666666662,0.09131365479672005,0.5209149543616888,0.19384444444444443,0.0003757575757575757,0.06314309811674579,0.24508140271071127,0.004233577777777778,0.03433871249999999,0.01963137591038855,0.20264842325458388,0.0,0.0,0.0,0.0,0.0,0.0,0.0,0.0
2024-03-05 19:01:51,0.0,0.0,0.0,0.0,0.32180000000000003,0.1040909090909091,0.11131819722037994,0.9547906427799416,0.05026666666666667,0.5887454545454546,0.191293546382602,0.5731850956005092,0.17646666666666666,0.019066666666666662,0.09131365479672005,0.5209149543616888,0.19384444444444443,0.0003757575757575757,0.06314309811674579,0.24508140271071127,0.004889133333333333,0.0330449625,0.019631375910388105,0.20264842325458388,0.0,0.0,0.0,0.0,0.0,0.0,0.0,0.0
2024-03-05 19:01:56,0.0,0.0,0.0,0.0,0.32180000000000003,0.1040909090909091,0.11131819722037994,0.9547906427799416,0.03244444444444444,0.4939636363636363,0.18335309729751614,0.573461321404241,0.20202222222222221,0.018054545454545455,0.10564293364862487,0.5207095373055236,0.19384444444444443,0.0003757575757575757,0.06314309811674579,0.24508140271071127,0.007142311111111111,0.03173579259259259,0.0233090354295874,0.202608654153982,0.03727895111111111,0.03504766967592593,0.04882038918574083,0.5049324386103702,0.0,0.0,0.0,0.0
2024-03-05 19:02:01,0.0,0.0,0.0,0.0,0.3624222222222222,0.09004848484848485,0.10525572594640187,0.9547638772763424,0.03244444444444444,0.4939636363636363,0.18335309729751614,0.573461321404241,0.20202222222222221,0.018054545454545455,0.10564293364862487,0.5207095373055236,0.21066666666666667,0.0004121212121212121,0.06842075673275116,0.24498539256489493,0.007986755555555556,0.030442670899470902,0.02330903542958762,0.202608654153982,0.04412339555555557,0.03377567893518518,0.04882038918574083,0.5049324386103702,0.0,0.0,0.0,0.0
2024-03-05 19:02:06,0.0,0.0,0.0,0.0,0.3624222222222222,0.09004848484848485,0.10525572594640187,0.9547638772763424,0.03244444444444444,0.4939636363636363,0.18335309729751614,0.573461321404241,0.20202222222222221,0.018054545454545455,0.10564293364862487,0.5207095373055236,0.21066666666666667,0.0004121212121212121,0.06842075673275116,0.24498539256489493,0.010133333333333333,0.029149549206349202,0.02330903542958751,0.202608654153982,0.05096784,0.03250368819444444,0.04882038918574083,0.5049324386103702,0.0,0.0,0.0,0.0
2024-03-05 19:02:11,0.0,0.0,0.0,0.0,0.3624222222222222,0.09004848484848485,0.10525572594640187,0.9547638772763424,0.023266666666666665,0.4082,0.1844660194196679,0.5733475205113178,0.19984444444444444,0.01710909090909091,0.0934505692686668,0.5208194403923366,0.21066666666666667,0.0004121212121212121,0.06842075673275116,0.24498539256489493,0.008355555555555555,0.027685459259259266,0.022017884258326292,0.20289002054074046,0.06715047,0.031042512857142858,0.04557618330862612,0.5059978373994729,0.0,0.0,0.0,0.0
2024-03-05 19:02:16,0.0,0.0,0.0,0.0,0.38539999999999996,0.07627272727272727,0.10853675744385083,0.954073582193038,0.023266666666666665,0.4082,0.1844660194196679,0.5733475205113178,0.19984444444444444,0.01710909090909091,0.0934505692686668,0.5208194403923366,0.2336222222222222,0.0004424242424242424,0.07461174881789512,0.24495177660944759,0.008355555555555555,0.02640027407407407,0.022017884258326292,0.20289002054074046,0.07510047000000002,0.02977822714285714,0.04557618330862623,0.5059978373994729,0.0,0.0,0.0,0.0
2024-03-05 19:02:21,0.0,0.0,0.0,0.0,0.38539999999999996,0.07627272727272727,0.10853675744385083,0.954073582193038,0.023266666666666665,0.4082,0.1844660194196679,0.5733475205113178,0.19984444444444444,0.01710909090909091,0.0934505692686668,0.5208194403923366,0.2336222222222222,0.0004424242424242424,0.07461174881789512,0.24495177660944759,0.008355555555555555,0.025115088888888883,0.022017884258326292,0.20289002054074046,0.09540000000000001,0.02851394142857143,0.04557618330862612,0.5059978373994729,0.0,0.0,0.0,0.0
2024-03-05 19:02:26,0.0,0.0,0.0,0.0,0.38539999999999996,0.07627272727272727,0.10853675744385083,0.954073582193038,0.02108888888888889,0.3136727272727272,0.18780694326914082,0.5738420371187476,0.2046,0.01595151515151515,0.10417488309307843,0.5206545857621171,0.2336222222222222,0.0004424242424242424,0.07461174881789512,0.24495177660944759,0.0071333333333333335,0.024303030303030302,0.02187866272263561,0.20224228131468694,0.08753333333333334,0.027147970802469133,0.04330975954747296,0.5061926304616595,0.0,0.0,0.0,0.0
2024-03-05 19:02:31,0.0,0.0,0.0,0.0,0.38917777777777773,0.06211515151515151,0.114212338432227,0.951312019495483,0.02108888888888889,0.3136727272727272,0.18780694326914082,0.5738420371187476,0.2046,0.01595151515151515,0.10417488309307843,0.5206545857621171,0.23928888888888886,0.00044848484848484843,0.07775463093232293,0.2454211595445497,0.0071333333333333335,0.024303030303030302,0.02187866272263561,0.20224228131468694,0.08753333333333334,0.025888402901234567,0.04330975954747296,0.5061926304616595,0.0,0.0,0.0,0.0
2024-03-05 19:02:36,0.0,0.0,0.0,0.0,0.38917777777777773,0.06211515151515151,0.114212338432227,0.951312019495483,0.02108888888888889,0.3136727272727272,0.18780694326914082,0.5738420371187476,0.2046,0.01595151515151515,0.10417488309307843,0.5206545857621171,0.23928888888888886,0.00044848484848484843,0.07775463093232293,0.2454211595445497,0.0071333333333333335,0.024303030303030302,0.02187866272263561,0.20224228131468694,0.08753333333333334,0.024628835,0.04330975954747296,0.5061926304616595,0.0,0.0,0.0,0.0
2024-03-05 19:02:41,0.0,0.0,0.0,0.0,0.38917777777777773,0.06211515151515151,0.114212338432227,0.951312019495483,0.021777777777777774,0.22730909090909088,0.18795846969846086,0.5738161732794469,0.1865111111111111,0.014818181818181817,0.09258320662199038,0.5206228304684104,0.23928888888888886,0.00044848484848484843,0.07775463093232293,0.2454211595445497,0.004666666666666667,0.023133333333333332,0.018389134201564183,0.20247493055320806,0.08448888888888888,0.02332231096296296,0.039905641832268635,0.5075179189740369,0.0,0.0,0.0,0.0
2024-03-05 19:02:46,0.0,0.0,0.0,0.0,0.38239999999999996,0.04749696969696969,0.1153759313617495,0.9489367722332117,0.021777777777777774,0.22730909090909088,0.18795846969846086,0.5738161732794469,0.1865111111111111,0.014818181818181817,0.09258320662199038,0.5206228304684104,0.24433333333333335,0.00046666666666666666,0.0789458865932049,0.24547511873502786,0.004666666666666667,0.023133333333333332,0.018389134201564183,0.20247493055320806,0.08448888888888888,0.022065273925925923,0.039905641832268635,0.5075179189740369,0.0,0.0,0.0,0.0
2024-03-05 19:02:51,0.0,0.0,0.0,0.0,0.38239999999999996,0.04749696969696969,0.1153759313617495,0.9489367722332117,0.021777777777777774,0.22730909090909088,0.18795846969846086,0.5738161732794469,0.1865111111111111,0.014818181818181817,0.09258320662199038,0.5206228304684104,0.24433333333333335,0.00046666666666666666,0.0789458865932049,0.24547511873502786,0.004666666666666667,0.023133333333333332,0.018389134201564183,0.20247493055320806,0.08448888888888888,0.02080823688888889,0.039905641832268635,0.5075179189740369,0.0,0.0,0.0,0.0
2024-03-05 19:02:56,0.0,0.0,0.0,0.0,0.38239999999999996,0.04749696969696969,0.1153759313617495,0.9489367722332117,0.018777777777777775,0.17936363636363634,0.1896940964001359,0.5743613830119062,0.19626666666666667,0.014854545454545454,0.10099132589826898,0.5205639095132906,0.24433333333333335,0.00046666666666666666,0.0789458865932049,0.24547511873502786,0.004355555555555555,0.02466060606060606,0.0182408236347964,0.2023292762222536,0.07322222222222222,0.023163636363636362,0.03935578995093858,0.5076575537966758,0.0,0.0,0.0,0.0
2024-03-05 19:03:01,0.0,0.0,0.0,0.0,0.38237777777777776,0.05155151515151515,0.11294781382118291,0.9494579348247242,0.018777777777777775,0.17936363636363634,0.1896940964001359,0.5743613830119062,0.19626666666666667,0.014854545454545454,0.10099132589826898,0.5205639095132906,0.23882222222222219,0.0004969696969696969,0.07726505346175949,0.2453065427813271,0.004355555555555555,0.02466060606060606,0.0182408236347964,0.2023292762222536,0.07322222222222222,0.023163636363636362,0.03935578995093858,0.5076575537966758,0.0,0.0,0.0,0.0
2024-03-05 19:03:06,0.0,0.0,0.0,0.0,0.38237777777777776,0.05155151515151515,0.11294781382118291,0.9494579348247242,0.018777777777777775,0.17936363636363634,0.1896940964001359,0.5743613830119062,0.19626666666666667,0.014854545454545454,0.10099132589826898,0.5205639095132906,0.23882222222222219,0.0004969696969696969,0.07726505346175949,0.2453065427813271,0.004355555555555555,0.02466060606060606,0.0182408236347964,0.2023292762222536,0.07322222222222222,0.023163636363636362,0.03935578995093858,0.5076575537966758,0.0,0.0,0.0,0.0
2024-03-05 19:03:11,0.0,0.0,0.0,0.0,0.38237777777777776,0.05155151515151515,0.11294781382118291,0.9494579348247242,0.019577777777777777,0.20905454545454544,0.18456243299476172,0.5736703012257908,0.1913111111111111,0.014642424242424243,0.09050461815729494,0.5206982492909639,0.23882222222222219,0.0004969696969696969,0.07726505346175949,0.2453065427813271,0.004688888888888888,0.02536363636363636,0.018015497804068192,0.20181128368691378,0.07408888888888888,0.023775757575757575,0.0391881649493544,0.5076963136406824,0.0,0.0,0.0,0.0
2024-03-05 19:03:16,0.0,0.0,0.0,0.0,0.3754666666666666,0.05516363636363636,0.10947054016816782,0.949537976425964,0.019577777777777777,0.20905454545454544,0.18456243299476172,0.5736703012257908,0.1913111111111111,0.014642424242424243,0.09050461815729494,0.5206982492909639,0.24366666666666667,0.0005454545454545454,0.07707454289768145,0.24529860395790043,0.004688888888888888,0.02536363636363636,0.018015497804068192,0.20181128368691378,0.07408888888888888,0.023775757575757575,0.0391881649493544,0.5076963136406824,0.0,0.0,0.0,0.0
2024-03-05 19:03:21,0.0,0.0,0.0,0.0,0.3754666666666666,0.05516363636363636,0.10947054016816782,0.949537976425964,0.019577777777777777,0.20905454545454544,0.18456243299476172,0.5736703012257908,0.1913111111111111,0.014642424242424243,0.09050461815729494,0.5206982492909639,0.24366666666666667,0.0005454545454545454,0.07707454289768145,0.24529860395790043,0.004688888888888888,0.02536363636363636,0.018015497804068192,0.20181128368691378,0.07408888888888888,0.023775757575757575,0.0391881649493544,0.5076963136406824,0.0,0.0,0.0,0.0
2024-03-05 19:03:26,0.0,0.0,0.0,0.0,0.3754666666666666,0.05516363636363636,0.10947054016816782,0.949537976425964,0.0206,0.2382545454545454,0.19115074214048366,0.5684711522495591,0.19764444444444446,0.015363636363636362,0.10103057948985839,0.5209544003905902,0.24366666666666667,0.0005454545454545454,0.07707454289768145,0.24529860395790043,0.0044222222222222215,0.025836363636363633,0.018579051769797017,0.20231237435449778,0.07384444444444443,0.02441212121212121,0.03850903783541104,0.5082185776926166,0.0,0.0,0.0,0.0
2024-03-05 19:03:31,0.0,0.0,0.0,0.0,0.379,0.05952121212121211,0.1103663859855204,0.9504430328119583,0.0206,0.2382545454545454,0.19115074214048366,0.5684711522495591,0.19764444444444446,0.015363636363636362,0.10103057948985839,0.5209544003905902,0.24026666666666668,0.0005878787878787879,0.07785778577773161,0.24524191579686933,0.0044222222222222215,0.025836363636363633,0.018579051769797017,0.20231237435449778,0.07384444444444443,0.02441212121212121,0.03850903783541104,0.5082185776926166,0.0,0.0,0.0,0.0
2024-03-05 19:03:36,0.0,0.0,0.0,0.0,0.379,0.05952121212121211,0.1103663859855204,0.9504430328119583,0.0206,0.2382545454545454,0.19115074214048366,0.5684711522495591,0.19764444444444446,0.015363636363636362,0.10103057948985839,0.5209544003905902,0.24026666666666668,0.0005878787878787879,0.07785778577773161,0.24524191579686933,0.0044222222222222215,0.025836363636363633,0.018579051769797017,0.20231237435449778,0.07384444444444443,0.02441212121212121,0.03850903783541104,0.5082185776926166,0.0,0.0,0.0,0.0
2024-03-05 19:03:41,0.0,0.0,0.0,0.0,0.379,0.05952121212121211,0.1103663859855204,0.9504430328119583,0.02086666666666667,0.2676545454545454,0.18396705404108993,0.5711185748403813,0.288,0.01601212121212121,0.12347277743470175,0.52283627367506,0.24026666666666668,0.0005878787878787879,0.07785778577773161,0.24524191579686933,0.004866666666666666,0.026418181818181816,0.018673301093047545,0.20191120355217607,0.07262222222222223,0.024848484848484845,0.04097368791351119,0.5088148829850248,0.0,0.0,0.0,0.0
2024-03-05 19:03:46,0.0,0.0,0.0,0.0,0.45246666666666663,0.0639939393939394,0.12022104431959879,0.951740012643514,0.02086666666666667,0.2676545454545454,0.18396705404108993,0.5711185748403813,0.288,0.01601212121212121,0.12347277743470175,0.52283627367506,0.271,0.0006242424242424243,0.08770547173958243,0.2451563253568005,0.004866666666666666,0.026418181818181816,0.018673301093047545,0.20191120355217607,0.07262222222222223,0.024848484848484845,0.04097368791351119,0.5088148829850248,0.0,0.0,0.0,0.0
2024-03-05 19:03:51,0.0,0.0,0.0,0.0,0.45246666666666663,0.0639939393939394,0.12022104431959879,0.951740012643514,0.02086666666666667,0.2676545454545454,0.18396705404108993,0.5711185748403813,0.288,0.01601212121212121,0.12347277743470175,0.52283627367506,0.271,0.0006242424242424243,0.08770547173958243,0.2451563253568005,0.004866666666666666,0.026418181818181816,0.018673301093047545,0.20191120355217607,0.07262222222222223,0.024848484848484845,0.04097368791351119,0.5088148829850248,0.0,0.0,0.0,0.0
2024-03-05 19:03:56,0.0,0.0,0.0,0.0,0.45246666666666663,0.0639939393939394,0.12022104431959879,0.951740012643514,0.01904444444444444,0.2971818181818182,0.18689690197961428,0.5721877859570733,0.2984,0.01710909090909091,0.1390344205977777,0.5217306684687796,0.271,0.0006242424242424243,0.08770547173958243,0.2451563253568005,0.004533333333333333,0.028919024691358024,0.019174865831799726,0.20272696722827266,0.07324444444444445,0.025206060606060607,0.04059289203300931,0.5079696202330362,0.0,0.0,0.0,0.0
2024-03-05 19:04:01,0.0,0.0,0.0,0.0,0.4578444444444444,0.0686060606060606,0.12588261876208573,0.9522525083100516,0.01904444444444444,0.2971818181818182,0.18689690197961428,0.5721877859570733,0.2984,0.01710909090909091,0.1390344205977777,0.5217306684687796,0.26893333333333336,0.0006606060606060606,0.08710095152401498,0.2453768757951228,0.004533333333333333,0.03033260493827161,0.019174865831799726,0.20272696722827266,0.07324444444444445,0.025206060606060607,0.04059289203300931,0.5079696202330362,0.0,0.0,0.0,0.0
2024-03-05 19:04:06,0.0,0.0,0.0,0.0,0.4578444444444444,0.0686060606060606,0.12588261876208573,0.9522525083100516,0.01904444444444444,0.2971818181818182,0.18689690197961428,0.5721877859570733,0.2984,0.01710909090909091,0.1390344205977777,0.5217306684687796,0.26893333333333336,0.0006606060606060606,0.08710095152401498,0.2453768757951228,0.004533333333333333,0.03174618518518518,0.019174865831799726,0.20272696722827266,0.07324444444444445,0.025206060606060607,0.04059289203300931,0.5079696202330362,0.0,0.0,0.0,0.0
2024-03-05 19:04:11,0.0,0.0,0.0,0.0,0.4578444444444444,0.0686060606060606,0.12588261876208573,0.9522525083100516,0.02004444444444444,0.3241454545454545,0.18236687725608114,0.5727955861806403,0.29104444444444444,0.017193939393939393,0.12903407490722163,0.5220183267738805,0.26893333333333336,0.0006606060606060606,0.08710095152401498,0.2453768757951228,0.004777777777777777,0.03344316455026455,0.0194796120847589,0.20296558183188407,0.07262222222222223,0.024386469777777777,0.04071203953255198,0.5096029998131577,0.0,0.0,0.0,0.0
2024-03-05 19:04:16,0.0,0.0,0.0,0.0,0.4508444444444444,0.07117575757575757,0.12231049789128223,0.9528075738727899,0.02004444444444444,0.3241454545454545,0.18236687725608114,0.5727955861806403,0.29104444444444444,0.017193939393939393,0.12903407490722163,0.5220183267738805,0.2741111111111111,0.0006484848484848484,0.08739230812564991,0.24495425749176844,0.004777777777777777,0.03486882592592592,0.0194796120847589,0.20296558183188407,0.07262222222222223,0.025784247555555556,0.04071203953255198,0.5096029998131577,0.0,0.0,0.0,0.0
2024-03-05 19:04:21,0.0,0.0,0.0,0.0,0.4508444444444444,0.07117575757575757,0.12231049789128223,0.9528075738727899,0.02004444444444444,0.3241454545454545,0.18236687725608114,0.5727955861806403,0.29104444444444444,0.017193939393939393,0.12903407490722163,0.5220183267738805,0.2741111111111111,0.0006484848484848484,0.08739230812564991,0.24495425749176844,0.004777777777777777,0.0362944873015873,0.0194796120847589,0.20296558183188407,0.07262222222222223,0.027182025333333335,0.04071203953255198,0.5096029998131577,0.0,0.0,0.0,0.0
2024-03-05 19:04:26,0.0,0.0,0.0,0.0,0.4508444444444444,0.07117575757575757,0.12231049789128223,0.9528075738727899,0.021466666666666665,0.33236363636363636,0.18670278812895758,0.572714373725236,0.1968222222222222,0.017078787878787877,0.11039729501312423,0.521809064350118,0.2741111111111111,0.0006484848484848484,0.08739230812564991,0.24495425749176844,0.004644444444444444,0.037635280092592586,0.019243622591008203,0.20275182291614885,0.07422222222222222,0.02856844388888889,0.036371284352094135,0.5085276626025148,0.0,0.0,0.0,0.0
2024-03-05 19:04:31,0.0,0.0,0.0,0.0,0.37455555555555553,0.06784848484848484,0.1099047134339749,0.9529688041682811,0.021466666666666665,0.33236363636363636,0.18670278812895758,0.572714373725236,0.1968222222222222,0.017078787878787877,0.11039729501312423,0.521809064350118,0.24586666666666668,0.0005939393939393938,0.0784898441457067,0.24521921572363367,0.004644444444444444,0.0390577337962963,0.019243622591008203,0.20275182291614885,0.07422222222222222,0.029965666111111112,0.036371284352094135,0.5085276626025148,0.0,0.0,0.0,0.0
2024-03-05 19:04:36,0.0,0.0,0.0,0.0,0.37455555555555553,0.06784848484848484,0.1099047134339749,0.9529688041682811,0.021466666666666665,0.33236363636363636,0.18670278812895758,0.572714373725236,0.1968222222222222,0.017078787878787877,0.11039729501312423,0.521809064350118,0.24586666666666668,0.0005939393939393938,0.0784898441457067,0.24521921572363367,0.004644444444444444,0.040480187499999994,0.019243622591008203,0.20275182291614885,0.07422222222222222,0.03136288833333333,0.036371284352094135,0.5085276626025148,0.0,0.0,0.0,0.0
2024-03-05 19:04:41,0.0,0.0,0.0,0.0,0.37455555555555553,0.06784848484848484,0.1099047134339749,0.9529688041682811,0.0206,0.3300545454545454,0.18732362569354777,0.5804016240421974,0.19124444444444444,0.016672727272727273,0.09620153291116074,0.5202733981935207,0.24586666666666668,0.0005939393939393938,0.0784898441457067,0.24521921572363367,0.004844444444444444,0.041713982716049376,0.018691327670893987,0.20327428947530637,0.07326666666666666,0.03255231661375661,0.03641574643858425,0.508687671189311,0.0,0.0,0.0,0.0
2024-03-05 19:04:46,0.0,0.0,0.0,0.0,0.37160000000000004,0.06629696969696969,0.10394163885965624,0.9537805636560148,0.0206,0.3300545454545454,0.18732362569354777,0.5804016240421974,0.19124444444444444,0.016672727272727273,0.09620153291116074,0.5202733981935207,0.24404444444444442,0.0005515151515151515,0.07886151422983834,0.24526846123770227,0.004844444444444444,0.043130032098765425,0.018691327670893987,0.20327428947530637,0.07326666666666666,0.033940676402116406,0.03641574643858425,0.508687671189311,0.0,0.0,0.0,0.0
2024-03-05 19:04:51,0.0,0.0,0.0,0.0,0.37160000000000004,0.06629696969696969,0.10394163885965624,0.9537805636560148,0.0206,0.3300545454545454,0.18732362569354777,0.5804016240421974,0.19124444444444444,0.016672727272727273,0.09620153291116074,0.5202733981935207,0.24404444444444442,0.0005515151515151515,0.07886151422983834,0.24526846123770227,0.004844444444444444,0.04454608148148148,0.018691327670893987,0.20327428947530637,0.07326666666666666,0.0353290361904762,0.03641574643858425,0.508687671189311,0.0,0.0,0.0,0.0
2024-03-05 19:04:56,0.0,0.0,0.0,0.0,0.37160000000000004,0.06629696969696969,0.10394163885965624,0.9537805636560148,0.017933333333333332,0.3264181818181818,0.1887207858193246,0.5778090327906927,0.2052222222222222,0.01644242424242424,0.10155060614909928,0.5201225605484139,0.24404444444444442,0.0005515151515151515,0.07886151422983834,0.24526846123770227,0.004622222222222222,0.0461805211111111,0.01835657008733793,0.20271901340815227,0.07313333333333334,0.03645590347222222,0.03671245189758743,0.5092536642960218,0.0,0.0,0.0,0.0
2024-03-05 19:05:01,0.0,0.0,0.0,0.0,0.3745111111111111,0.06595757575757576,0.10421555599736576,0.9536982278687521,0.017933333333333332,0.3264181818181818,0.1887207858193246,0.5778090327906927,0.2052222222222222,0.01644242424242424,0.10155060614909928,0.5201225605484139,0.24315555555555554,0.0005212121212121212,0.07658544820226298,0.24529810778143626,0.004622222222222222,0.047603298888888895,0.01835657008733793,0.20271901340815227,0.07313333333333334,0.03783437569444445,0.03671245189758743,0.5092536642960218,0.0,0.0,0.0,0.0
2024-03-05 19:05:06,0.0,0.0,0.0,0.0,0.3745111111111111,0.06595757575757576,0.10421555599736576,0.9536982278687521,0.017933333333333332,0.3264181818181818,0.1887207858193246,0.5778090327906927,0.2052222222222222,0.01644242424242424,0.10155060614909928,0.5201225605484139,0.24315555555555554,0.0005212121212121212,0.07658544820226298,0.24529810778143626,0.004622222222222222,0.05122,0.01835657008733793,0.20271901340815227,0.07313333333333334,0.03921284791666667,0.03671245189758743,0.5092536642960218,0.0,0.0,0.0,0.0
2024-03-05 19:05:11,0.0,0.0,0.0,0.0,0.3745111111111111,0.06595757575757576,0.10421555599736576,0.9536982278687521,0.018088888888888887,0.32390909090909087,0.18489671520214113,0.5790515316306996,0.19608888888888887,0.01572121212121212,0.08888012173904936,0.5202268816500051,0.24315555555555554,0.0005212121212121212,0.07658544820226298,0.24529810778143626,0.004733333333333333,0.051163636363636356,0.018441187186493346,0.20301628743515152,0.07095555555555555,0.040352748148148154,0.038303732014335345,0.5084426890983467,0.0,0.0,0.0,0.0
2024-03-05 19:05:16,0.0,0.0,0.0,0.0,0.3683333333333333,0.06477575757575757,0.10215266399536493,0.9536332259314395,0.018088888888888887,0.32390909090909087,0.18489671520214113,0.5790515316306996,0.19608888888888887,0.01572121212121212,0.08888012173904936,0.5202268816500051,0.2384,0.0005272727272727272,0.07607472428466455,0.24553329542545146,0.004733333333333333,0.051163636363636356,0.018441187186493346,0.20301628743515152,0.07095555555555555,0.041723118518518516,0.038303732014335345,0.5084426890983467,0.0,0.0,0.0,0.0
2024-03-05 19:05:21,0.0,0.0,0.0,0.0,0.3683333333333333,0.06477575757575757,0.10215266399536493,0.9536332259314395,0.018088888888888887,0.32390909090909087,0.18489671520214113,0.5790515316306996,0.19608888888888887,0.01572121212121212,0.08888012173904936,0.5202268816500051,0.2384,0.0005272727272727272,0.07607472428466455,0.24553329542545146,0.004733333333333333,0.051163636363636356,0.018441187186493346,0.20301628743515152,0.07095555555555555,0.043093488888888885,0.038303732014335345,0.5084426890983467,0.0,0.0,0.0,0.0
2024-03-05 19:05:26,0.0,0.0,0.0,0.0,0.3683333333333333,0.06477575757575757,0.10215266399536493,0.9536332259314395,0.019088888888888888,0.3222181818181818,0.1886781803807971,0.5800498758277075,0.19668888888888886,0.0159030303030303,0.09631089834117046,0.5207174761289504,0.2384,0.0005272727272727272,0.07607472428466455,0.24553329542545146,0.0044666666666666665,0.052751515151515146,0.01858216670861168,0.20235512613764484,0.07095555555555555,0.04428960900000001,0.0387905646090162,0.5079442772581088,0.0,0.0,0.0,0.0
2024-03-05 19:05:31,0.0,0.0,0.0,0.0,0.36851111111111107,0.06532121212121211,0.10227304814688454,0.9532188704447662,0.019088888888888888,0.3222181818181818,0.1886781803807971,0.5800498758277075,0.19668888888888886,0.0159030303030303,0.09631089834117046,0.5207174761289504,0.2404,0.0005212121212121212,0.07762891240747738,0.24514069579817924,0.0044666666666666665,0.052751515151515146,0.01858216670861168,0.20235512613764484,0.07095555555555555,0.045654609,0.0387905646090162,0.5079442772581088,0.0,0.0,0.0,0.0
2024-03-05 19:05:36,0.0,0.0,0.0,0.0,0.36851111111111107,0.06532121212121211,0.10227304814688454,0.9532188704447662,0.019088888888888888,0.3222181818181818,0.1886781803807971,0.5800498758277075,0.19668888888888886,0.0159030303030303,0.09631089834117046,0.5207174761289504,0.2404,0.0005212121212121212,0.07762891240747738,0.24514069579817924,0.0044666666666666665,0.052751515151515146,0.01858216670861168,0.20235512613764484,0.07095555555555555,0.049139999999999996,0.0387905646090162,0.5079442772581088,0.0,0.0,0.0,0.0
2024-03-05 19:05:41,0.0,0.0,0.0,0.0,0.36851111111111107,0.06532121212121211,0.10227304814688454,0.9532188704447662,0.019377777777777775,0.32241818181818177,0.1879936808846997,0.5739558380116708,0.18566666666666665,0.01561212121212121,0.09000788554487427,0.520443462676614,0.2404,0.0005212121212121212,0.07762891240747738,0.24514069579817924,0.0048,0.05157575757575757,0.018774620735964476,0.2030142989801214,0.07162222222222223,0.04908484848484848,0.03923990232120189,0.5086484144242275,0.0,0.0,0.0,0.0
2024-03-05 19:05:46,0.0,0.0,0.0,0.0,0.3679111111111111,0.06461818181818181,0.10405783187151607,0.9531110437016946,0.019377777777777775,0.32241818181818177,0.1879936808846997,0.5739558380116708,0.18566666666666665,0.01561212121212121,0.09000788554487427,0.520443462676614,0.23973333333333333,0.0005212121212121212,0.07980877390367747,0.24513846300409048,0.0048,0.05157575757575757,0.018774620735964476,0.2030142989801214,0.07162222222222223,0.04908484848484848,0.03923990232120189,0.5086484144242275,0.0,0.0,0.0,0.0
2024-03-05 19:05:51,0.0,0.0,0.0,0.0,0.3679111111111111,0.06461818181818181,0.10405783187151607,0.9531110437016946,0.019377777777777775,0.32241818181818177,0.1879936808846997,0.5739558380116708,0.18566666666666665,0.01561212121212121,0.09000788554487427,0.520443462676614,0.23973333333333333,0.0005212121212121212,0.07980877390367747,0.24513846300409048,0.0048,0.05157575757575757,0.018774620735964476,0.2030142989801214,0.07162222222222223,0.04908484848484848,0.03923990232120189,0.5086484144242275,0.0,0.0,0.0,0.0
2024-03-05 19:05:56,0.0,0.0,0.0,0.0,0.3679111111111111,0.06461818181818181,0.10405783187151607,0.9531110437016946,0.017355555555555555,0.3221636363636363,0.19124202923274536,0.5706287137240256,0.1979111111111111,0.016472727272727274,0.10152112675822911,0.5202570243702033,0.23973333333333333,0.0005212121212121212,0.07980877390367747,0.24513846300409048,0.004555555555555556,0.05093333333333333,0.01817927953087617,0.20260765992646693,0.07235555555555555,0.04871515151515151,0.03814178182230832,0.5083090173286318,0.0,0.0,0.0,0.0
2024-03-05 19:06:01,0.0,0.0,0.0,0.0,0.3721333333333333,0.06473939393939393,0.10570920082301893,0.9530455319452659,0.017355555555555555,0.3221636363636363,0.19124202923274536,0.5706287137240256,0.1979111111111111,0.016472727272727274,0.10152112675822911,0.5202570243702033,0.24013333333333334,0.0005151515151515151,0.07920792079320671,0.2454392699854918,0.004555555555555556,0.05093333333333333,0.01817927953087617,0.20260765992646693,0.07235555555555555,0.04871515151515151,0.03814178182230832,0.5083090173286318,0.0,0.0,0.0,0.0
2024-03-05 19:06:06,0.0,0.0,0.0,0.0,0.3721333333333333,0.06473939393939393,0.10570920082301893,0.9530455319452659,0.017355555555555555,0.3221636363636363,0.19124202923274536,0.5706287137240256,0.1979111111111111,0.016472727272727274,0.10152112675822911,0.5202570243702033,0.24013333333333334,0.0005151515151515151,0.07920792079320671,0.2454392699854918,0.004555555555555556,0.05093333333333333,0.01817927953087617,0.20260765992646693,0.07235555555555555,0.04871515151515151,0.03814178182230832,0.5083090173286318,0.0,0.0,0.0,0.0
2024-03-05 19:06:11,0.0,0.0,0.0,0.0,0.3721333333333333,0.06473939393939393,0.10570920082301893,0.9530455319452659,0.01904444444444444,0.32249090909090905,0.18170015804860296,0.5722053733677978,0.19306666666666666,0.01633939393939394,0.09367245657499168,0.5206286605418644,0.24013333333333334,0.0005151515151515151,0.07920792079320671,0.2454392699854918,0.004933333333333334,0.050545454545454546,0.018514898489239817,0.20177449726885702,0.07095555555555555,0.04804848484848485,0.03699749978941014,0.5084392106508075,0.0,0.0,0.0,0.0
2024-03-05 19:06:16,0.0,0.0,0.0,0.0,0.36995555555555554,0.06416363636363635,0.10622266120959034,0.952833574647715,0.01904444444444444,0.32249090909090905,0.18170015804860296,0.5722053733677978,0.19306666666666666,0.01633939393939394,0.09367245657499168,0.5206286605418644,0.23888888888888885,0.0005151515151515151,0.07794837185754777,0.24523484528225495,0.004933333333333334,0.050545454545454546,0.018514898489239817,0.20177449726885702,0.07095555555555555,0.04804848484848485,0.03699749978941014,0.5084392106508075,0.0,0.0,0.0,0.0
2024-03-05 19:06:21,0.0,0.0,0.0,0.0,0.36995555555555554,0.06416363636363635,0.10622266120959034,0.952833574647715,0.01904444444444444,0.32249090909090905,0.18170015804860296,0.5722053733677978,0.19306666666666666,0.01633939393939394,0.09367245657499168,0.5206286605418644,0.23888888888888885,0.0005151515151515151,0.07794837185754777,0.24523484528225495,0.004933333333333334,0.050545454545454546,0.018514898489239817,0.20177449726885702,0.07095555555555555,0.04804848484848485,0.03699749978941014,0.5084392106508075,0.0,0.0,0.0,0.0
2024-03-05 19:06:26,0.0,0.0,0.0,0.0,0.36995555555555554,0.06416363636363635,0.10622266120959034,0.952833574647715,0.020111111111111107,0.3218181818181818,0.18956168097586112,0.5727997243949284,0.19984444444444444,0.016672727272727273,0.10449444538680641,0.5202944856932479,0.23888888888888885,0.0005151515151515151,0.07794837185754777,0.24523484528225495,0.004444444444444444,0.05017575757575757,0.018901111173072138,0.20284627453007836,0.07057777777777777,0.047521212121212124,0.03678018923537674,0.5093515577481922,0.0,0.0,0.0,0.0
2024-03-05 19:06:31,0.0,0.0,0.0,0.0,0.3734444444444444,0.06451515151515151,0.10219575524807345,0.9531828007422967,0.020111111111111107,0.3218181818181818,0.18956168097586112,0.5727997243949284,0.19984444444444444,0.016672727272727273,0.10449444538680641,0.5202944856932479,0.2352222222222222,0.000509090909090909,0.1078100382619036,0.24516897785663674,0.004444444444444444,0.05017575757575757,0.018901111173072138,0.20284627453007836,0.07057777777777777,0.047521212121212124,0.03678018923537674,0.5093515577481922,0.0,0.0,0.0,0.0
2024-03-05 19:06:36,0.0,0.0,0.0,0.0,0.3734444444444444,0.06451515151515151,0.10219575524807345,0.9531828007422967,0.020111111111111107,0.3218181818181818,0.18956168097586112,0.5727997243949284,0.19984444444444444,0.016672727272727273,0.10449444538680641,0.5202944856932479,0.2352222222222222,0.000509090909090909,0.1078100382619036,0.24516897785663674,0.004444444444444444,0.05017575757575757,0.018901111173072138,0.20284627453007836,0.07057777777777777,0.047521212121212124,0.03678018923537674,0.5093515577481922,0.0,0.0,0.0,0.0
2024-03-05 19:06:41,0.0,0.0,0.0,0.0,0.3734444444444444,0.06451515151515151,0.10219575524807345,0.9531828007422967,0.02111111111111111,0.3210363636363636,0.18814957071718286,0.571784310063982,0.19048888888888887,0.01616969696969697,0.110158497378261,0.5205229749549968,0.2352222222222222,0.000509090909090909,0.1078100382619036,0.24516897785663674,0.004666666666666667,0.04998787878787879,0.018594926122097455,0.20239588946576179,0.07083814772020265,0.047206060606060606,0.03728604644660105,0.5092864610871043,0.0,0.0,0.0,0.0
2024-03-05 19:06:46,0.0,0.0,0.0,0.0,0.37668888888888885,0.06372121212121211,0.10333145115803,0.9530621010665415,0.02111111111111111,0.3210363636363636,0.18814957071718286,0.571784310063982,0.19048888888888887,0.01616969696969697,0.110158497378261,0.5205229749549968,0.24084444444444444,0.0005151515151515151,0.14520486267352628,0.24520420638559262,0.004666666666666667,0.04998787878787879,0.018594926122097455,0.20239588946576179,0.07083814772020265,0.047206060606060606,0.03728604644660105,0.5092864610871043,0.0,0.0,0.0,0.0
2024-03-05 19:06:51,0.0,0.0,0.0,0.0,0.37668888888888885,0.06372121212121211,0.10333145115803,0.9530621010665415,0.02111111111111111,0.3210363636363636,0.18814957071718286,0.571784310063982,0.19048888888888887,0.01616969696969697,0.110158497378261,0.5205229749549968,0.24084444444444444,0.0005151515151515151,0.14520486267352628,0.24520420638559262,0.004666666666666667,0.04998787878787879,0.018594926122097455,0.20239588946576179,0.07083814772020265,0.047206060606060606,0.03728604644660105,0.5092864610871043,0.0,0.0,0.0,0.0
2024-03-05 19:06:56,0.0,0.0,0.0,0.0,0.37668888888888885,0.06372121212121211,0.10333145115803,0.9530621010665415,0.018911111111111108,0.32010909090909084,0.19756083789779955,0.5731147459576112,0.19688888888888886,0.016436363636363638,0.12333013922462777,0.520265459370094,0.24084444444444444,0.0005151515151515151,0.14520486267352628,0.24520420638559262,0.0044666666666666665,0.04966060606060606,0.017849672291110452,0.20241975092612294,0.07051111111111111,0.04716363636363636,0.03926466460833833,0.510569014386859,0.0,0.0,0.0,0.0
2024-03-05 19:07:01,0.0,0.0,0.0,0.0,0.37882222222222217,0.06356363636363635,0.1060203504814875,0.9530163448008646,0.018911111111111108,0.32010909090909084,0.19756083789779955,0.5731147459576112,0.19688888888888886,0.016436363636363638,0.12333013922462777,0.520265459370094,0.24073333333333333,0.0004969696969696969,0.17941789112230455,0.24532217233994835,0.0044666666666666665,0.04966060606060606,0.017849672291110452,0.20241975092612294,0.07051111111111111,0.04716363636363636,0.03926466460833833,0.510569014386859,0.0,0.0,0.0,0.0
2024-03-05 19:07:06,0.0,0.0,0.0,0.0,0.37882222222222217,0.06356363636363635,0.1060203504814875,0.9530163448008646,0.018911111111111108,0.32010909090909084,0.19756083789779955,0.5731147459576112,0.19688888888888886,0.016436363636363638,0.12333013922462777,0.520265459370094,0.24073333333333333,0.0004969696969696969,0.17941789112230455,0.24532217233994835,0.0044666666666666665,0.04966060606060606,0.017849672291110452,0.20241975092612294,0.07051111111111111,0.04716363636363636,0.03926466460833833,0.510569014386859,0.0,0.0,0.0,0.0
2024-03-05 19:07:11,0.0,0.0,0.0,0.0,0.37882222222222217,0.06356363636363635,0.1060203504814875,0.9530163448008646,0.01991111111111111,0.31936363636363635,0.18383017163352955,0.5728105872074347,0.18888888888888886,0.015860606060606058,0.11498591549223713,0.5204330429708665,0.24073333333333333,0.0004969696969696969,0.17941789112230455,0.24532217233994835,0.004733333333333333,0.04941212121212121,0.016980394347488992,0.2027970602680835,0.06995555555555555,0.04693333333333333,0.03786560377287762,0.5099344461715213,0.0,0.0,0.0,0.0
2024-03-05 19:07:16,0.0,0.0,0.0,0.0,0.3698888888888889,0.06294545454545454,0.10549500197770612,0.9530770132756898,0.01991111111111111,0.31936363636363635,0.18383017163352955,0.5728105872074347,0.18888888888888886,0.015860606060606058,0.11498591549223713,0.5204330429708665,0.241,0.000509090909090909,0.18274483302367717,0.24565473461505638,0.004733333333333333,0.04941212121212121,0.016980394347488992,0.2027970602680835,0.06995555555555555,0.04693333333333333,0.03786560377287762,0.5099344461715213,0.0,0.0,0.0,0.0
2024-03-05 19:07:21,0.0,0.0,0.0,0.0,0.3698888888888889,0.06294545454545454,0.10549500197770612,0.9530770132756898,0.01991111111111111,0.31936363636363635,0.18383017163352955,0.5728105872074347,0.18888888888888886,0.015860606060606058,0.11498591549223713,0.5204330429708665,0.241,0.000509090909090909,0.18274483302367717,0.24565473461505638,0.004733333333333333,0.04941212121212121,0.016980394347488992,0.2027970602680835,0.06995555555555555,0.04693333333333333,0.03786560377287762,0.5099344461715213,0.0,0.0,0.0,0.0
2024-03-05 19:07:26,0.0,0.0,0.0,0.0,0.3698888888888889,0.06294545454545454,0.10549500197770612,0.9530770132756898,0.021155555555555556,0.3185272727272727,0.1874294104330273,0.5713089326976346,0.21302222222222222,0.015830303030303028,0.11250633481905215,0.5208050512748758,0.241,0.000509090909090909,0.18274483302367717,0.24565473461505638,0.004377777777777777,0.04926666666666667,0.019138755980835476,0.20206978284082616,0.07122855364921325,0.04666666666666666,0.03893765473765676,0.5096174105243909,0.0,0.0,0.0,0.0
2024-03-05 19:07:31,0.0,0.0,0.0,0.0,0.3896222222222222,0.0637030303030303,0.1238210877036926,0.9591089381487449,0.021155555555555556,0.3185272727272727,0.1874294104330273,0.5713089326976346,0.21302222222222222,0.015830303030303028,0.11250633481905215,0.5208050512748758,0.24957777777777776,0.000509090909090909,0.18311366452609457,0.24538456653031737,0.004377777777777777,0.04926666666666667,0.019138755980835476,0.20206978284082616,0.07122855364921325,0.04666666666666666,0.03893765473765676,0.5096174105243909,0.0,0.0,0.0,0.0
2024-03-05 19:07:36,0.0,0.0,0.0,0.0,0.3896222222222222,0.0637030303030303,0.1238210877036926,0.9591089381487449,0.021155555555555556,0.3185272727272727,0.1874294104330273,0.5713089326976346,0.21302222222222222,0.015830303030303028,0.11250633481905215,0.5208050512748758,0.24957777777777776,0.000509090909090909,0.18311366452609457,0.24538456653031737,0.004377777777777777,0.04926666666666667,0.019138755980835476,0.20206978284082616,0.07122855364921325,0.04666666666666666,0.03893765473765676,0.5096174105243909,0.0,0.0,0.0,0.0
2024-03-05 19:07:41,0.0,0.0,0.0,0.0,0.3896222222222222,0.0637030303030303,0.1238210877036926,0.9591089381487449,0.020933333333333335,0.31947272727272724,0.18577075098663365,0.5716187814924574,0.2074222222222222,0.01584242424242424,0.10384637044806289,0.5201778842241686,0.24957777777777776,0.000509090909090909,0.18311366452609457,0.24538456653031737,0.004555555555555556,0.048963636363636355,0.019297460566055857,0.20230889455819512,0.07295555555555555,0.046484848484848476,0.03792813026384101,0.5073757995460129,0.0,0.0,0.0,0.0
2024-03-05 19:07:46,0.0,0.0,0.0,0.0,0.3936,0.06323030303030303,0.12520472129654558,0.9586706211636111,0.020933333333333335,0.31947272727272724,0.18577075098663365,0.5716187814924574,0.2074222222222222,0.01584242424242424,0.10384637044806289,0.5201778842241686,0.2541555555555555,0.0005151515151515151,0.18054851607741507,0.24534226748674712,0.004555555555555556,0.048963636363636355,0.019297460566055857,0.20230889455819512,0.07295555555555555,0.046484848484848476,0.03792813026384101,0.5073757995460129,0.0,0.0,0.0,0.0
2024-03-05 19:07:51,0.0,0.0,0.0,0.0,0.3936,0.06323030303030303,0.12520472129654558,0.9586706211636111,0.020933333333333335,0.31947272727272724,0.18577075098663365,0.5716187814924574,0.2074222222222222,0.01584242424242424,0.10384637044806289,0.5201778842241686,0.2541555555555555,0.0005151515151515151,0.18054851607741507,0.24534226748674712,0.004555555555555556,0.048963636363636355,0.019297460566055857,0.20230889455819512,0.07295555555555555,0.046484848484848476,0.03792813026384101,0.5073757995460129,0.0,0.0,0.0,0.0
2024-03-05 19:07:56,0.0,0.0,0.0,0.0,0.3936,0.06323030303030303,0.12520472129654558,0.9586706211636111,0.01884444444444444,0.31929090909090907,0.1885514282507692,0.5734783915381795,0.22440000000000002,0.016284848484848485,0.11806807934951846,0.5198620679047262,0.2541555555555555,0.0005151515151515151,0.18054851607741507,0.24534226748674712,0.004555555555555556,0.04857575757575757,0.0202764976957458,0.2027717074664498,0.07308888888888888,0.046229182322852794,0.039738444699868314,0.5078776898337899,0.0,0.0,0.0,0.0
2024-03-05 19:08:01,0.0,0.0,0.0,0.0,0.40704444444444443,0.0638909090909091,0.1340998333274278,0.9591109774252096,0.01884444444444444,0.31929090909090907,0.1885514282507692,0.5734783915381795,0.22440000000000002,0.016284848484848485,0.11806807934951846,0.5198620679047262,0.2602,0.000509090909090909,0.17765010701802297,0.24488032719860753,0.004555555555555556,0.04857575757575757,0.0202764976957458,0.2027717074664498,0.07308888888888888,0.046229182322852794,0.039738444699868314,0.5078776898337899,0.0,0.0,0.0,0.0
2024-03-05 19:08:06,0.0,0.0,0.0,0.0,0.40704444444444443,0.0638909090909091,0.1340998333274278,0.9591109774252096,0.01884444444444444,0.31929090909090907,0.1885514282507692,0.5734783915381795,0.22440000000000002,0.016284848484848485,0.11806807934951846,0.5198620679047262,0.2602,0.000509090909090909,0.17765010701802297,0.24488032719860753,0.004555555555555556,0.04857575757575757,0.0202764976957458,0.2027717074664498,0.07308888888888888,0.046229182322852794,0.039738444699868314,0.5078776898337899,0.0,0.0,0.0,0.0
2024-03-05 19:08:11,0.0,0.0,0.0,0.0,0.40704444444444443,0.0638909090909091,0.1340998333274278,0.9591109774252096,0.01931111111111111,0.3193454545454545,0.18715099554636627,0.572320208814293,0.20497777777777776,0.01609090909090909,0.10581742411070505,0.5203682919422927,0.2602,0.000509090909090909,0.17765010701802297,0.24488032719860753,0.0050888888888888885,0.048169696969696967,0.018538682748401758,0.20275430848493645,0.07175555555555554,0.046048484848484846,0.03833230665830811,0.507528354316654,0.0,0.0,0.0,0.0
2024-03-05 19:08:16,0.0,0.0,0.0,0.0,0.395,0.0629090909090909,0.11905568733807947,0.9589065399596223,0.01931111111111111,0.3193454545454545,0.18715099554636627,0.572320208814293,0.20497777777777776,0.01609090909090909,0.10581742411070505,0.5203682919422927,0.26215555555555553,0.000509090909090909,0.17346478873340432,0.24476025249427907,0.0050888888888888885,0.048169696969696967,0.018538682748401758,0.20275430848493645,0.07175555555555554,0.046048484848484846,0.03833230665830811,0.507528354316654,0.0,0.0,0.0,0.0
2024-03-05 19:08:21,0.0,0.0,0.0,0.0,0.395,0.0629090909090909,0.11905568733807947,0.9589065399596223,0.01931111111111111,0.3193454545454545,0.18715099554636627,0.572320208814293,0.20497777777777776,0.01609090909090909,0.10581742411070505,0.5203682919422927,0.26215555555555553,0.000509090909090909,0.17346478873340432,0.24476025249427907,0.0050888888888888885,0.048169696969696967,0.018538682748401758,0.20275430848493645,0.07175555555555554,0.046048484848484846,0.03833230665830811,0.507528354316654,0.0,0.0,0.0,0.0
2024-03-05 19:08:26,0.0,0.0,0.0,0.0,0.395,0.0629090909090909,0.11905568733807947,0.9589065399596223,0.020533333333333334,0.31887272727272725,0.1867418899885981,0.5725685016715799,0.22228888888888887,0.01664242424242424,0.1127442698623885,0.5206088134832977,0.26215555555555553,0.000509090909090909,0.17346478873340432,0.24476025249427907,0.004911111111111111,0.04821212121212121,0.020330758289866635,0.20251420254005245,0.07257777777777777,0.04562424242424243,0.04002357630020348,0.5059277715276149,0.0,0.0,0.0,0.0
2024-03-05 19:08:31,0.0,0.0,0.0,0.0,0.3983777777777777,0.06314545454545455,0.11699604742956893,0.9590956828517242,0.020533333333333334,0.31887272727272725,0.1867418899885981,0.5725685016715799,0.22228888888888887,0.01664242424242424,0.1127442698623885,0.5206088134832977,0.2566222222222222,0.000509090909090909,0.13977464788800986,0.24515049528334654,0.004911111111111111,0.04821212121212121,0.020330758289866635,0.20251420254005245,0.07257777777777777,0.04562424242424243,0.04002357630020348,0.5059277715276149,0.0,0.0,0.0,0.0
2024-03-05 19:08:36,0.0,0.0,0.0,0.0,0.3983777777777777,0.06314545454545455,0.11699604742956893,0.9590956828517242,0.020533333333333334,0.31887272727272725,0.1867418899885981,0.5725685016715799,0.22228888888888887,0.01664242424242424,0.1127442698623885,0.5206088134832977,0.2566222222222222,0.000509090909090909,0.13977464788800986,0.24515049528334654,0.004911111111111111,0.04821212121212121,0.020330758289866635,0.20251420254005245,0.07257777777777777,0.04562424242424243,0.04002357630020348,0.5059277715276149,0.0,0.0,0.0,0.0
2024-03-05 19:08:41,0.0,0.0,0.0,0.0,0.3983777777777777,0.06314545454545455,0.11699604742956893,0.9590956828517242,0.021177777777777775,0.3188545454545454,0.19053261114776932,0.5738653145741183,0.2072,0.015848484848484848,0.09657811796387006,0.5210303153896076,0.2566222222222222,0.000509090909090909,0.13977464788800986,0.24515049528334654,0.005044444444444443,0.048375757575757565,0.01963248436101217,0.2028219159559597,0.07373333333333333,0.04556969696969697,0.03800775324437844,0.5063571113381489,0.0,0.0,0.0,0.0
2024-03-05 19:08:46,0.0,0.0,0.0,0.0,0.3970666666666667,0.06286666666666667,0.11044919393553265,0.959215745253584,0.021177777777777775,0.3188545454545454,0.19053261114776932,0.5738653145741183,0.2072,0.015848484848484848,0.09657811796387006,0.5210303153896076,0.2527555555555555,0.0005030303030303029,0.10591812602109818,0.24466994837780068,0.005044444444444443,0.048375757575757565,0.01963248436101217,0.2028219159559597,0.07373333333333333,0.04556969696969697,0.03800775324437844,0.5063571113381489,0.0,0.0,0.0,0.0
2024-03-05 19:08:51,0.0,0.0,0.0,0.0,0.3970666666666667,0.06286666666666667,0.11044919393553265,0.959215745253584,0.021177777777777775,0.3188545454545454,0.19053261114776932,0.5738653145741183,0.2072,0.015848484848484848,0.09657811796387006,0.5210303153896076,0.2527555555555555,0.0005030303030303029,0.10591812602109818,0.24466994837780068,0.005044444444444443,0.048375757575757565,0.01963248436101217,0.2028219159559597,0.07373333333333333,0.04556969696969697,0.03800775324437844,0.5063571113381489,0.0,0.0,0.0,0.0
2024-03-05 19:08:56,0.0,0.0,0.0,0.0,0.3970666666666667,0.06286666666666667,0.11044919393553265,0.959215745253584,0.018977777777777774,0.3181636363636363,0.1929765130980321,0.571819484885431,0.2121333333333333,0.015896969696969694,0.10268259693426351,0.5209583698023035,0.2527555555555555,0.0005030303030303029,0.10591812602109818,0.24466994837780068,0.004577777777777778,0.04844242424242423,0.020127118644125863,0.2030456171468454,0.07388888888888888,0.045563636363636355,0.038908866165048406,0.5072078402219846,0.0,0.0,0.0,0.0
2024-03-05 19:09:01,0.0,0.0,0.0,0.0,0.3948666666666667,0.06346666666666667,0.11087570621333709,0.9591337918306585,0.018977777777777774,0.3181636363636363,0.1929765130980321,0.571819484885431,0.2121333333333333,0.015896969696969694,0.10268259693426351,0.5209583698023035,0.2431333333333333,0.0004969696969696969,0.07015370756145933,0.2450877289606294,0.004577777777777778,0.04844242424242423,0.020127118644125863,0.2030456171468454,0.07388888888888888,0.045563636363636355,0.038908866165048406,0.5072078402219846,0.0,0.0,0.0,0.0
2024-03-05 19:09:06,0.0,0.0,0.0,0.0,0.3948666666666667,0.06346666666666667,0.11087570621333709,0.9591337918306585,0.018977777777777774,0.3181636363636363,0.1929765130980321,0.571819484885431,0.2121333333333333,0.015896969696969694,0.10268259693426351,0.5209583698023035,0.2431333333333333,0.0004969696969696969,0.07015370756145933,0.2450877289606294,0.004577777777777778,0.04844242424242423,0.020127118644125863,0.2030456171468454,0.07388888888888888,0.045563636363636355,0.038908866165048406,0.5072078402219846,0.0,0.0,0.0,0.0
2024-03-05 19:09:11,0.0,0.0,0.0,0.0,0.3948666666666667,0.06346666666666667,0.11087570621333709,0.9591337918306585,0.02031111111111111,0.31794545454545453,0.19751552794853777,0.5737390990383308,0.19157777777777776,0.015315151515151514,0.09504225352271445,0.5206135271597073,0.2431333333333333,0.0004969696969696969,0.07015370756145933,0.2450877289606294,0.00471111111111111,0.048703030303030304,0.018708053691260496,0.20326484431391342,0.07193333333333334,0.04557575757575757,0.03588879528219624,0.5080600598690513,0.0,0.0,0.0,0.0
2024-03-05 19:09:16,0.0,0.0,0.0,0.0,0.38880000000000003,0.06267878787878788,0.11332052875480925,0.9593698380814487,0.02031111111111111,0.31794545454545453,0.19751552794853777,0.5737390990383308,0.19157777777777776,0.015315151515151514,0.09504225352271445,0.5206135271597073,0.24464444444444444,0.0005030303030303029,0.06999774926831726,0.2454671799116012,0.00471111111111111,0.048703030303030304,0.018708053691260496,0.20326484431391342,0.07193333333333334,0.04557575757575757,0.03588879528219624,0.5080600598690513,0.0,0.0,0.0,0.0
2024-03-05 19:09:21,0.0,0.0,0.0,0.0,0.38880000000000003,0.06267878787878788,0.11332052875480925,0.9593698380814487,0.02031111111111111,0.31794545454545453,0.19751552794853777,0.5737390990383308,0.19157777777777776,0.015315151515151514,0.09504225352271445,0.5206135271597073,0.24464444444444444,0.0005030303030303029,0.06999774926831726,0.2454671799116012,0.00471111111111111,0.048703030303030304,0.018708053691260496,0.20326484431391342,0.07193333333333334,0.04557575757575757,0.03588879528219624,0.5080600598690513,0.0,0.0,0.0,0.0
2024-03-05 19:09:26,0.0,0.0,0.0,0.0,0.38880000000000003,0.06267878787878788,0.11332052875480925,0.9593698380814487,0.021133333333333334,0.3180727272727273,0.19087933175245753,0.5724795300643855,0.1978,0.0156,0.10759957185528335,0.5210597138451096,0.24464444444444444,0.0005030303030303029,0.06999774926831726,0.2454671799116012,0.004555555555555556,0.048593939393939384,0.01866286704114306,0.20303020662036217,0.07235555555555555,0.04552121212121212,0.03785391587409015,0.5084466644669627,0.0,0.0,0.0,0.0
2024-03-05 19:09:31,0.0,0.0,0.0,0.0,0.3964888888888889,0.06373939393939393,0.11548460016848405,0.9588750586291983,0.021133333333333334,0.3180727272727273,0.19087933175245753,0.5724795300643855,0.1978,0.0156,0.10759957185528335,0.5210597138451096,0.24333333333333335,0.0005030303030303029,0.07079745624376776,0.24532204829583232,0.004555555555555556,0.048593939393939384,0.01866286704114306,0.20303020662036217,0.07235555555555555,0.04552121212121212,0.03785391587409015,0.5084466644669627,0.0,0.0,0.0,0.0
2024-03-05 19:09:36,0.0,0.0,0.0,0.0,0.3964888888888889,0.06373939393939393,0.11548460016848405,0.9588750586291983,0.021133333333333334,0.3180727272727273,0.19087933175245753,0.5724795300643855,0.1978,0.0156,0.10759957185528335,0.5210597138451096,0.24333333333333335,0.0005030303030303029,0.07079745624376776,0.24532204829583232,0.004555555555555556,0.048593939393939384,0.01866286704114306,0.20303020662036217,0.07235555555555555,0.04552121212121212,0.03785391587409015,0.5084466644669627,0.0,0.0,0.0,0.0
2024-03-05 19:09:41,0.0,0.0,0.0,0.0,0.3964888888888889,0.06373939393939393,0.11548460016848405,0.9588750586291983,0.021355555555555555,0.31883636363636364,0.18984198645516925,0.5708868348402468,0.19564444444444445,0.01515151515151515,0.11126126126354907,0.5212785276658073,0.24333333333333335,0.0005030303030303029,0.07079745624376776,0.24532204829583232,0.004822222222222222,0.04853939393939393,0.017836674215114035,0.20229746094177206,0.07299188979002334,0.04553333333333333,0.0372974797480784,0.5055491176669357,0.0,0.0,0.0,0.0
2024-03-05 19:09:46,0.0,0.0,0.0,0.0,0.39635555555555557,0.06382424242424242,0.1142897486611133,0.9597948997695618,0.021355555555555555,0.31883636363636364,0.18984198645516925,0.5708868348402468,0.19564444444444445,0.01515151515151515,0.11126126126354907,0.5212785276658073,0.2475111111111111,0.000509090909090909,0.0720675105479649,0.24526424373775685,0.004822222222222222,0.04853939393939393,0.017836674215114035,0.20229746094177206,0.07299188979002334,0.04553333333333333,0.0372974797480784,0.5055491176669357,0.0,0.0,0.0,0.0
2024-03-05 19:09:51,0.0,0.0,0.0,0.0,0.39635555555555557,0.06382424242424242,0.1142897486611133,0.9597948997695618,0.021355555555555555,0.31883636363636364,0.18984198645516925,0.5708868348402468,0.19564444444444445,0.01515151515151515,0.11126126126354907,0.5212785276658073,0.2475111111111111,0.000509090909090909,0.0720675105479649,0.24526424373775685,0.004822222222222222,0.04853939393939393,0.017836674215114035,0.0,0.07299188979002334,0.04553333333333333,0.0372974797480784,0.0,0.0,0.0,0.0,0.0
2024-03-05 19:09:56,0.0,0.0,0.0,0.0,0.39635555555555557,0.06382424242424242,0.1142897486611133,0.9597948997695618,0.019155555555555554,0.31889090909090906,0.17970556715024377,0.5711573705993324,0.2081111111111111,0.015448484848484847,0.11824019828505639,0.5212446636221278,0.2475111111111111,0.000509090909090909,0.0720675105479649,0.24526424373775685,0.004533333333333333,0.048757575757575757,0.017879092636094884,0.0,0.07524444444444443,0.04553333333333333,0.03897672067633706,0.0,0.0,0.0,0.0,0.0
2024-03-05 19:10:01,0.0,0.0,0.0,0.0,0.4046222222222222,0.06447272727272726,0.11485282890883786,0.9599149621714216,0.019155555555555554,0.31889090909090906,0.17970556715024377,0.5711573705993324,0.2081111111111111,0.015448484848484847,0.11824019828505639,0.5212446636221278,0.2493111111111111,0.0005030303030303029,0.07131599684773848,0.24557683491018215,0.004533333333333333,0.048757575757575757,0.017879092636094884,0.0,0.07524444444444443,0.04553333333333333,0.03897672067633706,0.0,0.0,0.0,0.0,0.0
